projid,Study,msex,educ,race,spanish,apoe_genotype,age_at_visit_max,age_first_ad_dx,age_death,cts_mmse30_first_ad_dx,cts_mmse30_lv,pmi,braaksc,ceradsc,cogdx,dcfdx_lv,individualID,Sample ID
10101589,ROS,1.0,20.0,1.0,2.0,34.0,90+,90+,90+,18.0,5.0,9.91666666666667,4.0,2.0,4.0,4.0,R6939144,ROS10101589
86767530,MAP,0.0,10.0,1.0,2.0,33.0,90+,90+,90+,18.0,10.0,6.5,4.0,2.0,4.0,4.0,R3893503,MAP86767530
9650662,MAP,0.0,15.0,1.0,2.0,23.0,90+,90+,90+,0.0,0.0,3.85,3.0,2.0,4.0,4.0,R8937093,MAP9650662
50402855,MAP,0.0,21.0,1.0,2.0,33.0,90+,,,,27.0,,,,,1.0,R7139444,MAP50402855
20544321,ROS,0.0,16.0,1.0,2.0,23.0,90+,90+,,13.0,14.0,,,,,4.0,R4971237,ROS20544321
20630946,ROS,0.0,18.0,1.0,2.0,33.0,90+,90+,90+,,0.0,2.9,3.0,4.0,4.0,4.0,R4859661,ROS20630946
39136480,MAP,0.0,15.0,1.0,2.0,34.0,90+,90+,90+,10.0,0.0,4.91666666666667,4.0,1.0,4.0,4.0,R1954385,MAP39136480
87195990,MAP,0.0,17.0,1.0,2.0,34.0,90+,90+,90+,14.0,12.6923076923077,6.2,3.0,4.0,4.0,4.0,R9493876,MAP87195990
20718719,ROS,0.0,16.0,1.0,2.0,33.0,90+,90+,90+,22.0,5.0,5.58333333333333,5.0,2.0,4.0,5.0,R9075670,ROS20718719
10433070,ROS,1.0,13.0,1.0,2.0,23.0,90+,90+,90+,18.0,8.0,3.5,4.0,2.0,5.0,4.0,R1158585,ROS10433070
37865636,MAP,0.0,17.0,1.0,2.0,23.0,90+,90+,,19.0,19.0,,,,,4.0,R5186265,MAP37865636
68361020,ROS,0.0,19.0,1.0,2.0,33.0,90+,,90+,,24.0,24.0,4.0,4.0,2.0,2.0,R7972414,ROS68361020
11390174,ROS,1.0,12.0,1.0,2.0,33.0,90+,90+,90+,5.0,5.0,32.0,4.0,2.0,4.0,4.0,R2932087,ROS11390174
20969088,ROS,0.0,18.0,1.0,2.0,33.0,90+,,90+,,23.0,9.91666666666667,4.0,2.0,2.0,2.0,R2397348,ROS20969088
20860828,MAP,0.0,14.0,1.0,2.0,23.0,90+,,90+,,27.0,17.9666666666667,3.0,2.0,2.0,2.0,R1278313,MAP20860828
87121230,MAP,1.0,16.0,1.0,2.0,33.0,90+,90+,,25.0,25.0,,,,,4.0,R7786489,MAP87121230
47236602,MAP,0.0,12.0,1.0,2.0,33.0,90+,,90+,,26.0,5.0,5.0,2.0,1.0,1.0,R8292982,MAP47236602
73943687,MAP,0.0,20.0,1.0,2.0,33.0,90+,90+,90+,23.0,6.0,6.0,3.0,2.0,4.0,4.0,R1246326,MAP73943687
20920653,ROS,0.0,16.0,1.0,2.0,34.0,90+,90+,90+,10.3846153846154,10.3846153846154,8.71666666666667,4.0,1.0,4.0,4.0,R2893487,ROS20920653
79680333,MAP,0.0,16.0,1.0,2.0,33.0,90+,90+,90+,0.0,0.0,6.43333333333333,,,4.0,4.0,R1385706,MAP79680333
28314511,MAP,1.0,16.0,1.0,2.0,33.0,90+,90+,,24.0,18.0,,,,,4.0,R1807730,MAP28314511
77243760,ROS,0.0,20.0,1.0,2.0,,90+,,,,28.0,,,,,1.0,R1542621,ROS77243760
20191566,ROS,0.0,21.0,1.0,2.0,34.0,90+,90+,90+,22.0,12.0,3.91666666666667,4.0,3.0,4.0,4.0,R2963600,ROS20191566
18920002,MAP,0.0,17.0,1.0,2.0,23.0,90+,,90+,,26.0,6.76666666666667,4.0,2.0,1.0,1.0,R7651923,MAP18920002
20907246,ROS,0.0,13.0,1.0,2.0,33.0,90+,,90+,,20.7692307692308,5.75,3.0,3.0,2.0,2.0,R9566976,ROS20907246
20104101,ROS,0.0,18.0,1.0,2.0,23.0,90+,90+,90+,25.0,0.0,4.5,2.0,3.0,4.0,4.0,R4567280,ROS20104101
16597115,MAP,0.0,14.0,1.0,2.0,34.0,90+,90+,,18.0,18.0,,,,,4.0,R4759184,MAP16597115
98186040,MAP,0.0,13.0,1.0,2.0,33.0,90+,90+,,25.0,20.0,,,,,5.0,R3642560,MAP98186040
4330337,MAP,1.0,16.0,1.0,2.0,23.0,90+,90+,90+,23.0,21.0,8.45,3.0,3.0,4.0,2.0,R9938583,MAP4330337
50108200,MAP,0.0,13.0,1.0,2.0,23.0,90+,90+,90+,8.18181818181818,8.27586206896552,5.83333333333333,4.0,2.0,4.0,4.0,R5449861,MAP50108200
50305165,MAP,0.0,18.0,1.0,2.0,33.0,90+,,90+,,4.13793103448276,6.41666666666667,4.0,1.0,4.0,4.0,R2859649,MAP50305165
13419518,MAP,0.0,15.0,1.0,2.0,33.0,90+,,,,27.0,,,,,1.0,R8963111,MAP13419518
7287209,MAP,0.0,12.0,1.0,2.0,33.0,90+,90+,90+,16.0,16.0,5.2,4.0,1.0,4.0,4.0,R6820248,MAP7287209
46369736,MAP,0.0,16.0,1.0,2.0,23.0,90+,90+,90+,26.7857142857143,20.3571428571429,4.41666666666667,4.0,4.0,5.0,5.0,R5357999,MAP46369736
20503840,ROS,0.0,14.0,1.0,2.0,33.0,90+,90+,90+,8.07692307692307,8.07692307692307,5.3,5.0,1.0,5.0,4.0,R5089330,ROS20503840
21157406,ROS,0.0,18.0,1.0,2.0,33.0,90+,90+,90+,25.0,15.0,4.75,5.0,2.0,4.0,4.0,R2372607,ROS21157406
20911508,ROS,0.0,18.0,1.0,2.0,34.0,90+,90+,90+,24.0,0.0,8.0,5.0,1.0,4.0,4.0,R5394614,ROS20911508
50304024,MAP,0.0,14.0,1.0,2.0,33.0,90+,90+,90+,25.0,21.0,7.41666666666667,4.0,3.0,4.0,4.0,R8785791,MAP50304024
39405962,MAP,0.0,13.0,1.0,2.0,33.0,90+,90+,90+,20.0,20.0,8.55,4.0,1.0,4.0,4.0,R8527062,MAP39405962
21197684,ROS,0.0,20.0,1.0,2.0,34.0,90+,,90+,,16.0,12.0,4.0,2.0,4.0,4.0,R2807416,ROS21197684
2525608,MAP,0.0,14.0,1.0,2.0,33.0,90+,,90+,,26.0,4.83333333333333,3.0,4.0,1.0,1.0,R6108690,MAP2525608
5331374,MAP,0.0,9.0,1.0,2.0,33.0,90+,,90+,,22.0,6.75,5.0,2.0,2.0,2.0,R1408186,MAP5331374
17615774,MAP,0.0,12.0,1.0,2.0,33.0,90+,,90+,,24.8275862068966,8.0,5.0,1.0,2.0,1.0,R7202764,MAP17615774
82003527,MAP,0.0,15.0,1.0,2.0,33.0,90+,,90+,,24.0,5.63333333333333,5.0,1.0,1.0,1.0,R9594832,MAP82003527
7265221,MAP,0.0,18.0,1.0,2.0,34.0,90+,90+,90+,23.0,14.0,5.75,4.0,1.0,4.0,4.0,R5629689,MAP7265221
50108462,MAP,0.0,18.0,1.0,2.0,23.0,90+,90+,90+,23.0,18.0,5.66666666666667,3.0,2.0,4.0,4.0,R6802400,MAP50108462
20865035,ROS,0.0,16.0,1.0,2.0,23.0,90+,90+,90+,21.7241379310345,19.2857142857143,8.66666666666667,4.0,2.0,4.0,4.0,R2006886,ROS20865035
44472870,MAP,0.0,18.0,1.0,2.0,33.0,90+,,90+,,24.0,8.38333333333333,4.0,3.0,2.0,2.0,R7518527,MAP44472870
20201891,ROS,0.0,18.0,1.0,2.0,33.0,90+,,90+,,26.0,7.83333333333333,4.0,2.0,2.0,2.0,R8003745,ROS20201891
13666711,MAP,0.0,16.0,1.0,2.0,33.0,90+,,,,28.0,,,,,2.0,R7313733,MAP13666711
22677865,MAP,1.0,12.0,1.0,2.0,23.0,90+,,90+,,25.0,98.3166666666667,2.0,4.0,1.0,1.0,R6485343,MAP22677865
45212640,MAP,0.0,18.0,1.0,2.0,33.0,90+,90+,90+,24.0,20.7692307692308,20.8333333333333,5.0,2.0,4.0,4.0,R5203336,MAP45212640
22644848,MAP,0.0,12.0,1.0,2.0,33.0,90+,88.366872005475699,90+,17.0,0.0,15.6666666666667,5.0,1.0,4.0,4.0,R4524816,MAP22644848
10488101,ROS,1.0,13.0,1.0,2.0,33.0,90+,90+,90+,10.0,10.0,4.75,5.0,1.0,4.0,4.0,R4124678,ROS10488101
71514280,MAP,1.0,7.0,1.0,2.0,23.0,90+,,90+,,25.0,6.16666666666667,3.0,2.0,1.0,1.0,R7200691,MAP71514280
50106154,MAP,0.0,11.0,1.0,2.0,33.0,90+,,90+,,21.8181818181818,9.5,3.0,2.0,1.0,1.0,R2343042,MAP50106154
50108750,MAP,0.0,12.0,1.0,2.0,23.0,90+,90+,90+,23.0,2.0,8.33333333333333,4.0,4.0,4.0,4.0,R6155093,MAP50108750
36751041,MAP,0.0,16.0,1.0,2.0,33.0,90+,90+,90+,24.0,0.0,4.26666666666667,5.0,1.0,4.0,4.0,R9405392,MAP36751041
20280666,ROS,0.0,18.0,1.0,2.0,33.0,90+,,90+,,27.6,4.4,4.0,4.0,1.0,1.0,R3368249,ROS20280666
20927178,ROS,0.0,16.0,1.0,2.0,33.0,90+,,90+,,27.0,3.08333333333333,4.0,3.0,1.0,1.0,R9324027,ROS20927178
84732827,MAP,1.0,16.0,1.0,2.0,23.0,90+,,90+,,28.0,6.75,3.0,2.0,1.0,1.0,R8410904,MAP84732827
37439930,MAP,0.0,17.0,1.0,2.0,33.0,90+,,90+,,29.0,7.58333333333333,4.0,4.0,1.0,1.0,R8428404,MAP37439930
20233939,ROS,0.0,20.0,1.0,2.0,33.0,90+,,90+,,25.0,3.83333333333333,4.0,2.0,2.0,3.0,R7791442,ROS20233939
33084399,MAP,0.0,18.0,1.0,2.0,34.0,90+,90+,90+,26.0,19.0,5.41666666666667,,,4.0,4.0,R7647669,MAP33084399
50301675,MAP,0.0,8.0,1.0,2.0,23.0,90+,90+,90+,27.0,15.0,5.48333333333333,4.0,2.0,4.0,4.0,R8882846,MAP50301675
20261037,ROS,0.0,19.0,1.0,2.0,34.0,90+,90+,90+,16.0,0.0,7.25,5.0,1.0,4.0,5.0,R6526561,ROS20261037
20174533,ROS,0.0,24.0,1.0,2.0,33.0,90+,90+,90+,18.0,21.4285714285714,3.66666666666667,3.0,3.0,2.0,2.0,R1924916,ROS20174533
62574447,MAP,0.0,14.0,1.0,2.0,33.0,90+,90+,,18.0,4.0,,,,,4.0,R2606313,MAP62574447
89613947,MAP,0.0,12.0,1.0,2.0,33.0,90+,90+,90+,21.0,20.0,8.5,5.0,1.0,5.0,4.0,R7634339,MAP89613947
57833358,MAP,1.0,17.0,1.0,2.0,23.0,90+,,90+,,28.0,6.0,,,,2.0,R8237974,MAP57833358
50301963,MAP,0.0,15.0,1.0,2.0,33.0,90+,,90+,,22.0,4.5,3.0,2.0,2.0,2.0,R5574987,MAP50301963
17974060,MAP,0.0,16.0,1.0,2.0,23.0,90+,90+,,23.0,14.0,,,,,4.0,R3585562,MAP17974060
20549538,ROS,0.0,12.0,1.0,2.0,33.0,90+,82.614647501711161,90+,22.0,0.0,6.5,5.0,1.0,5.0,5.0,R9040031,ROS20549538
20925996,ROS,0.0,15.0,1.0,2.0,33.0,90+,89.667351129363453,90+,21.0,0.0,3.91666666666667,5.0,2.0,4.0,4.0,R8209563,ROS20925996
58143217,MAP,0.0,12.0,1.0,2.0,34.0,90+,,,,23.0,,,,,1.0,R6687810,MAP58143217
21123636,ROS,0.0,22.0,1.0,2.0,33.0,90+,90+,90+,23.5714285714286,19.2857142857143,19.3,3.0,1.0,2.0,2.0,R9996478,ROS21123636
20946121,ROS,0.0,16.0,1.0,2.0,33.0,90+,,90+,,30.0,12.5,4.0,2.0,1.0,1.0,R6024113,ROS20946121
20300213,ROS,0.0,19.0,1.0,2.0,33.0,90+,90+,90+,20.0,20.0,6.33333333333333,3.0,2.0,4.0,4.0,R7129766,ROS20300213
21128131,ROS,0.0,16.0,1.0,2.0,33.0,90+,,90+,,25.0,18.0,4.0,1.0,1.0,1.0,R4542109,ROS21128131
82325110,MAP,0.0,16.0,1.0,2.0,33.0,90+,90+,90+,27.0,23.0,6.75,5.0,2.0,4.0,4.0,R1438115,MAP82325110
22865387,MAP,1.0,14.0,1.0,2.0,33.0,90+,90+,90+,21.0,5.0,5.83333333333333,2.0,3.0,4.0,4.0,R2514881,MAP22865387
22100413,ROS,0.0,21.0,2.0,2.0,33.0,90+,90+,90+,16.0,16.0,17.5,4.0,1.0,4.0,4.0,R7630088,ROS22100413
77716758,MAP,0.0,12.0,1.0,2.0,33.0,90+,,,,27.0,,,,,1.0,R9389035,MAP77716758
66394957,MAP,1.0,19.0,1.0,2.0,33.0,90+,90+,90+,16.0,7.0,10.0,1.0,4.0,5.0,4.0,R5017181,MAP66394957
99750088,ROS,1.0,20.0,1.0,2.0,33.0,90+,90+,,21.0,9.0,,,,,4.0,R5477832,ROS99750088
20779708,ROS,0.0,20.0,1.0,2.0,34.0,90+,,,,27.0,,,,,2.0,R1920990,ROS20779708
20366419,ROS,0.0,18.0,1.0,2.0,33.0,90+,90+,90+,22.0,19.0,6.41666666666667,4.0,2.0,4.0,4.0,R5489358,ROS20366419
77868579,MAP,0.0,14.0,1.0,2.0,23.0,90+,90+,90+,20.0,20.0,18.8333333333333,5.0,2.0,2.0,4.0,R3769071,MAP77868579
20120255,ROS,0.0,20.0,1.0,2.0,33.0,90+,90+,90+,27.0,15.0,17.8333333333333,5.0,1.0,4.0,4.0,R3077672,ROS20120255
81874628,MAP,0.0,15.0,1.0,2.0,34.0,90+,90+,90+,24.0,24.0,6.26666666666667,5.0,1.0,4.0,4.0,R4927046,MAP81874628
36267530,MAP,0.0,10.0,1.0,2.0,24.0,90+,90+,90+,22.7586206896552,9.23076923076923,8.08333333333333,3.0,2.0,4.0,4.0,R9591840,MAP36267530
20634274,ROS,0.0,16.0,1.0,2.0,23.0,90+,90+,90+,25.0,25.0,7.93333333333333,4.0,2.0,4.0,4.0,R7289081,ROS20634274
50403284,MAP,0.0,16.0,1.0,2.0,33.0,90+,87.849418206707739,,29.0,0.0,,,,,5.0,R4980101,MAP50403284
21002812,ROS,0.0,12.0,1.0,2.0,23.0,90+,90+,90+,,8.0,5.33333333333333,3.0,4.0,4.0,4.0,R6823345,ROS21002812
50302554,MAP,1.0,16.0,1.0,2.0,33.0,90+,90+,90+,22.0,22.0,7.75,3.0,1.0,4.0,4.0,R2731324,MAP50302554
22789958,MAP,1.0,16.0,1.0,2.0,33.0,90+,90+,90+,21.0,13.0,5.78333333333333,5.0,2.0,4.0,4.0,R6828280,MAP22789958
20945666,ROS,0.0,16.0,1.0,2.0,34.0,90+,90+,90+,22.0,22.0,17.4166666666667,4.0,2.0,4.0,4.0,R9809661,ROS20945666
97882751,MAP,1.0,16.0,1.0,2.0,33.0,90+,,90+,,25.0,5.25,4.0,4.0,2.0,2.0,R2359479,MAP97882751
50112436,MAP,0.0,12.0,1.0,2.0,34.0,90+,90+,,16.0,16.0,,,,,4.0,R2382945,MAP50112436
50197261,MAP,0.0,13.0,1.0,2.0,33.0,90+,,90+,,25.0,3.91666666666667,1.0,2.0,1.0,1.0,R3825485,MAP50197261
50100194,MAP,0.0,16.0,1.0,2.0,33.0,90+,,,,23.0,,,,,1.0,R5703271,MAP50100194
67531158,MAP,1.0,12.0,1.0,2.0,33.0,90+,,90+,,15.0,22.5,4.0,1.0,2.0,2.0,R4600026,MAP67531158
64997274,MAP,0.0,14.0,1.0,2.0,23.0,90+,,90+,,27.0,7.11666666666667,4.0,3.0,1.0,2.0,R9038620,MAP64997274
20260284,ROS,0.0,16.0,1.0,2.0,33.0,90+,,90+,,0.0,19.0,5.0,1.0,4.0,4.0,R1777884,ROS20260284
20898476,ROS,0.0,16.0,1.0,2.0,33.0,90+,86.513347022587268,90+,,10.0,7.08333333333333,5.0,1.0,4.0,4.0,R7438391,ROS20898476
45563760,ROS,0.0,20.0,1.0,2.0,33.0,90+,90+,,18.0,22.0,,,,,4.0,R8612586,ROS45563760
22101130,ROS,0.0,21.0,2.0,2.0,23.0,90+,87.381245722108147,,28.0,20.0,,,,,4.0,R4712689,ROS22101130
20989910,ROS,0.0,16.0,1.0,2.0,33.0,90+,90+,90+,22.0,17.0,10.25,4.0,4.0,4.0,4.0,R8410459,ROS20989910
20966477,ROS,0.0,15.0,1.0,2.0,33.0,90+,90+,90+,24.0,24.0,4.5,4.0,2.0,4.0,4.0,R6068406,ROS20966477
20380417,ROS,0.0,18.0,1.0,2.0,34.0,90+,90+,90+,24.0,5.0,3.8,5.0,1.0,4.0,4.0,R5211056,ROS20380417
89968269,MAP,0.0,16.0,1.0,2.0,33.0,90+,,90+,,27.0,7.58333333333333,5.0,2.0,1.0,1.0,R3398498,MAP89968269
21412752,ROS,0.0,21.0,1.0,2.0,33.0,90+,90+,90+,23.0,23.0,1.95,4.0,2.0,4.0,4.0,R3937593,ROS21412752
37712486,MAP,0.0,16.0,1.0,2.0,33.0,90+,,90+,,29.0,10.4166666666667,4.0,1.0,1.0,1.0,R5413523,MAP37712486
64287431,MAP,0.0,15.0,1.0,2.0,33.0,90+,,90+,,24.5454545454546,18.3,4.0,4.0,2.0,2.0,R4620717,MAP64287431
62578487,MAP,0.0,16.0,2.0,2.0,24.0,90+,,90+,,16.0,6.08333333333333,5.0,1.0,4.0,4.0,R9188267,MAP62578487
50104260,MAP,0.0,16.0,1.0,2.0,33.0,90+,90+,,13.0,13.0,,,,,4.0,R8293576,MAP50104260
20922259,ROS,0.0,16.0,1.0,2.0,33.0,90+,90+,90+,19.0,2.0,4.66666666666667,3.0,2.0,4.0,4.0,R3589148,ROS20922259
20849279,ROS,0.0,20.0,1.0,1.0,33.0,90+,90+,90+,0.0,0.0,10.5333333333333,3.0,2.0,5.0,5.0,R1780449,ROS20849279
66788581,MAP,0.0,16.0,7.0,1.0,,90+,,,,27.0,,,,,4.0,R4661903,MAP66788581
20995742,ROS,0.0,16.0,1.0,2.0,33.0,90+,,90+,,24.0,4.43333333333333,3.0,3.0,2.0,2.0,R1729122,ROS20995742
72448817,MAP,0.0,17.0,1.0,2.0,33.0,90+,90+,,21.0,13.0,,,,,4.0,R2107842,MAP72448817
11392518,ROS,1.0,20.0,1.0,2.0,33.0,90+,,90+,,26.0,3.83333333333333,3.0,4.0,4.0,4.0,R5210462,ROS11392518
80976917,MAP,0.0,16.0,1.0,2.0,,90+,,,,29.0,,,,,1.0,R2860466,MAP80976917
50408491,MAP,0.0,15.0,1.0,2.0,33.0,90+,90+,90+,22.0,3.0,6.33333333333333,2.0,4.0,4.0,4.0,R2337940,MAP50408491
20596265,ROS,0.0,16.0,1.0,2.0,33.0,90+,,,,23.0,,,,,1.0,R2652017,ROS20596265
6272612,MAP,0.0,16.0,1.0,2.0,33.0,90+,,,,26.8965517241379,,,,,1.0,R2707159,MAP6272612
88941880,ROS,0.0,19.0,1.0,2.0,23.0,90+,87.154004106776185,,29.0,22.0,,,,,4.0,R4329242,ROS88941880
94362202,MAP,0.0,14.0,1.0,2.0,34.0,90+,90+,90+,21.0,7.0,,,,4.0,4.0,R8624557,MAP94362202
1809849,MAP,1.0,21.0,1.0,2.0,34.0,90+,,90+,,16.0,,,,4.0,4.0,R7410008,MAP1809849
246264,MAP,0.0,16.0,1.0,2.0,33.0,90+,,90+,,29.0,7.5,3.0,2.0,1.0,1.0,R1708627,MAP246264
39800111,MAP,0.0,13.0,1.0,2.0,33.0,90+,90+,90+,17.0,0.0,5.25,4.0,2.0,4.0,4.0,R5893965,MAP39800111
22200264,ROS,0.0,18.0,2.0,1.0,,90+,90+,90+,23.0,16.0,21.8833333333333,5.0,1.0,4.0,4.0,R6177417,ROS22200264
21135130,ROS,0.0,27.0,1.0,2.0,33.0,90+,90+,90+,23.0,0.0,7.75,3.0,3.0,4.0,4.0,R8553295,ROS21135130
87208386,MAP,0.0,17.0,1.0,2.0,33.0,90+,90+,90+,28.0,26.0,8.26666666666667,3.0,4.0,2.0,2.0,R9935606,MAP87208386
37251992,MAP,0.0,13.0,1.0,2.0,23.0,90+,,90+,,25.0,7.56666666666667,4.0,2.0,1.0,1.0,R6280004,MAP37251992
98919041,MAP,0.0,29.0,1.0,2.0,33.0,90+,90+,,24.0,20.0,,,,,4.0,R4767919,MAP98919041
78267114,MAP,0.0,12.0,1.0,2.0,33.0,90+,90+,,22.0,22.0,,,,,4.0,R1100603,MAP78267114
20923002,ROS,0.0,16.0,1.0,2.0,33.0,90+,90+,90+,25.0,17.0,6.0,5.0,2.0,4.0,5.0,R8680264,ROS20923002
5218242,MAP,0.0,17.0,1.0,2.0,33.0,90+,,,,29.0,,,,,1.0,R8994629,MAP5218242
20251391,ROS,0.0,18.0,1.0,2.0,33.0,90+,,90+,,28.0,7.58333333333333,3.0,1.0,1.0,1.0,R3927700,ROS20251391
20997924,ROS,0.0,18.0,1.0,2.0,24.0,90+,,90+,,24.0,4.0,3.0,2.0,2.0,2.0,R3376749,ROS20997924
95161041,MAP,1.0,18.0,1.0,2.0,23.0,90+,,,,29.0,,,,,1.0,R3637492,MAP95161041
5200652,MAP,0.0,15.0,1.0,2.0,33.0,90+,,90+,,19.0,,,,4.0,4.0,R4002662,MAP5200652
72205714,MAP,1.0,8.0,1.0,2.0,22.0,90+,90+,90+,14.0,14.0,54.5,4.0,2.0,4.0,4.0,R7043556,MAP72205714
46189516,MAP,0.0,20.0,1.0,2.0,23.0,90+,90+,,21.0,12.0,,,,,4.0,R7567093,MAP46189516
50105851,MAP,0.0,15.0,1.0,2.0,33.0,90+,90+,90+,22.0,7.0,8.83333333333333,2.0,1.0,4.0,6.0,R2511239,MAP50105851
40385646,MAP,0.0,18.0,1.0,2.0,33.0,90+,90+,,20.0,18.0,,,,,4.0,R1168603,MAP40385646
52175661,MAP,0.0,12.0,1.0,2.0,34.0,90+,90+,,16.0,16.0,,,,,4.0,R7069001,MAP52175661
3227207,MAP,0.0,12.0,1.0,2.0,33.0,90+,90+,,13.448275862069,13.448275862069,,,,,4.0,R3512054,MAP3227207
91897758,MAP,0.0,17.0,1.0,2.0,33.0,90+,90+,90+,17.1428571428571,0.0,5.66666666666667,5.0,1.0,4.0,4.0,R7381411,MAP91897758
82478522,MAP,1.0,14.0,1.0,2.0,33.0,90+,,90+,,28.0,7.25,4.0,1.0,1.0,1.0,R4247618,MAP82478522
20474724,ROS,0.0,16.0,1.0,2.0,33.0,90+,90+,90+,26.0,0.0,4.36666666666667,5.0,1.0,4.0,4.0,R5853923,ROS20474724
70636113,MAP,0.0,12.0,1.0,2.0,34.0,90+,90+,90+,18.0,18.0,6.33333333333333,4.0,1.0,4.0,4.0,R2745248,MAP70636113
20559562,ROS,0.0,16.0,1.0,2.0,23.0,90+,90+,90+,25.0,23.0,5.0,3.0,3.0,4.0,4.0,R9101835,ROS20559562
53161629,MAP,1.0,16.0,1.0,2.0,,90+,,,,29.0,,,,,2.0,R6235554,MAP53161629
50302130,MAP,0.0,16.0,1.0,2.0,34.0,90+,90+,,19.0,11.0,,,,,4.0,R6041367,MAP50302130
60370977,MAP,0.0,16.0,1.0,2.0,33.0,90+,90+,,24.0,21.0,,,,,4.0,R3850139,MAP60370977
50301251,MAP,1.0,12.0,1.0,2.0,23.0,90+,,90+,,16.0,5.75,3.0,3.0,4.0,2.0,R6755075,MAP50301251
50408653,MAP,0.0,13.0,1.0,2.0,34.0,90+,84.599589322381931,90+,23.0,0.0,5.83333333333333,5.0,1.0,4.0,4.0,R6489474,MAP50408653
50405592,MAP,0.0,12.0,1.0,2.0,33.0,90+,90+,,23.0,27.0,,,,,2.0,R1333133,MAP50405592
55897318,MAP,0.0,14.0,1.0,2.0,33.0,90+,90+,90+,16.0,16.0,7.35,4.0,2.0,4.0,4.0,R3341095,MAP55897318
43191312,MAP,1.0,16.0,1.0,2.0,33.0,90+,,,,23.0,,,,,4.0,R3721982,MAP43191312
20254290,ROS,0.0,18.0,1.0,2.0,33.0,90+,89.560574948665291,90+,21.0,0.0,5.66666666666667,5.0,1.0,4.0,4.0,R2727955,ROS20254290
97929179,ROS,1.0,30.0,1.0,2.0,34.0,90+,,90+,,16.0,4.0,5.0,1.0,4.0,6.0,R1177802,ROS97929179
44655449,MAP,0.0,18.0,1.0,2.0,34.0,90+,90+,,22.0,21.0,,,,,4.0,R4694039,MAP44655449
62937100,ROS,0.0,20.0,1.0,2.0,33.0,90+,90+,90+,24.0,3.0,16.5166666666667,5.0,1.0,4.0,4.0,R9425423,ROS62937100
50401390,MAP,1.0,17.0,1.0,2.0,33.0,90+,86.507871321012999,90+,27.0,20.0,8.08333333333333,5.0,2.0,4.0,4.0,R5681710,MAP50401390
285563,MAP,0.0,12.0,1.0,2.0,33.0,90+,90+,90+,25.0,0.0,6.33333333333333,3.0,2.0,4.0,4.0,R1571846,MAP285563
76867532,MAP,0.0,14.0,1.0,2.0,33.0,90+,90+,90+,17.5862068965517,24.4444444444444,8.16666666666667,3.0,1.0,4.0,4.0,R5546461,MAP76867532
50302680,MAP,0.0,14.0,1.0,2.0,33.0,90+,90+,90+,24.0,26.0,8.58333333333333,5.0,2.0,2.0,2.0,R8380498,MAP50302680
20501668,ROS,0.0,18.0,1.0,2.0,34.0,90+,87.285420944558524,90+,23.0,6.0,3.83333333333333,5.0,1.0,4.0,4.0,R9680160,ROS20501668
48013463,MAP,0.0,12.0,1.0,2.0,33.0,90+,89.620807665982198,90+,19.0,3.0,5.73333333333333,,,6.0,6.0,R3799220,MAP48013463
52052115,MAP,0.0,13.0,1.0,2.0,33.0,90+,90+,,21.0,18.0,,,,,4.0,R5729611,MAP52052115
21111718,ROS,0.0,16.0,1.0,2.0,33.0,90+,,90+,,25.0,11.75,0.0,2.0,1.0,1.0,R7063792,ROS21111718
21176459,ROS,0.0,16.0,1.0,2.0,33.0,90+,90+,90+,15.0,15.0,12.75,4.0,1.0,4.0,4.0,R2565200,ROS21176459
20297791,ROS,0.0,12.0,1.0,2.0,33.0,90+,90+,90+,24.0,23.0,10.0,4.0,2.0,2.0,2.0,R5789564,ROS20297791
74078795,MAP,0.0,13.0,1.0,2.0,33.0,90+,90+,90+,26.0,22.0,10.4333333333333,4.0,2.0,4.0,4.0,R8763937,MAP74078795
2959960,MAP,0.0,17.0,1.0,2.0,34.0,90+,,,,29.0,,,,,1.0,R6749313,MAP2959960
21123474,ROS,0.0,18.0,1.0,2.0,23.0,90+,,90+,,18.0,11.5166666666667,4.0,1.0,4.0,4.0,R8445323,ROS21123474
38618915,MAP,0.0,14.0,1.0,2.0,23.0,90+,90+,90+,23.0,23.0,,,,4.0,4.0,R5019709,MAP38618915
35395295,MAP,0.0,13.0,1.0,2.0,,90+,,,,26.0,,,,,1.0,R9323328,MAP35395295
20574151,ROS,0.0,12.0,1.0,2.0,23.0,90+,,90+,,20.0,7.35,4.0,2.0,2.0,2.0,R1568516,ROS20574151
10200901,ROS,1.0,18.0,1.0,2.0,34.0,90+,90+,90+,22.0,16.0,16.4166666666667,5.0,1.0,4.0,4.0,R7168774,ROS10200901
58306828,MAP,0.0,12.0,1.0,2.0,34.0,90+,85.242984257357975,,24.0,0.0,,,,,4.0,R6973877,MAP58306828
39539033,MAP,1.0,19.0,1.0,2.0,33.0,90+,,,,28.0,,,,,1.0,R3305859,MAP39539033
43074402,MAP,1.0,16.0,1.0,2.0,34.0,90+,,90+,,26.0,3.91666666666667,3.0,3.0,2.0,2.0,R1969233,MAP43074402
20944237,ROS,0.0,16.0,1.0,2.0,23.0,90+,,90+,,26.0,3.0,4.0,2.0,2.0,2.0,R6849345,ROS20944237
20223617,ROS,0.0,21.0,1.0,2.0,33.0,90+,90+,90+,,6.0,10.0833333333333,5.0,1.0,4.0,4.0,R9323873,ROS20223617
12799845,MAP,0.0,13.0,1.0,2.0,33.0,90+,,90+,,27.8571428571429,6.21666666666667,4.0,1.0,1.0,1.0,R8029745,MAP12799845
20594407,ROS,0.0,7.0,1.0,2.0,33.0,90+,87.00342231348391,90+,17.0,2.0,6.86666666666667,5.0,1.0,4.0,4.0,R7959406,ROS20594407
31914288,MAP,0.0,12.0,1.0,2.0,33.0,90+,,,,23.0,,,,,2.0,R5080584,MAP31914288
28680644,MAP,0.0,16.0,1.0,2.0,44.0,90+,90+,,24.0,23.0,,,,,2.0,R3507326,MAP28680644
20906493,ROS,0.0,7.0,1.0,2.0,33.0,90+,,90+,,16.6666666666667,17.5833333333333,3.0,2.0,3.0,2.0,R4053976,ROS20906493
20266406,ROS,0.0,18.0,1.0,2.0,33.0,90+,89.130732375085557,90+,14.0,0.0,17.9,5.0,1.0,4.0,4.0,R2058019,ROS20266406
20268976,ROS,0.0,21.0,1.0,2.0,34.0,90+,,90+,,28.0,15.0333333333333,2.0,4.0,1.0,1.0,R2918150,ROS20268976
50107907,MAP,0.0,18.0,1.0,2.0,34.0,90+,89.062286105407253,90+,25.0,3.0,4.16666666666667,4.0,4.0,4.0,4.0,R7157957,MAP50107907
50304998,MAP,0.0,12.0,1.0,2.0,33.0,90+,86.075290896646138,90+,22.0,0.0,7.16666666666667,5.0,1.0,4.0,4.0,R3090020,MAP50304998
88499289,MAP,0.0,16.0,1.0,2.0,33.0,90+,,,,27.0,,,,,2.0,R9769142,MAP88499289
67216828,MAP,0.0,16.0,1.0,2.0,33.0,90+,90+,90+,24.0,20.0,6.25,5.0,2.0,4.0,2.0,R3151599,MAP67216828
14074375,MAP,0.0,12.0,1.0,2.0,34.0,90+,90+,,15.0,1.0,,,,,5.0,R1673161,MAP14074375
10432641,ROS,1.0,12.0,2.0,2.0,34.0,90+,,90+,,9.0,4.75,4.0,2.0,4.0,4.0,R1913204,ROS10432641
20959216,ROS,0.0,12.0,1.0,2.0,33.0,90+,90+,90+,14.0,12.0,8.58333333333333,5.0,2.0,4.0,4.0,R2008064,ROS20959216
94328246,MAP,1.0,12.0,1.0,2.0,33.0,90+,90+,90+,16.0,20.0,16.3666666666667,5.0,1.0,2.0,2.0,R7177533,MAP94328246
33657002,MAP,0.0,12.0,1.0,2.0,33.0,90+,,90+,,27.0,6.93333333333333,3.0,2.0,4.0,1.0,R6604404,MAP33657002
59796318,ROS,1.0,20.0,1.0,2.0,23.0,90+,90+,90+,25.0,25.0,6.51666666666667,4.0,2.0,4.0,4.0,R5989293,ROS59796318
20909680,ROS,0.0,20.0,1.0,2.0,34.0,90+,,90+,,0.0,22.6166666666667,5.0,1.0,4.0,4.0,R9540976,ROS20909680
4981936,MAP,0.0,12.0,1.0,2.0,33.0,90+,,90+,,27.0,7.26666666666667,4.0,2.0,1.0,1.0,R2120850,MAP4981936
11606935,ROS,1.0,16.0,1.0,2.0,34.0,90+,,90+,,18.0,3.91666666666667,3.0,2.0,4.0,4.0,R1830086,ROS11606935
45800230,MAP,0.0,12.0,1.0,2.0,23.0,90+,,90+,,23.0,5.95,4.0,3.0,2.0,2.0,R6754596,MAP45800230
33006377,MAP,0.0,12.0,1.0,2.0,33.0,90+,90+,90+,14.4444444444444,14.4444444444444,,,,5.0,4.0,R3649358,MAP33006377
20148879,ROS,0.0,18.0,1.0,2.0,34.0,90+,,90+,,20.4,4.16666666666667,3.0,2.0,4.0,2.0,R2472304,ROS20148879
69528865,MAP,0.0,13.0,1.0,2.0,33.0,90+,,,,29.0,,,,,1.0,R6843921,MAP69528865
50406183,MAP,0.0,16.0,1.0,2.0,34.0,90+,,90+,,25.0,7.0,4.0,1.0,2.0,2.0,R6835201,MAP50406183
29821047,MAP,1.0,16.0,1.0,2.0,34.0,90+,,90+,,28.0,6.9,1.0,3.0,1.0,1.0,R8093392,MAP29821047
20706215,ROS,0.0,16.0,1.0,2.0,33.0,90+,90+,90+,27.0,9.0,4.45,5.0,2.0,4.0,4.0,R9809441,ROS20706215
47371712,MAP,0.0,14.0,1.0,2.0,33.0,90+,90+,90+,18.0,8.57142857142857,,,,4.0,4.0,R7354694,MAP47371712
20282974,ROS,0.0,22.0,1.0,2.0,24.0,90+,,90+,,26.0,,4.0,1.0,1.0,1.0,R9402855,ROS20282974
18414513,MAP,1.0,16.0,1.0,2.0,33.0,90+,,90+,,4.0,3.08333333333333,5.0,2.0,4.0,4.0,R9771008,MAP18414513
21232244,ROS,0.0,16.0,1.0,2.0,33.0,90+,89.475701574264207,90+,24.0,25.0,9.91666666666667,4.0,2.0,2.0,2.0,R5026720,ROS21232244
21608092,MAP,0.0,17.0,1.0,2.0,34.0,90+,,90+,,29.0,7.91666666666667,4.0,1.0,2.0,2.0,R3226437,MAP21608092
66586257,ROS,1.0,20.0,1.0,2.0,33.0,90+,,90+,,27.0,9.38333333333333,4.0,1.0,2.0,1.0,R8566070,ROS66586257
90447310,MAP,0.0,16.0,1.0,2.0,33.0,90+,90+,90+,18.0,19.2,3.83333333333333,4.0,4.0,4.0,4.0,R4022468,MAP90447310
21411747,ROS,0.0,16.0,1.0,2.0,33.0,90+,,,,28.0,,,,,1.0,R1147433,ROS21411747
21160753,ROS,0.0,18.0,1.0,2.0,33.0,90+,90+,90+,22.0,13.0,20.65,5.0,1.0,4.0,4.0,R5933484,ROS21160753
18126826,MAP,1.0,25.0,1.0,2.0,34.0,90+,90+,,19.0,17.0,,,,,4.0,R2151368,MAP18126826
20522343,ROS,0.0,16.0,1.0,2.0,33.0,90+,,90+,,23.0,5.03333333333333,3.0,2.0,2.0,2.0,R4516201,ROS20522343
20248206,ROS,0.0,20.0,1.0,2.0,33.0,90+,90+,90+,20.0,20.0,13.1666666666667,4.0,1.0,4.0,4.0,R6975380,ROS20248206
77743003,MAP,0.0,12.0,1.0,2.0,33.0,90+,,90+,,17.5862068965517,8.33333333333333,3.0,2.0,4.0,4.0,R4364014,MAP77743003
20108141,ROS,0.0,17.0,1.0,2.0,33.0,90+,90+,90+,23.0769230769231,10.9090909090909,4.5,3.0,4.0,4.0,4.0,R2370974,ROS20108141
68778359,MAP,0.0,16.0,1.0,2.0,34.0,90+,90+,90+,25.0,25.0,21.7333333333333,5.0,2.0,4.0,4.0,R1956458,MAP68778359
24969970,MAP,1.0,14.0,1.0,2.0,33.0,90+,90+,,21.0,21.0,,,,,4.0,R2259112,MAP24969970
44842532,MAP,1.0,22.0,1.0,2.0,34.0,90+,,90+,,26.0,6.81666666666667,5.0,2.0,1.0,2.0,R8436904,MAP44842532
58014515,MAP,0.0,16.0,1.0,2.0,33.0,90+,90+,90+,22.0,22.0,,,,6.0,5.0,R5999311,MAP58014515
72717425,MAP,0.0,12.0,1.0,2.0,33.0,90+,89.711156741957566,90+,18.0,8.0,7.91666666666667,,,4.0,4.0,R1413149,MAP72717425
20946545,ROS,0.0,16.0,1.0,2.0,34.0,90+,90+,90+,24.0,16.0,18.5,5.0,1.0,4.0,4.0,R7384738,ROS20946545
15846869,ROS,1.0,23.0,1.0,2.0,33.0,90+,,90+,,27.0,19.4166666666667,5.0,2.0,2.0,3.0,R1640475,ROS15846869
20171346,ROS,0.0,18.0,1.0,2.0,33.0,90+,89.607118412046546,90+,26.0,10.0,7.5,4.0,1.0,5.0,4.0,R1485843,ROS20171346
20912775,ROS,0.0,12.0,2.0,2.0,34.0,90+,90+,90+,23.0,21.0,21.75,4.0,2.0,4.0,4.0,R9185055,ROS20912775
92393245,MAP,0.0,12.0,1.0,2.0,23.0,90+,,90+,,26.0,8.28333333333333,5.0,1.0,1.0,1.0,R4937504,MAP92393245
27313862,MAP,0.0,16.0,1.0,2.0,22.0,90+,,90+,,28.0,4.83333333333333,3.0,3.0,1.0,1.0,R3922205,MAP27313862
22202572,ROS,0.0,19.0,2.0,2.0,33.0,90+,90+,90+,23.0,23.0,,,,4.0,4.0,R5365619,ROS22202572
22201855,ROS,0.0,16.0,2.0,2.0,33.0,90+,89.125256673511288,90+,29.0,21.6,58.5,5.0,2.0,5.0,4.0,R6953186,ROS22201855
88029789,MAP,0.0,12.0,1.0,2.0,23.0,90+,90+,90+,16.0,16.0,6.41666666666667,5.0,2.0,4.0,4.0,R7269170,MAP88029789
53825614,MAP,0.0,13.0,1.0,2.0,33.0,90+,,,,28.8461538461539,,,,,1.0,R8095465,MAP53825614
50406471,MAP,0.0,13.0,1.0,2.0,23.0,90+,,90+,,28.0,4.21666666666667,2.0,4.0,1.0,2.0,R9022748,MAP50406471
37326968,MAP,0.0,13.0,1.0,2.0,,90+,,90+,,25.0,4.18333333333333,4.0,1.0,2.0,2.0,R3445043,MAP37326968
10290427,ROS,1.0,20.0,1.0,2.0,24.0,90+,85.295003422313485,90+,27.0,18.0,3.08333333333333,1.0,4.0,4.0,4.0,R8553415,ROS10290427
72650337,MAP,0.0,14.0,1.0,2.0,33.0,90+,,90+,,21.1111111111111,6.0,4.0,4.0,2.0,2.0,R6622577,MAP72650337
35847634,MAP,1.0,16.0,1.0,2.0,33.0,90+,,,,24.0,,,,,2.0,R4039714,MAP35847634
84949680,MAP,0.0,12.0,1.0,2.0,23.0,90+,,,,28.0,,,,,1.0,R5700174,MAP84949680
40622080,MAP,0.0,15.0,1.0,2.0,34.0,90+,90+,,20.0,20.0,,,,,4.0,R8329286,MAP40622080
67725478,MAP,0.0,16.0,1.0,2.0,23.0,90+,,90+,,27.0,13.25,4.0,4.0,1.0,1.0,R7506996,MAP67725478
16583691,MAP,1.0,16.0,1.0,2.0,33.0,90+,,90+,,27.0,6.16666666666667,3.0,4.0,1.0,1.0,R8284602,MAP16583691
21156815,ROS,0.0,22.0,1.0,2.0,33.0,90+,87.154004106776185,90+,28.0,1.0,,5.0,1.0,4.0,4.0,R8432213,ROS21156815
21274154,ROS,0.0,18.0,1.0,2.0,23.0,90+,90+,90+,26.0,0.0,10.35,3.0,2.0,4.0,4.0,R9683607,ROS21274154
20530195,ROS,0.0,8.0,1.0,2.0,33.0,90+,,90+,,0.0,6.16666666666667,5.0,1.0,4.0,4.0,R2584307,ROS20530195
35170130,MAP,1.0,12.0,1.0,2.0,33.0,90+,90+,90+,17.0,11.0,9.0,3.0,2.0,4.0,4.0,R5173480,MAP35170130
81795552,MAP,0.0,14.0,1.0,2.0,33.0,90+,,90+,,25.0,7.91666666666667,5.0,2.0,2.0,2.0,R1791486,MAP81795552
50101523,MAP,1.0,18.0,1.0,2.0,23.0,90+,,90+,,26.0,4.0,3.0,3.0,1.0,1.0,R7483736,MAP50101523
60922329,MAP,0.0,13.0,1.0,2.0,34.0,90+,,90+,,28.0,4.5,4.0,1.0,1.0,1.0,R4996203,MAP60922329
21000342,ROS,0.0,16.0,1.0,2.0,33.0,90+,90+,90+,13.0,13.0,8.58333333333333,5.0,1.0,4.0,4.0,R1258062,ROS21000342
21274316,ROS,0.0,21.0,1.0,2.0,33.0,90+,90+,,6.0,0.0,,,,,4.0,R7617745,ROS21274316
86072386,ROS,0.0,19.0,1.0,2.0,24.0,90+,,90+,,29.0,12.4166666666667,4.0,2.0,1.0,1.0,R2740523,ROS86072386
24930281,MAP,0.0,16.0,1.0,2.0,33.0,90+,,90+,,24.0,7.5,4.0,2.0,2.0,2.0,R5221289,MAP24930281
50109927,MAP,1.0,11.0,1.0,2.0,23.0,90+,90+,90+,16.0,16.0,5.5,4.0,2.0,4.0,4.0,R7641350,MAP50109927
11323939,ROS,1.0,24.0,1.0,2.0,33.0,90+,,,,24.0,,,,,2.0,R5222873,ROS11323939
20954847,ROS,0.0,20.0,1.0,2.0,23.0,90+,90+,90+,15.0,26.0,24.0,4.0,2.0,3.0,3.0,R4580743,ROS20954847
50300534,MAP,0.0,16.0,1.0,2.0,33.0,90+,,90+,,29.0,6.25,4.0,1.0,2.0,2.0,R4789993,MAP50300534
33267670,ROS,0.0,16.0,1.0,2.0,33.0,90+,,,,26.0,,,,,1.0,R2086315,ROS33267670
84945776,MAP,0.0,16.0,1.0,2.0,33.0,90+,90+,90+,18.0,8.0,,,,4.0,4.0,R5131595,MAP84945776
50500424,MAP,0.0,18.0,1.0,2.0,33.0,90+,90+,90+,21.0,19.0,8.75,4.0,4.0,4.0,4.0,R2706450,MAP50500424
77143621,MAP,1.0,14.0,1.0,2.0,33.0,90+,,90+,,23.0,5.18333333333333,2.0,1.0,2.0,2.0,R4078277,MAP77143621
20207013,ROS,0.0,23.0,1.0,2.0,23.0,90+,,90+,,27.0,4.16666666666667,1.0,4.0,1.0,1.0,R2880377,ROS20207013
74067756,MAP,0.0,14.0,1.0,2.0,33.0,90+,90+,90+,14.4444444444444,25.0,,,,5.0,4.0,R7659290,MAP74067756
15193075,ROS,1.0,20.0,1.0,2.0,33.0,90+,,90+,,25.0,10.2166666666667,4.0,4.0,2.0,2.0,R1808879,ROS15193075
89437343,MAP,0.0,13.0,1.0,2.0,33.0,90+,90+,90+,21.7241379310345,21.7241379310345,10.0,5.0,1.0,4.0,4.0,R6774512,MAP89437343
50108048,MAP,0.0,12.0,1.0,2.0,33.0,90+,89.924709103353862,90+,28.0,0.0,7.0,5.0,1.0,4.0,4.0,R1489314,MAP50108048
21274578,ROS,0.0,16.0,1.0,2.0,33.0,90+,,,,29.0,,,,,1.0,R3445823,ROS21274578
20974481,ROS,0.0,16.0,1.0,2.0,33.0,90+,,90+,,25.7142857142857,15.7333333333333,4.0,2.0,2.0,2.0,R3784607,ROS20974481
39721045,MAP,0.0,18.0,1.0,2.0,34.0,90+,,90+,,27.0,16.0,5.0,1.0,2.0,2.0,R4005989,MAP39721045
47520485,MAP,0.0,10.0,1.0,2.0,33.0,90+,90+,90+,8.57142857142857,8.57142857142857,8.75,3.0,2.0,4.0,4.0,R2462626,MAP47520485
20723662,ROS,0.0,,1.0,2.0,34.0,90+,87.816563997262151,90+,24.0,0.0,5.0,5.0,1.0,4.0,4.0,R5937280,ROS20723662
20170043,ROS,0.0,24.0,1.0,2.0,33.0,90+,83.723477070499655,90+,27.0,0.0,4.25,5.0,1.0,4.0,4.0,R9094222,ROS20170043
42174519,MAP,0.0,12.0,1.0,2.0,33.0,90+,90+,,5.0,2.0,,,,,4.0,R3892024,MAP42174519
45635549,MAP,0.0,15.0,2.0,2.0,34.0,90+,,90+,,27.0,7.83333333333333,4.0,1.0,2.0,2.0,R5695074,MAP45635549
15114174,ROS,1.0,22.0,1.0,2.0,33.0,90+,,90+,,29.0,5.08333333333333,4.0,2.0,1.0,1.0,R8998310,ROS15114174
92068279,MAP,0.0,8.0,1.0,2.0,23.0,90+,90+,,22.0,11.0,,,,,4.0,R7210599,MAP92068279
16513683,MAP,0.0,11.0,1.0,2.0,34.0,90+,90+,90+,15.5555555555556,19.6153846153846,7.08333333333333,4.0,1.0,5.0,4.0,R2721311,MAP16513683
23690880,MAP,0.0,14.0,1.0,2.0,23.0,90+,,90+,,28.8,6.41666666666667,2.0,4.0,1.0,1.0,R6531744,MAP23690880
65309742,MAP,0.0,10.0,1.0,2.0,33.0,90+,90+,90+,21.0,6.0,9.25,5.0,1.0,4.0,4.0,R9823938,MAP65309742
22237221,ROS,0.0,18.0,2.0,1.0,34.0,90+,,90+,,3.0,13.0,5.0,2.0,4.0,4.0,R6554867,ROS22237221
96091926,MAP,0.0,12.0,1.0,2.0,34.0,90+,85.144421629021224,90+,16.0,0.0,7.96666666666667,5.0,1.0,4.0,4.0,R9538785,MAP96091926
47214624,MAP,0.0,12.0,1.0,2.0,33.0,90+,,90+,,13.0,,,,4.0,4.0,R4254524,MAP47214624
85980779,MAP,0.0,12.0,1.0,2.0,33.0,90+,88.785763175906908,90+,23.0,0.0,19.25,5.0,1.0,4.0,4.0,R3010591,MAP85980779
10298795,ROS,1.0,24.0,1.0,2.0,33.0,90+,90+,90+,11.0,7.0,5.0,5.0,1.0,4.0,4.0,R4236906,ROS10298795
98322204,MAP,1.0,14.0,1.0,2.0,34.0,90+,90+,90+,22.0,22.0,5.05,5.0,2.0,4.0,4.0,R7577991,MAP98322204
10266369,ROS,1.0,18.0,1.0,2.0,34.0,90+,90+,,28.0,20.0,,,,,2.0,R5859127,ROS10266369
26638610,ROS,1.0,22.0,1.0,1.0,,90+,,90+,,4.0,,,,4.0,4.0,R1181271,ROS26638610
33400773,MAP,1.0,14.0,1.0,2.0,23.0,90+,,90+,,22.0,7.11666666666667,5.0,2.0,3.0,3.0,R2348092,MAP33400773
62651593,MAP,0.0,11.0,1.0,2.0,33.0,90+,,90+,,25.0,,,,,1.0,R6778423,MAP62651593
61389630,MAP,0.0,12.0,1.0,2.0,23.0,90+,90+,90+,25.0,5.0,8.26666666666667,3.0,2.0,4.0,4.0,R5699650,MAP61389630
92854153,ROS,0.0,20.0,1.0,1.0,,90+,85.360711841204647,90+,21.0,17.0,,,,,4.0,R9351399,ROS92854153
51599255,MAP,0.0,16.0,1.0,2.0,33.0,90+,,,,28.0,,,,,1.0,R2920676,MAP51599255
33646937,MAP,0.0,14.0,1.0,2.0,33.0,90+,,90+,,24.0,4.58333333333333,4.0,4.0,2.0,2.0,R3710945,MAP33646937
45514725,MAP,0.0,12.0,1.0,2.0,33.0,90+,,90+,,16.0,7.75,1.0,2.0,5.0,6.0,R1956018,MAP45514725
50301099,MAP,1.0,12.0,1.0,2.0,33.0,90+,,90+,,28.9285714285714,9.83333333333333,4.0,4.0,1.0,1.0,R9163526,MAP50301099
19721447,MAP,0.0,12.0,1.0,2.0,33.0,90+,,,,28.0,,,,,1.0,R7385097,MAP19721447
78511269,MAP,0.0,12.0,1.0,2.0,33.0,90+,,,,28.0,,,,,1.0,R9757391,MAP78511269
21403157,ROS,0.0,19.0,1.0,2.0,33.0,90+,90+,90+,30.0,26.0,4.26666666666667,3.0,3.0,1.0,1.0,R6938330,ROS21403157
96189273,MAP,0.0,12.0,1.0,2.0,33.0,90+,90+,90+,24.0,10.0,6.25,4.0,1.0,4.0,4.0,R1761902,MAP96189273
39130132,MAP,0.0,12.0,1.0,2.0,33.0,90+,90+,90+,21.0,23.0,11.95,5.0,1.0,4.0,4.0,R5589495,MAP39130132
50300958,MAP,0.0,15.0,1.0,2.0,33.0,90+,89.40999315537303,90+,20.0,0.0,8.46666666666667,5.0,1.0,4.0,4.0,R2351762,MAP50300958
14498577,MAP,0.0,16.0,1.0,2.0,22.0,90+,90+,90+,20.0,0.0,8.91666666666667,3.0,4.0,4.0,4.0,R5447358,MAP14498577
50108886,MAP,0.0,12.0,1.0,2.0,33.0,90+,,90+,,19.2,7.28333333333333,4.0,2.0,1.0,2.0,R1105988,MAP50108886
66924745,MAP,0.0,16.0,1.0,2.0,33.0,90+,,90+,,27.0,8.5,4.0,2.0,1.0,2.0,R7696135,MAP66924745
72066525,MAP,0.0,15.0,1.0,2.0,33.0,90+,,90+,,28.0,12.9,,,3.0,1.0,R1046037,MAP72066525
44299049,MAP,1.0,20.0,1.0,2.0,34.0,90+,90+,90+,18.0,13.0,14.3333333333333,4.0,2.0,4.0,4.0,R3877498,MAP44299049
10675906,ROS,1.0,19.0,1.0,2.0,23.0,90+,,90+,,29.0,5.91666666666667,3.0,2.0,2.0,2.0,R2041878,ROS10675906
34386082,ROS,0.0,4.0,1.0,1.0,33.0,90+,90+,,22.0,22.0,,,,,4.0,R2888319,ROS34386082
22000112,ROS,0.0,12.0,2.0,2.0,34.0,90+,90+,,15.0,15.0,,,,,4.0,R2145371,ROS22000112
50103679,MAP,0.0,16.0,1.0,2.0,33.0,90+,90+,90+,,8.0,5.75,4.0,2.0,5.0,5.0,R4676186,MAP50103679
14397423,MAP,1.0,16.0,1.0,2.0,33.0,90+,90+,90+,23.0,20.4,6.0,4.0,2.0,2.0,2.0,R1724172,MAP14397423
64925372,MAP,1.0,17.0,1.0,2.0,33.0,90+,90+,90+,18.0,18.0,6.83333333333333,5.0,2.0,4.0,4.0,R4433758,MAP64925372
80332605,MAP,0.0,17.0,1.0,2.0,,90+,,,,2.0,,,,,2.0,R1186441,MAP80332605
51815338,MAP,1.0,18.0,1.0,2.0,33.0,90+,90+,90+,27.0,4.0,6.06666666666667,5.0,2.0,4.0,4.0,R7208968,MAP51815338
68725248,MAP,0.0,12.0,1.0,2.0,34.0,90+,90+,90+,0.0,0.0,6.11666666666667,5.0,2.0,5.0,4.0,R2122478,MAP68725248
20819999,ROS,0.0,9.0,1.0,2.0,33.0,90+,90+,90+,18.0,5.0,7.61666666666667,5.0,1.0,4.0,4.0,R9540861,ROS20819999
50403310,MAP,0.0,18.0,1.0,2.0,23.0,90+,,90+,,24.0,9.5,3.0,2.0,2.0,2.0,R6523359,MAP50403310
10101741,ROS,1.0,10.0,1.0,2.0,33.0,90+,90+,90+,20.0,9.0,14.1666666666667,5.0,1.0,4.0,4.0,R5989528,ROS10101741
87604126,MAP,1.0,18.0,1.0,2.0,23.0,90+,,,,30.0,,,,,1.0,R3801443,MAP87604126
21145740,ROS,0.0,16.0,1.0,2.0,23.0,90+,,90+,,28.8461538461539,13.4166666666667,3.0,2.0,1.0,1.0,R7664813,ROS21145740
11655268,ROS,1.0,16.0,1.0,2.0,23.0,90+,,,,27.0,,,,,1.0,R3969920,ROS11655268
42874904,ROS,0.0,18.0,1.0,1.0,33.0,90+,,90+,,19.0,26.05,4.0,4.0,4.0,4.0,R2910223,ROS42874904
50404451,MAP,0.0,14.0,1.0,2.0,33.0,90+,,90+,,27.0,,,,1.0,1.0,R1298664,MAP50404451
22201981,ROS,0.0,16.0,2.0,2.0,,90+,,90+,,16.0,,,,4.0,4.0,R2272340,ROS22201981
10149161,ROS,1.0,18.0,1.0,2.0,34.0,90+,,,,28.0,,,,,1.0,R5634642,ROS10149161
16029910,MAP,0.0,12.0,1.0,2.0,33.0,90+,,90+,,27.0,7.81666666666667,5.0,1.0,2.0,2.0,R5888457,MAP16029910
20348895,ROS,0.0,20.0,1.0,2.0,33.0,90+,,90+,,26.0,7.83333333333333,4.0,2.0,2.0,2.0,R1133959,ROS20348895
26011331,MAP,0.0,12.0,1.0,2.0,33.0,90+,,90+,,23.0,11.1666666666667,4.0,1.0,2.0,2.0,R5887863,MAP26011331
57434619,MAP,1.0,20.0,1.0,2.0,34.0,90+,90+,90+,25.0,2.0,7.75,5.0,1.0,4.0,4.0,R9290375,MAP57434619
30663686,MAP,0.0,13.0,1.0,2.0,34.0,90+,,90+,,0.0,10.75,5.0,1.0,4.0,4.0,R3529300,MAP30663686
66787314,MAP,0.0,19.0,1.0,2.0,23.0,90+,,,,26.0,,,,,2.0,R7885372,MAP66787314
20267709,ROS,0.0,16.0,1.0,2.0,33.0,90+,,90+,,19.0,5.16666666666667,4.0,2.0,4.0,4.0,R7095349,ROS20267709
20186901,ROS,0.0,20.0,1.0,2.0,33.0,90+,90+,90+,23.0,19.0,4.83333333333333,2.0,3.0,4.0,4.0,R9205118,ROS20186901
20954261,ROS,0.0,18.0,1.0,2.0,33.0,90+,90+,90+,5.0,0.0,7.1,2.0,1.0,4.0,4.0,R5521160,ROS20954261
20927880,ROS,0.0,12.0,1.0,2.0,33.0,90+,,90+,,27.0,17.0,4.0,2.0,3.0,1.0,R4757451,ROS20927880
21137312,ROS,0.0,20.0,1.0,2.0,33.0,90+,90+,90+,17.0,19.0,17.1666666666667,5.0,1.0,4.0,4.0,R6666755,ROS21137312
20970441,ROS,0.0,12.0,1.0,2.0,23.0,90+,90+,90+,24.0,19.0,13.5,5.0,1.0,4.0,4.0,R5557408,ROS20970441
39125441,MAP,1.0,16.0,1.0,2.0,33.0,90+,89.147159479808352,90+,23.0,27.0,15.1666666666667,3.0,4.0,2.0,2.0,R3509724,MAP39125441
58203880,MAP,0.0,12.0,1.0,2.0,33.0,90+,90+,,21.6,21.6,,,,,4.0,R5529877,MAP58203880
10222303,ROS,1.0,15.0,1.0,2.0,23.0,90+,,,,29.0,,,,,1.0,R3205487,ROS10222303
9508427,MAP,1.0,16.0,1.0,2.0,34.0,90+,90+,,19.0,14.0,,,,,4.0,R2761248,MAP9508427
8682642,MAP,0.0,14.0,1.0,2.0,33.0,90+,90+,90+,14.0,14.0,6.6,3.0,2.0,4.0,4.0,R2139504,MAP8682642
93103023,MAP,1.0,12.0,1.0,2.0,23.0,90+,85.062286105407253,90+,25.0,18.0,9.25,4.0,2.0,4.0,5.0,R1872971,MAP93103023
50108598,MAP,0.0,13.0,1.0,2.0,33.0,90+,87.739904175222449,90+,18.0,16.0,8.16666666666667,4.0,2.0,6.0,4.0,R7366225,MAP50108598
45984063,MAP,0.0,12.0,1.0,2.0,33.0,90+,90+,90+,22.0,4.0,8.0,4.0,4.0,4.0,4.0,R7821738,MAP45984063
9061779,MAP,0.0,12.0,1.0,2.0,33.0,90+,,90+,,28.0,6.18333333333333,3.0,2.0,1.0,1.0,R3652468,MAP9061779
16212351,MAP,0.0,12.0,1.0,2.0,34.0,90+,,,,27.0,,,,,2.0,R7037014,MAP16212351
46433373,MAP,1.0,18.0,1.0,2.0,23.0,90+,,,,27.0,,,,,1.0,R5846237,MAP46433373
77098163,ROS,1.0,22.0,1.0,2.0,33.0,90+,,,,30.0,,,,,1.0,R6553493,ROS77098163
75510556,MAP,1.0,14.0,1.0,2.0,33.0,90+,,90+,,22.0,53.5,5.0,1.0,2.0,2.0,R4644644,MAP75510556
58006501,MAP,1.0,14.0,1.0,2.0,33.0,90+,,90+,,28.0,20.6833333333333,2.0,4.0,1.0,1.0,R4290655,MAP58006501
90100426,MAP,0.0,12.0,1.0,2.0,33.0,90+,,,,25.0,,,,,1.0,R5932670,MAP90100426
10499302,ROS,1.0,21.0,1.0,2.0,33.0,90+,,90+,,12.0,3.0,3.0,3.0,5.0,5.0,R9649974,ROS10499302
21135680,ROS,0.0,21.0,1.0,2.0,33.0,90+,90+,90+,17.0,5.0,23.9166666666667,4.0,1.0,4.0,4.0,R9950567,ROS21135680
11130624,MAP,0.0,18.0,1.0,2.0,33.0,90+,,,,27.0,,,,,1.0,R6286648,MAP11130624
696418,MAP,0.0,14.0,1.0,2.0,33.0,90+,,90+,,29.0,8.08333333333333,3.0,3.0,1.0,1.0,R6211392,MAP696418
10686233,ROS,1.0,18.0,1.0,2.0,33.0,90+,90+,90+,,22.0,18.9166666666667,5.0,2.0,4.0,4.0,R2501331,ROS10686233
20299973,ROS,0.0,16.0,1.0,2.0,33.0,90+,89.971252566735117,90+,24.0,7.0,12.3833333333333,4.0,1.0,4.0,4.0,R1672797,ROS20299973
91280115,MAP,0.0,18.0,1.0,2.0,33.0,90+,90+,,20.0,14.0,,,,,4.0,R5607590,MAP91280115
12850397,MAP,0.0,14.0,1.0,2.0,34.0,90+,90+,90+,19.0,7.0,,,,4.0,4.0,R1414953,MAP12850397
21138327,ROS,0.0,23.0,1.0,2.0,33.0,90+,,90+,,23.0,4.0,5.0,1.0,1.0,1.0,R3532410,ROS21138327
37759927,MAP,0.0,8.0,1.0,2.0,33.0,90+,90+,,20.0,20.0,,,,,4.0,R3573591,MAP37759927
20439591,ROS,0.0,20.0,1.0,2.0,33.0,90+,88.793976728268305,90+,24.0,16.0,5.41666666666667,2.0,2.0,5.0,5.0,R5321546,ROS20439591
11039282,ROS,1.0,18.0,1.0,2.0,33.0,90+,90+,90+,21.0,16.0,4.41666666666667,3.0,2.0,4.0,4.0,R2323571,ROS11039282
20219643,ROS,0.0,12.0,1.0,2.0,23.0,90+,,,,26.0,,,,,1.0,R5828944,ROS20219643
44751386,MAP,0.0,12.0,1.0,2.0,33.0,90+,,90+,,29.0,7.23333333333333,3.0,4.0,1.0,1.0,R2430079,MAP44751386
44985334,MAP,0.0,14.0,1.0,2.0,33.0,90+,,90+,,30.0,8.38333333333333,4.0,2.0,1.0,1.0,R1566338,MAP44985334
21402304,ROS,0.0,19.0,1.0,2.0,33.0,90+,90+,90+,24.0,24.0,3.33333333333333,2.0,3.0,5.0,4.0,R5883172,ROS21402304
20739782,ROS,0.0,18.0,1.0,2.0,34.0,90+,,,,29.0,,,,,2.0,R6202313,ROS20739782
21411873,ROS,0.0,18.0,1.0,2.0,33.0,90+,90+,,24.0,26.0,,,,,5.0,R1411741,ROS21411873
20494368,ROS,0.0,18.0,1.0,2.0,23.0,90+,,90+,,27.0,5.41666666666667,3.0,4.0,2.0,2.0,R4242773,ROS20494368
63649283,MAP,1.0,17.0,1.0,2.0,33.0,90+,,90+,,25.0,17.2833333333333,1.0,4.0,2.0,2.0,R6854293,MAP63649283
3889845,MAP,0.0,13.0,1.0,2.0,34.0,90+,,90+,,22.0,6.91666666666667,2.0,1.0,2.0,2.0,R9891381,MAP3889845
13346850,MAP,0.0,14.0,1.0,2.0,23.0,90+,,,,23.7931034482759,,,,,3.0,R8811956,MAP13346850
52147301,ROS,0.0,20.0,1.0,2.0,34.0,90+,,,,19.0,,,,,2.0,R2227125,ROS52147301
82684406,MAP,0.0,13.0,1.0,2.0,33.0,90+,,90+,,26.0,19.6666666666667,5.0,1.0,2.0,2.0,R9354381,MAP82684406
20576919,ROS,0.0,14.0,1.0,2.0,33.0,90+,,90+,,12.0,6.5,3.0,2.0,5.0,5.0,R1141019,ROS20576919
21403733,ROS,0.0,16.0,1.0,2.0,33.0,90+,,90+,,27.6,4.8,3.0,3.0,2.0,2.0,R3857927,ROS21403733
20376029,ROS,0.0,18.0,1.0,2.0,34.0,90+,90+,90+,28.0,15.0,5.0,5.0,1.0,5.0,4.0,R6478102,ROS20376029
20219931,ROS,0.0,20.0,1.0,2.0,33.0,90+,90+,90+,20.0,20.0,2.96666666666667,5.0,2.0,4.0,4.0,R3109811,ROS20219931
21409081,ROS,0.0,12.0,1.0,2.0,33.0,90+,,,,25.2,,,,,2.0,R3906310,ROS21409081
11120276,ROS,1.0,20.0,1.0,2.0,33.0,90+,90+,90+,23.0,23.0,8.53333333333333,4.0,2.0,4.0,4.0,R8631803,ROS11120276
20665307,ROS,0.0,17.0,1.0,2.0,33.0,90+,,90+,,30.0,5.33333333333333,3.0,2.0,1.0,1.0,R2731764,ROS20665307
11612505,ROS,1.0,20.0,1.0,2.0,34.0,90+,,90+,,28.0,5.66666666666667,4.0,3.0,2.0,2.0,R7950545,ROS11612505
61709892,MAP,1.0,25.0,1.0,2.0,33.0,90+,,90+,,24.0,18.1666666666667,4.0,2.0,2.0,1.0,R2658091,MAP61709892
50107295,MAP,1.0,12.0,1.0,2.0,33.0,90+,,90+,,27.0,5.83333333333333,4.0,2.0,1.0,1.0,R7868788,MAP50107295
50105013,MAP,0.0,14.0,1.0,2.0,24.0,90+,,90+,,17.1428571428571,,,,4.0,2.0,R4156225,MAP50105013
51938758,MAP,0.0,14.0,1.0,2.0,23.0,90+,,90+,,13.0,7.16666666666667,2.0,1.0,2.0,2.0,R7054268,MAP51938758
50300246,MAP,1.0,21.0,1.0,2.0,33.0,90+,,90+,,27.0,7.41666666666667,4.0,1.0,2.0,2.0,R4583840,MAP50300246
20814944,ROS,0.0,11.0,1.0,2.0,33.0,90+,,,,26.0,,,,,2.0,R3988467,ROS20814944
20202806,ROS,0.0,20.0,1.0,2.0,33.0,90+,90+,90+,22.0,21.0,7.33333333333333,1.0,2.0,4.0,4.0,R5094288,ROS20202806
18951685,MAP,0.0,12.0,1.0,2.0,,90+,,,,26.0,,,,,1.0,R1274282,MAP18951685
21246218,ROS,0.0,19.0,1.0,1.0,33.0,90+,,90+,,2.0,3.11666666666667,5.0,1.0,4.0,4.0,R5009796,ROS21246218
34018777,MAP,0.0,18.0,1.0,2.0,33.0,90+,90+,90+,25.0,25.0,9.75,4.0,2.0,4.0,4.0,R5850931,MAP34018777
20667589,ROS,0.0,18.0,1.0,2.0,23.0,90+,,90+,,30.0,,,,1.0,1.0,R1107726,ROS20667589
9605117,MAP,1.0,14.0,1.0,2.0,34.0,90+,,90+,,12.0,10.75,5.0,1.0,4.0,4.0,R3604031,MAP9605117
32509875,MAP,0.0,22.0,1.0,2.0,,90+,,,,29.0,,,,,1.0,R4523882,MAP32509875
69331934,MAP,0.0,18.0,1.0,2.0,34.0,90+,90+,90+,18.0,0.0,,,,4.0,4.0,R4348454,MAP69331934
4879843,MAP,0.0,14.0,1.0,2.0,33.0,90+,,90+,,28.0,3.91666666666667,3.0,4.0,2.0,2.0,R9116123,MAP4879843
20235373,ROS,0.0,18.0,1.0,2.0,33.0,90+,90+,90+,23.0,23.0,34.3333333333333,,,4.0,4.0,R7291507,ROS20235373
50111971,MAP,0.0,16.0,1.0,2.0,34.0,90+,,,,26.0,,,,,2.0,R4236891,MAP50111971
11326252,ROS,1.0,18.0,1.0,2.0,33.0,90+,90+,90+,17.0,20.0,3.28333333333333,4.0,2.0,4.0,4.0,R4817881,ROS11326252
86934089,MAP,0.0,13.0,1.0,2.0,33.0,90+,,90+,,28.0,5.58333333333333,0.0,4.0,1.0,1.0,R3398943,MAP86934089
20114009,ROS,0.0,20.0,1.0,2.0,33.0,90+,88.517453798767974,90+,27.0,10.0,3.25,5.0,1.0,5.0,5.0,R3667756,ROS20114009
53588568,MAP,0.0,12.0,1.0,2.0,33.0,90+,,90+,,21.0,10.8333333333333,4.0,1.0,4.0,4.0,R4476017,MAP53588568
20208992,ROS,0.0,18.0,1.0,2.0,33.0,90+,90+,90+,25.0,0.0,6.16666666666667,5.0,1.0,4.0,4.0,R1122247,ROS20208992
86903794,MAP,0.0,5.0,1.0,2.0,33.0,90+,,90+,,19.0909090909091,32.5833333333333,4.0,2.0,2.0,2.0,R2111091,MAP86903794
50302842,MAP,0.0,12.0,1.0,2.0,33.0,90+,,90+,,28.0,,,,1.0,1.0,R5301740,MAP50302842
35592862,MAP,0.0,20.0,1.0,2.0,33.0,90+,,90+,,26.0,6.91666666666667,5.0,1.0,1.0,1.0,R3898333,MAP35592862
96892753,MAP,0.0,12.0,1.0,2.0,23.0,90+,90+,90+,21.0,21.0,14.6833333333333,4.0,2.0,4.0,4.0,R3069627,MAP96892753
20984415,ROS,0.0,17.0,1.0,2.0,33.0,90+,,90+,,28.0,18.6666666666667,4.0,2.0,2.0,1.0,R2705086,ROS20984415
20173104,ROS,0.0,18.0,1.0,2.0,33.0,90+,90+,90+,25.0,0.0,4.75,5.0,2.0,4.0,4.0,R4343519,ROS20173104
90155007,MAP,0.0,12.0,1.0,2.0,33.0,90+,,90+,,27.0,,,,,1.0,R3672159,MAP90155007
22868024,MAP,1.0,12.0,1.0,2.0,33.0,90+,,90+,,26.0,5.25,3.0,2.0,2.0,2.0,R9255058,MAP22868024
45855523,MAP,0.0,16.0,1.0,2.0,33.0,90+,90+,90+,,26.0,15.8833333333333,5.0,2.0,4.0,4.0,R6084066,MAP45855523
85171938,MAP,0.0,12.0,1.0,2.0,33.0,90+,90+,90+,15.0,13.0,5.18333333333333,6.0,1.0,4.0,4.0,R7993799,MAP85171938
58458351,MAP,0.0,18.0,1.0,2.0,33.0,90+,90+,90+,9.0,9.0,7.25,5.0,1.0,4.0,5.0,R6803329,MAP58458351
2495739,ROS,0.0,16.0,1.0,2.0,34.0,90+,90+,,24.0,19.0,,,,,4.0,R9773391,ROS2495739
20177306,ROS,0.0,18.0,1.0,2.0,34.0,90+,,90+,,22.0,,3.0,2.0,2.0,2.0,R9923635,ROS20177306
94225596,MAP,0.0,20.0,1.0,2.0,33.0,90+,90+,,23.0,21.0,,,,,4.0,R6679085,MAP94225596
22101716,ROS,0.0,21.0,2.0,2.0,,90+,90+,,22.0,18.0,,,,,4.0,R9991868,ROS22101716
50402431,MAP,0.0,16.0,1.0,2.0,33.0,90+,,90+,,0.0,11.25,5.0,2.0,4.0,4.0,R6069210,MAP50402431
18293524,MAP,0.0,14.0,1.0,2.0,33.0,90+,,,,29.0,,,,,1.0,R9980936,MAP18293524
25670598,MAP,0.0,18.0,1.0,2.0,33.0,90+,90+,,24.0,12.0,,,,,4.0,R8072677,MAP25670598
10101165,ROS,1.0,20.0,1.0,2.0,33.0,90+,,90+,,23.0,7.58333333333333,5.0,2.0,2.0,2.0,R1375468,ROS10101165
20185860,ROS,0.0,19.0,1.0,2.0,33.0,90+,,90+,,17.0,8.08333333333333,4.0,2.0,4.0,4.0,R5499256,ROS20185860
21174691,ROS,0.0,22.0,1.0,2.0,33.0,90+,87.334702258726892,90+,18.0,4.0,4.66666666666667,5.0,1.0,4.0,4.0,R1655878,ROS21174691
96337805,MAP,0.0,14.0,1.0,2.0,33.0,90+,,,,26.0,,,,,2.0,R6198247,MAP96337805
87275819,MAP,0.0,13.0,1.0,2.0,33.0,90+,90+,90+,21.0,10.8,8.78333333333333,0.0,1.0,4.0,4.0,R1098260,MAP87275819
59371363,ROS,1.0,18.0,1.0,2.0,33.0,90+,90+,90+,26.0,26.0,24.0333333333333,3.0,3.0,4.0,4.0,R8756461,ROS59371363
48451825,MAP,0.0,14.0,1.0,2.0,23.0,90+,,,,24.0,,,,,1.0,R4199924,MAP48451825
22102019,ROS,0.0,10.0,2.0,1.0,34.0,90+,85.338809034907598,,22.0,18.0,,,,,4.0,R4494960,ROS22102019
20156469,ROS,0.0,20.0,1.0,2.0,23.0,90+,90+,90+,24.0,24.0,13.0,4.0,2.0,5.0,4.0,R7516349,ROS20156469
13432899,MAP,0.0,14.0,1.0,2.0,33.0,90+,,,,28.0,,,,,1.0,R2617685,MAP13432899
21175732,ROS,0.0,20.0,1.0,2.0,33.0,90+,84.295687885010267,90+,26.0,5.0,5.83333333333333,4.0,1.0,4.0,4.0,R9741184,ROS21175732
10002167,MAP,0.0,16.0,1.0,2.0,34.0,90+,,90+,,29.0,5.28333333333333,5.0,2.0,1.0,1.0,R4621521,MAP10002167
22207789,ROS,0.0,19.0,2.0,2.0,,90+,,90+,,15.0,,,,4.0,4.0,R3968221,ROS22207789
57597479,MAP,0.0,15.0,1.0,2.0,33.0,90+,90+,90+,16.0,16.0,8.41666666666667,3.0,2.0,4.0,4.0,R9153068,MAP57597479
2188675,MAP,0.0,12.0,1.0,2.0,33.0,90+,,90+,,23.0,8.5,4.0,2.0,2.0,2.0,R5533686,MAP2188675
50107619,MAP,0.0,18.0,1.0,2.0,33.0,90+,,90+,,26.0,19.5,4.0,3.0,2.0,2.0,R6319811,MAP50107619
50302978,MAP,0.0,13.0,1.0,2.0,22.0,90+,,90+,,23.0,3.5,4.0,4.0,2.0,2.0,R1620679,MAP50302978
82858344,MAP,0.0,13.0,1.0,2.0,33.0,90+,90+,,2.0,2.0,,,,,4.0,R5831729,MAP82858344
50302392,MAP,0.0,12.0,1.0,2.0,33.0,90+,90+,90+,22.0,22.0,6.0,5.0,1.0,4.0,4.0,R4338661,MAP50302392
42023091,MAP,0.0,12.0,1.0,2.0,33.0,90+,,,,25.0,,,,,1.0,R3715660,MAP42023091
65692934,MAP,1.0,18.0,1.0,2.0,33.0,90+,,,,30.0,,,,,1.0,R3696646,MAP65692934
11444591,ROS,1.0,6.0,1.0,2.0,34.0,90+,90+,,13.0,5.45454545454545,,,,,4.0,R7890440,ROS11444591
37452211,MAP,1.0,12.0,1.0,2.0,33.0,90+,90+,90+,22.0,22.0,9.38333333333333,4.0,4.0,4.0,4.0,R2694677,MAP37452211
27427687,ROS,0.0,16.0,1.0,2.0,34.0,90+,88.139630390143736,,23.0,14.0,,,,,4.0,R1177462,ROS27427687
97130008,MAP,0.0,16.0,1.0,2.0,33.0,90+,90+,90+,22.0,22.0,8.75,4.0,1.0,4.0,4.0,R2493794,MAP97130008
22207365,ROS,0.0,18.0,2.0,2.0,34.0,90+,87.167693360711837,90+,20.0,3.10344827586207,,,,4.0,4.0,R4687123,ROS22207365
50300084,MAP,0.0,14.0,1.0,2.0,33.0,90+,,90+,,30.0,4.95,2.0,4.0,1.0,1.0,R1956123,MAP50300084
50108912,MAP,1.0,16.0,1.0,2.0,33.0,90+,90+,90+,18.8888888888889,21.4285714285714,6.1,3.0,1.0,4.0,2.0,R3257830,MAP50108912
10480383,ROS,1.0,22.0,1.0,2.0,34.0,90+,,90+,,15.0,2.25,4.0,2.0,4.0,4.0,R8647890,ROS10480383
21185180,ROS,0.0,16.0,1.0,2.0,24.0,90+,,90+,,27.0,6.96666666666667,4.0,2.0,2.0,2.0,R7137826,ROS21185180
44797362,MAP,0.0,14.0,1.0,2.0,33.0,90+,,90+,,26.0,8.23333333333333,2.0,4.0,1.0,1.0,R6159784,MAP44797362
91763687,MAP,0.0,18.0,2.0,2.0,33.0,90+,87.715263518138258,,22.0,8.0,,,,,4.0,R8652293,MAP91763687
1738075,MAP,0.0,12.0,1.0,2.0,33.0,90+,,,,22.0,,,,,4.0,R3161617,MAP1738075
21000928,ROS,0.0,16.0,1.0,2.0,23.0,90+,89.971252566735117,90+,20.6896551724138,24.0,7.7,5.0,1.0,4.0,4.0,R8581591,ROS21000928
20160019,ROS,0.0,16.0,1.0,2.0,34.0,90+,,90+,,3.0,10.3333333333333,5.0,1.0,4.0,4.0,R9299236,ROS20160019
82455953,MAP,1.0,16.0,1.0,2.0,33.0,90+,,90+,,25.0,,,,,2.0,R1765708,MAP82455953
20842880,MAP,0.0,18.0,1.0,2.0,33.0,90+,,,,27.0,,,,,2.0,R3225063,MAP20842880
21213589,ROS,0.0,18.0,1.0,2.0,23.0,90+,,90+,,28.0,,,,2.0,2.0,R9533515,ROS21213589
72188804,MAP,0.0,18.0,1.0,2.0,33.0,90+,90+,90+,24.8275862068966,24.8275862068966,4.86666666666667,4.0,1.0,4.0,4.0,R2624931,MAP72188804
10577887,ROS,1.0,24.0,1.0,2.0,34.0,90+,90+,90+,27.0,27.0,16.3333333333333,5.0,1.0,4.0,4.0,R9455452,ROS10577887
92959959,MAP,0.0,16.0,1.0,2.0,23.0,90+,,,,29.0,,,,,1.0,R2705191,MAP92959959
29933130,MAP,0.0,15.0,1.0,2.0,33.0,90+,90+,90+,19.0,15.6,4.41666666666667,5.0,2.0,4.0,5.0,R6739300,MAP29933130
89009591,MAP,1.0,16.0,1.0,2.0,,90+,,,,30.0,,,,,1.0,R3826859,MAP89009591
29306403,MAP,0.0,18.0,1.0,2.0,34.0,90+,87.403148528405197,,23.0,0.0,,,,,4.0,R5629794,MAP29306403
50500000,MAP,0.0,24.0,1.0,2.0,34.0,90+,,90+,,25.0,6.66666666666667,3.0,4.0,1.0,1.0,R4266820,MAP50500000
16265624,MAP,0.0,12.0,1.0,2.0,44.0,90+,,90+,,27.9310344827586,6.5,3.0,2.0,,1.0,R7184994,MAP16265624
20328701,ROS,0.0,16.0,1.0,2.0,24.0,90+,90+,90+,21.0,18.0,4.0,5.0,2.0,4.0,4.0,R8147395,ROS20328701
71063018,MAP,0.0,16.0,1.0,2.0,33.0,90+,,,,30.0,,,,,1.0,R5785213,MAP71063018
1393350,MAP,1.0,8.0,1.0,2.0,23.0,90+,,90+,,25.0,,,,1.0,1.0,R5834151,MAP1393350
15003546,MAP,0.0,18.0,1.0,2.0,33.0,90+,,90+,,14.0,13.6,3.0,1.0,1.0,6.0,R5873509,MAP15003546
22396591,MAP,0.0,16.0,1.0,2.0,33.0,90+,88.804928131416844,,17.0,0.0,,,,,4.0,R6235774,MAP22396591
2657173,MAP,0.0,18.0,1.0,2.0,22.0,90+,,,,30.0,,,,,1.0,R5326596,MAP2657173
57442623,MAP,1.0,12.0,1.0,2.0,33.0,90+,,,,28.0,,,,,1.0,R4633592,MAP57442623
4576591,MAP,0.0,12.0,1.0,2.0,23.0,90+,90+,90+,18.0,18.0,4.91666666666667,3.0,2.0,4.0,4.0,R4276053,MAP4576591
6858410,ROS,0.0,16.0,1.0,2.0,33.0,90+,,,,28.0,,,,,1.0,R9274040,ROS6858410
50103417,MAP,0.0,14.0,1.0,2.0,33.0,90+,,90+,,27.0,6.63333333333333,4.0,2.0,1.0,1.0,R1802235,MAP50103417
50410021,MAP,0.0,18.0,1.0,2.0,33.0,90+,,90+,,28.0,7.66666666666667,4.0,1.0,1.0,1.0,R6157726,MAP50410021
68813045,MAP,0.0,16.0,1.0,2.0,34.0,90+,,,,29.0,,,,,2.0,R8888820,MAP68813045
18455382,MAP,0.0,13.0,1.0,2.0,44.0,90+,90+,90+,0.0,0.0,7.26666666666667,5.0,1.0,4.0,4.0,R1753622,MAP18455382
91349809,MAP,0.0,12.0,1.0,2.0,23.0,90+,90+,90+,20.0,6.0,3.48333333333333,5.0,1.0,4.0,4.0,R5819410,MAP91349809
15161351,ROS,1.0,14.0,1.0,2.0,33.0,90+,,90+,,30.0,7.48333333333333,3.0,4.0,1.0,1.0,R5437670,ROS15161351
21405627,ROS,0.0,12.0,1.0,2.0,33.0,90+,,90+,,28.0,1.83333333333333,3.0,4.0,2.0,2.0,R5454379,ROS21405627
20674038,ROS,0.0,16.0,1.0,2.0,33.0,90+,90+,90+,,27.0,7.33333333333333,4.0,2.0,4.0,4.0,R7374385,ROS20674038
95902182,MAP,0.0,16.0,1.0,1.0,33.0,90+,90+,,26.0,19.0,,,,,4.0,R7918210,MAP95902182
50109503,MAP,0.0,14.0,1.0,2.0,33.0,90+,90+,90+,,21.0,16.5,,,4.0,4.0,R5522089,MAP50109503
90613980,ROS,0.0,7.0,3.0,1.0,33.0,90+,,90+,,25.0,11.8833333333333,4.0,4.0,1.0,1.0,R1555511,ROS90613980
60961592,MAP,0.0,13.0,1.0,2.0,34.0,90+,87.652292950034223,90+,19.0,2.0,8.58333333333333,5.0,1.0,4.0,4.0,R4196592,MAP60961592
96529231,MAP,1.0,19.0,1.0,2.0,33.0,90+,,,,28.0,,,,,2.0,R5402251,MAP96529231
20173816,MAP,0.0,13.0,1.0,2.0,,90+,,,,28.9655172413793,,,,,1.0,R1810515,MAP20173816
71263584,MAP,0.0,14.0,1.0,2.0,33.0,90+,,,,28.0,,,,,1.0,R7090399,MAP71263584
20939708,ROS,0.0,19.0,1.0,2.0,34.0,90+,,90+,,28.8,12.4166666666667,1.0,3.0,1.0,1.0,R4935546,ROS20939708
20892128,ROS,0.0,12.0,1.0,2.0,34.0,90+,87.586584531143046,90+,21.0,13.0,4.4,5.0,2.0,4.0,4.0,R9239503,ROS20892128
79742340,MAP,0.0,13.0,1.0,2.0,33.0,90+,,,,26.0,,,,,1.0,R5955913,MAP79742340
50400961,MAP,0.0,16.0,1.0,2.0,23.0,90+,,90+,,26.8965517241379,10.5,5.0,1.0,1.0,1.0,R2903862,MAP50400961
22206800,ROS,0.0,16.0,2.0,2.0,,90+,88.197125256673516,90+,19.0,0.0,,,,4.0,4.0,R6908521,ROS22206800
13380780,MAP,0.0,12.0,1.0,2.0,33.0,90+,,,,27.0,,,,,1.0,R6980783,MAP13380780
56180668,MAP,0.0,12.0,1.0,2.0,24.0,90+,,,,23.0,,,,,1.0,R1423152,MAP56180668
50723983,MAP,0.0,18.0,1.0,2.0,,90+,,,,27.0,,,,,2.0,R9243312,MAP50723983
57003706,MAP,1.0,18.0,1.0,2.0,33.0,90+,90+,,25.0,25.0,,,,,4.0,R2165622,MAP57003706
20933324,ROS,0.0,18.0,1.0,2.0,33.0,90+,90+,90+,18.2142857142857,18.2142857142857,18.75,4.0,2.0,4.0,4.0,R8626395,ROS20933324
1797756,MAP,0.0,15.0,1.0,2.0,33.0,90+,86.387405886379199,90+,19.0,0.0,5.0,5.0,2.0,4.0,4.0,R6928327,MAP1797756
50410157,MAP,1.0,12.0,1.0,2.0,33.0,90+,,90+,,22.0,7.08333333333333,1.0,2.0,2.0,2.0,R9612597,MAP50410157
14696573,MAP,0.0,18.0,1.0,2.0,34.0,90+,,90+,,28.0,7.68333333333333,2.0,2.0,1.0,1.0,R2910998,MAP14696573
42949394,MAP,0.0,10.0,1.0,2.0,33.0,90+,90+,90+,7.0,5.0,6.75,5.0,1.0,4.0,4.0,R1292460,MAP42949394
16207822,MAP,0.0,12.0,1.0,2.0,34.0,90+,,,,28.0,,,,,1.0,R4397700,MAP16207822
87330987,MAP,0.0,12.0,1.0,2.0,33.0,90+,,,,28.0,,,,,2.0,R7003394,MAP87330987
21190619,ROS,0.0,16.0,1.0,2.0,34.0,90+,,90+,,27.0,3.91666666666667,4.0,4.0,1.0,1.0,R6216782,ROS21190619
50303271,MAP,1.0,21.0,1.0,2.0,33.0,90+,,90+,,28.0,17.5,3.0,2.0,2.0,2.0,R6239130,MAP50303271
65539462,MAP,0.0,19.0,1.0,2.0,33.0,90+,,,,29.0,,,,,1.0,R2068917,MAP65539462
7117738,MAP,0.0,12.0,1.0,2.0,33.0,90+,,,,28.0,,,,,1.0,R3859090,MAP7117738
20905352,ROS,0.0,16.0,1.0,2.0,24.0,90+,,90+,,7.0,18.0,4.0,1.0,4.0,5.0,R2423943,ROS20905352
11469504,ROS,1.0,22.0,1.0,2.0,33.0,90+,,90+,,30.0,12.5,2.0,4.0,2.0,1.0,R1213305,ROS11469504
75009300,MAP,1.0,16.0,1.0,2.0,33.0,90+,,,,28.0,,,,,2.0,R4311742,MAP75009300
15182748,ROS,1.0,21.0,1.0,2.0,33.0,90+,,90+,,28.0,19.5833333333333,4.0,4.0,1.0,1.0,R3579240,ROS15182748
50407486,MAP,0.0,12.0,1.0,2.0,33.0,90+,90+,90+,12.8571428571429,12.8571428571429,8.75,5.0,2.0,4.0,4.0,R8046664,MAP50407486
46358797,MAP,0.0,12.0,1.0,2.0,23.0,90+,90+,,19.0,19.0,,,,,4.0,R6508498,MAP46358797
21298738,ROS,0.0,21.0,1.0,2.0,34.0,90+,,,,30.0,,,,,1.0,R9489287,ROS21298738
10289776,ROS,1.0,18.0,1.0,2.0,33.0,90+,,,,28.0,,,,,1.0,R7338814,ROS10289776
30604167,MAP,0.0,12.0,1.0,2.0,33.0,90+,,,,29.0,,,,,2.0,R3666162,MAP30604167
88106709,MAP,1.0,13.0,1.0,2.0,33.0,90+,,,,28.0,,,,,1.0,R9993371,MAP88106709
22832810,MAP,0.0,18.0,1.0,2.0,33.0,90+,,,,29.0,,,,,2.0,R1374989,MAP22832810
50301413,MAP,0.0,14.0,1.0,2.0,33.0,90+,,90+,,25.7142857142857,3.0,1.0,4.0,2.0,2.0,R9730707,MAP50301413
71648351,MAP,0.0,20.0,1.0,2.0,33.0,90+,90+,90+,23.0,5.0,3.45,3.0,1.0,4.0,4.0,R8197015,MAP71648351
89164957,MAP,0.0,14.0,1.0,2.0,33.0,90+,90+,90+,10.8,10.8,5.25,3.0,2.0,4.0,4.0,R7054373,MAP89164957
22101842,ROS,0.0,18.0,2.0,2.0,33.0,90+,,90+,,27.0,11.5,4.0,1.0,2.0,2.0,R9042659,ROS22101842
62774463,MAP,0.0,18.0,1.0,2.0,,90+,,,,24.0,,,,,2.0,R6007529,MAP62774463
11205014,ROS,1.0,8.0,1.0,2.0,34.0,90+,90+,90+,7.0,5.0,6.08333333333333,5.0,2.0,4.0,4.0,R3196921,ROS11205014
54539393,MAP,0.0,14.0,1.0,2.0,23.0,90+,,,,25.0,,,,,2.0,R1388918,MAP54539393
20567738,ROS,0.0,16.0,1.0,2.0,34.0,90+,,,,27.0,,,,,1.0,R4393904,ROS20567738
50402279,MAP,0.0,14.0,1.0,2.0,34.0,90+,,,,29.0,,,,,1.0,R1838793,MAP50402279
21000216,ROS,0.0,21.0,1.0,2.0,23.0,90+,,90+,,27.0,10.0,2.0,3.0,1.0,1.0,R3633816,ROS21000216
20584923,ROS,0.0,13.0,1.0,2.0,33.0,90+,,90+,,29.0,3.5,3.0,2.0,1.0,1.0,R9286126,ROS20584923
75175129,MAP,0.0,16.0,1.0,2.0,34.0,90+,90+,90+,26.0,18.0,8.86666666666667,5.0,1.0,2.0,2.0,R6445076,MAP75175129
79803180,MAP,0.0,20.0,1.0,2.0,33.0,90+,,,,30.0,,,,,1.0,R1576896,MAP79803180
26671823,MAP,0.0,11.0,1.0,2.0,33.0,90+,,,,24.0,,,,,1.0,R4612097,MAP26671823
13747771,MAP,1.0,18.0,1.0,2.0,33.0,90+,,90+,,27.0,7.15,3.0,2.0,2.0,2.0,R8011910,MAP13747771
58199939,MAP,0.0,14.0,1.0,2.0,33.0,90+,88.353182751540047,90+,17.0,0.0,5.36666666666667,5.0,1.0,4.0,4.0,R7497765,MAP58199939
94463356,MAP,0.0,16.0,1.0,2.0,34.0,90+,86.338124572210816,,15.0,1.0,,,,,4.0,R3805914,MAP94463356
20281833,ROS,0.0,20.0,1.0,2.0,34.0,90+,90+,90+,22.0,23.0,,,,4.0,4.0,R4260951,ROS20281833
40871627,MAP,0.0,14.0,1.0,2.0,34.0,90+,,,,28.0,,,,,1.0,R6672522,MAP40871627
3425915,MAP,0.0,18.0,1.0,2.0,,90+,,,,29.0,,,,,1.0,R4752841,MAP3425915
20551582,ROS,0.0,16.0,1.0,2.0,33.0,90+,90+,90+,20.0,18.0,5.08333333333333,4.0,2.0,4.0,2.0,R3627934,ROS20551582
67418026,MAP,0.0,16.0,1.0,2.0,,90+,87.214236824093092,90+,21.0,13.0,,,,4.0,4.0,R9520170,MAP67418026
20935218,ROS,0.0,16.0,1.0,2.0,34.0,90+,89.765913757700204,90+,19.0,1.0,2.33333333333333,3.0,4.0,4.0,4.0,R9566756,ROS20935218
15178486,ROS,1.0,20.0,1.0,2.0,33.0,90+,,90+,,30.0,5.15,4.0,4.0,1.0,1.0,R2735120,ROS15178486
72152564,MAP,0.0,20.0,1.0,2.0,34.0,90+,,,,24.0,,,,,2.0,R1058448,MAP72152564
31908032,ROS,0.0,22.0,1.0,2.0,33.0,90+,,90+,,28.0,15.25,4.0,2.0,1.0,1.0,R3874626,ROS31908032
50100770,MAP,0.0,16.0,1.0,2.0,23.0,90+,88.219028062970565,90+,22.5,1.0,6.41666666666667,4.0,2.0,4.0,4.0,R4332132,MAP50100770
10310236,ROS,1.0,6.0,1.0,2.0,33.0,90+,90+,,15.6,15.6,,,,,4.0,R3632337,ROS10310236
11104122,ROS,1.0,20.0,1.0,2.0,33.0,90+,,90+,,28.0,40.2333333333333,3.0,2.0,1.0,1.0,R6052859,ROS11104122
40611041,MAP,0.0,12.0,1.0,2.0,34.0,90+,84.262833675564679,90+,25.0,0.0,7.7,5.0,1.0,4.0,4.0,R1496775,MAP40611041
36719393,MAP,0.0,10.0,1.0,2.0,33.0,90+,,,,21.0,,,,,2.0,R4343284,MAP36719393
10093562,MAP,1.0,21.0,1.0,2.0,33.0,90+,,,,30.0,,,,,1.0,R3101324,MAP10093562
62301938,MAP,0.0,16.0,1.0,2.0,34.0,90+,90+,90+,7.0,7.0,8.83333333333333,3.0,1.0,4.0,4.0,R5553042,MAP62301938
23892088,MAP,0.0,14.0,1.0,2.0,34.0,90+,,90+,,22.0,5.9,5.0,3.0,2.0,2.0,R8418611,MAP23892088
20195344,ROS,0.0,18.0,1.0,2.0,33.0,90+,90+,90+,14.0,11.0,5.0,4.0,2.0,4.0,4.0,R5766881,ROS20195344
50404037,MAP,1.0,13.0,1.0,2.0,33.0,90+,,,,26.0,,,,,1.0,R5763679,MAP50404037
10275964,ROS,1.0,22.0,1.0,2.0,33.0,90+,90+,90+,25.0,25.0,24.75,4.0,2.0,4.0,4.0,R5019034,ROS10275964
50107033,MAP,1.0,13.0,1.0,2.0,23.0,90+,,90+,,0.0,3.31666666666667,5.0,2.0,4.0,4.0,R7063247,MAP50107033
21196129,ROS,0.0,21.0,1.0,1.0,33.0,90+,,90+,,28.0,12.8333333333333,4.0,2.0,1.0,1.0,R6299978,ROS21196129
95174398,MAP,0.0,19.0,1.0,2.0,,90+,,,,29.0,,,,,2.0,R7639614,MAP95174398
24073245,MAP,1.0,12.0,1.0,2.0,33.0,90+,88.019164955509922,90+,16.0,23.0,9.25,3.0,2.0,4.0,4.0,R8434166,MAP24073245
70153803,MAP,0.0,11.0,1.0,2.0,34.0,90+,86.984257357973988,90+,17.0,9.0,5.0,4.0,1.0,4.0,4.0,R1609849,MAP70153803
20344143,ROS,0.0,18.0,1.0,2.0,33.0,90+,89.590691307323752,90+,17.0,0.0,3.66666666666667,5.0,2.0,4.0,5.0,R2372487,ROS20344143
80333458,MAP,0.0,12.0,1.0,2.0,33.0,90+,,90+,,,5.33333333333333,5.0,1.0,4.0,4.0,R6472453,MAP80333458
33781047,MAP,0.0,18.0,1.0,2.0,23.0,90+,,90+,,28.0,17.4166666666667,4.0,4.0,1.0,1.0,R8733348,MAP33781047
10506864,ROS,1.0,19.0,1.0,2.0,23.0,90+,,,,30.0,,,,,1.0,R7480184,ROS10506864
14030021,MAP,0.0,20.0,1.0,2.0,34.0,90+,90+,90+,14.0,14.0,8.31666666666667,4.0,2.0,4.0,4.0,R3728445,MAP14030021
50400385,MAP,0.0,12.0,1.0,2.0,33.0,90+,,90+,,6.0,11.9166666666667,6.0,1.0,4.0,4.0,R7066784,MAP50400385
94144536,MAP,0.0,11.0,1.0,2.0,33.0,90+,,90+,,24.0,8.21666666666667,5.0,1.0,2.0,2.0,R2157677,MAP94144536
21401975,ROS,0.0,16.0,1.0,2.0,34.0,90+,90+,,24.0,22.0,,,,,2.0,R5779331,ROS21401975
36646347,MAP,0.0,14.0,1.0,2.0,,90+,,,,30.0,,,,,1.0,R2574394,MAP36646347
20380831,ROS,0.0,18.0,1.0,2.0,23.0,90+,89.601642710472277,90+,13.0,22.0,6.0,4.0,1.0,4.0,2.0,R9085798,ROS20380831
24664996,MAP,0.0,11.0,1.0,2.0,33.0,90+,,90+,,26.0,8.33333333333333,4.0,3.0,1.0,1.0,R9254359,MAP24664996
59920230,ROS,1.0,19.0,1.0,2.0,33.0,90+,90+,,13.0,7.0,,,,,4.0,R9795375,ROS59920230
65925304,MAP,0.0,12.0,1.0,2.0,33.0,90+,,,,27.0,,,,,2.0,R8698104,MAP65925304
97220113,MAP,0.0,14.0,1.0,2.0,33.0,90+,,90+,,30.0,7.43333333333333,3.0,2.0,1.0,1.0,R5735593,MAP97220113
50401426,MAP,0.0,14.0,1.0,2.0,33.0,90+,,90+,,28.0,6.66666666666667,3.0,4.0,2.0,2.0,R5313591,MAP50401426
20954009,ROS,0.0,16.0,1.0,2.0,33.0,90+,87.969883641341553,90+,24.0,4.0,4.28333333333333,5.0,1.0,4.0,4.0,R5700629,ROS20954009
20976799,ROS,0.0,18.0,1.0,2.0,33.0,90+,,90+,,19.0,9.25,2.0,4.0,2.0,2.0,R9738414,ROS20976799
20254902,ROS,0.0,16.0,1.0,2.0,33.0,90+,,90+,,24.0,4.58333333333333,4.0,2.0,4.0,4.0,R3111222,ROS20254902
20331760,ROS,0.0,18.0,1.0,2.0,34.0,90+,90+,90+,20.0,20.0,5.25,5.0,1.0,4.0,4.0,R3938632,ROS20331760
85065193,MAP,0.0,12.0,1.0,2.0,33.0,90+,,90+,,30.0,3.66666666666667,4.0,4.0,1.0,1.0,R2494273,MAP85065193
71626373,MAP,1.0,18.0,1.0,2.0,33.0,90+,,90+,,19.0,4.38333333333333,4.0,2.0,4.0,4.0,R4976287,MAP71626373
81504393,MAP,0.0,13.0,1.0,2.0,33.0,90+,,90+,,29.0,76.25,3.0,2.0,1.0,1.0,R1596707,MAP81504393
30282435,MAP,0.0,19.0,1.0,2.0,33.0,90+,,90+,,29.0,7.83333333333333,3.0,4.0,2.0,2.0,R8678748,MAP30282435
11291338,MAP,1.0,12.0,1.0,2.0,33.0,90+,88.936344969199183,90+,19.0,22.0,8.03333333333333,4.0,4.0,3.0,2.0,R8669654,MAP11291338
20701008,ROS,0.0,16.0,1.0,2.0,34.0,90+,90+,90+,22.0,0.0,7.33333333333333,5.0,1.0,4.0,4.0,R6710978,ROS20701008
33154734,MAP,1.0,17.0,1.0,2.0,33.0,90+,,,,26.0,,,,,2.0,R7074404,MAP33154734
20270768,ROS,0.0,16.0,1.0,2.0,23.0,90+,,90+,,28.0,4.33333333333333,4.0,2.0,1.0,1.0,R3408213,ROS20270768
21131938,ROS,0.0,18.0,1.0,1.0,34.0,90+,,90+,,27.0,4.46666666666667,4.0,2.0,5.0,6.0,R8627329,ROS21131938
7142937,MAP,1.0,19.0,1.0,2.0,23.0,90+,90+,90+,18.0,18.0,,,,4.0,4.0,R4995384,MAP7142937
51442191,MAP,0.0,16.0,1.0,2.0,23.0,90+,90+,90+,23.0,12.0,6.0,5.0,1.0,4.0,4.0,R5841407,MAP51442191
29803009,ROS,0.0,18.0,1.0,2.0,33.0,90+,,,,29.0,,,,,2.0,R8284042,ROS29803009
85762265,MAP,1.0,22.0,1.0,2.0,33.0,90+,,,,24.0,,,,,2.0,R9143940,MAP85762265
99592710,MAP,0.0,15.0,1.0,2.0,33.0,90+,,,,27.0,,,,,1.0,R1314476,MAP99592710
50106280,MAP,0.0,12.0,1.0,2.0,33.0,90+,,90+,,30.0,6.91666666666667,2.0,4.0,2.0,2.0,R9330569,MAP50106280
20802602,ROS,0.0,18.0,1.0,2.0,33.0,90+,90+,90+,26.0,26.0,,,,4.0,4.0,R6710538,ROS20802602
55204773,MAP,0.0,16.0,1.0,1.0,33.0,90+,,,,21.0,,,,,4.0,R9838886,MAP55204773
32959281,MAP,0.0,13.0,1.0,2.0,34.0,90+,,90+,,28.0,9.55,4.0,2.0,2.0,1.0,R3269136,MAP32959281
50551515,MAP,0.0,16.0,1.0,2.0,33.0,90+,,,,25.0,,,,,2.0,R7973553,MAP50551515
20977678,ROS,0.0,16.0,1.0,2.0,23.0,90+,,90+,,1.0,3.91666666666667,3.0,4.0,2.0,2.0,R9113571,ROS20977678
53422197,MAP,0.0,16.0,1.0,2.0,33.0,90+,,,,29.0,,,,,1.0,R9017125,MAP53422197
27908391,MAP,0.0,12.0,1.0,2.0,33.0,90+,,90+,,28.0,6.08333333333333,5.0,1.0,2.0,2.0,R6546032,MAP27908391
26277427,MAP,1.0,21.0,1.0,2.0,23.0,90+,,90+,,26.0,6.16666666666667,1.0,2.0,2.0,2.0,R4400402,MAP26277427
20178159,ROS,0.0,20.0,1.0,2.0,33.0,90+,,90+,,23.0,14.5833333333333,3.0,3.0,2.0,2.0,R7881241,ROS20178159
80487613,MAP,0.0,16.0,1.0,2.0,33.0,90+,,,,28.0,,,,,1.0,R8311891,MAP80487613
11318248,ROS,1.0,16.0,1.0,1.0,33.0,90+,88.799452429842574,90+,20.0,5.0,11.5,5.0,2.0,4.0,4.0,R5980667,ROS11318248
50406345,MAP,0.0,18.0,1.0,2.0,33.0,90+,,90+,,30.0,5.0,4.0,2.0,2.0,2.0,R3187497,MAP50406345
65952361,MAP,1.0,19.0,1.0,2.0,33.0,90+,90+,,25.0,25.0,,,,,4.0,R5161524,MAP65952361
17260313,MAP,0.0,16.0,1.0,2.0,33.0,90+,,90+,,26.7857142857143,5.83333333333333,5.0,2.0,2.0,2.0,R8718712,MAP17260313
20973890,ROS,0.0,18.0,1.0,2.0,33.0,90+,90+,90+,24.0,0.0,13.3333333333333,4.0,2.0,4.0,4.0,R2006006,ROS20973890
19994956,MAP,0.0,9.0,1.0,2.0,33.0,90+,,90+,,21.0,,,,2.0,1.0,R7894131,MAP19994956
15103261,ROS,1.0,18.0,1.0,2.0,34.0,90+,90+,90+,8.0,0.0,6.86666666666667,4.0,2.0,5.0,5.0,R1456393,ROS15103261
50410445,MAP,0.0,20.0,1.0,2.0,33.0,90+,,,,28.0,,,,,1.0,R8282759,MAP50410445
807897,MAP,0.0,8.0,1.0,2.0,33.0,90+,,,,28.0,,,,,1.0,R5475329,MAP807897
15196424,ROS,1.0,22.0,1.0,2.0,33.0,90+,90+,90+,,27.0,,,,4.0,4.0,R4452635,ROS15196424
25139936,ROS,0.0,22.0,1.0,2.0,,90+,,,,27.0,,,,,4.0,R4597659,ROS25139936
20948277,ROS,0.0,16.0,1.0,2.0,34.0,90+,,90+,,11.0,4.83333333333333,5.0,1.0,4.0,4.0,R3920027,ROS20948277
20820802,ROS,0.0,16.0,1.0,2.0,33.0,90+,,90+,,26.0,,,,1.0,1.0,R2198083,ROS20820802
6107196,MAP,1.0,15.0,1.0,2.0,33.0,90+,,90+,,22.0,4.16666666666667,5.0,1.0,4.0,4.0,R9033345,MAP6107196
36379885,MAP,0.0,14.0,1.0,2.0,33.0,90+,,,,26.0,,,,,1.0,R7331571,MAP36379885
40034076,ROS,0.0,21.0,1.0,2.0,34.0,90+,,,,26.0,,,,,6.0,R1810175,ROS40034076
20294342,ROS,0.0,16.0,1.0,2.0,33.0,90+,89.681040383299106,,23.0,12.0,,,,,4.0,R2168054,ROS20294342
20689143,ROS,0.0,16.0,1.0,2.0,33.0,90+,,,,25.0,,,,,1.0,R3595135,ROS20689143
11353057,ROS,1.0,20.0,1.0,2.0,33.0,90+,,90+,,26.0,11.0333333333333,3.0,2.0,1.0,1.0,R3452739,ROS11353057
32705437,MAP,1.0,16.0,1.0,2.0,33.0,90+,,90+,,24.0,13.4666666666667,4.0,1.0,2.0,2.0,R7096488,MAP32705437
45481821,MAP,0.0,12.0,1.0,1.0,34.0,90+,,,,30.0,,,,,1.0,R4800315,MAP45481821
93815598,MAP,0.0,7.0,1.0,2.0,33.0,90+,,90+,,19.0,3.5,3.0,4.0,6.0,6.0,R6284240,MAP93815598
24414506,MAP,0.0,14.0,1.0,2.0,33.0,90+,,,,26.0,,,,,2.0,R3298246,MAP24414506
22202734,ROS,0.0,16.0,2.0,1.0,,90+,89.177275838466798,90+,25.0,24.0,,,,4.0,4.0,R8309040,ROS22202734
86668820,MAP,0.0,14.0,1.0,2.0,33.0,90+,,,,25.0,,,,,2.0,R1740407,MAP86668820
37527863,MAP,1.0,15.0,1.0,2.0,23.0,90+,88.610540725530456,90+,9.0,20.0,40.8,5.0,1.0,6.0,4.0,R2166876,MAP37527863
20149910,ROS,0.0,18.0,1.0,2.0,23.0,90+,,90+,,27.0,3.25,4.0,4.0,1.0,1.0,R3405776,ROS20149910
83512785,ROS,0.0,22.0,1.0,2.0,34.0,90+,,,,26.0,,,,,2.0,R4140898,ROS83512785
48480640,MAP,0.0,13.0,1.0,2.0,33.0,90+,,90+,,28.0,4.65,4.0,4.0,1.0,1.0,R5716836,MAP48480640
51164438,MAP,0.0,13.0,1.0,2.0,23.0,90+,,90+,,26.0,,,,,2.0,R5808473,MAP51164438
20928345,ROS,0.0,18.0,1.0,2.0,33.0,90+,,,,30.0,,,,,1.0,R4193720,ROS20928345
45566083,MAP,1.0,16.0,1.0,2.0,33.0,90+,,90+,,25.0,3.5,4.0,2.0,2.0,2.0,R4790045,MAP45566083
87264456,MAP,0.0,17.0,1.0,2.0,33.0,90+,,90+,,25.0,10.05,5.0,1.0,2.0,2.0,R4897970,MAP87264456
15797073,ROS,1.0,20.0,1.0,2.0,23.0,90+,,90+,,25.0,4.83333333333333,3.0,2.0,1.0,1.0,R8288513,ROS15797073
48748345,MAP,0.0,17.0,1.0,2.0,33.0,90+,,90+,,26.0,5.9,3.0,3.0,2.0,2.0,R5565908,MAP48748345
33477756,MAP,0.0,16.0,1.0,2.0,33.0,90+,,90+,,28.0,4.76666666666667,3.0,2.0,1.0,1.0,R8316516,MAP33477756
36087310,MAP,0.0,20.0,1.0,2.0,33.0,90+,,90+,,23.0,10.5333333333333,5.0,2.0,2.0,2.0,R2117075,MAP36087310
49352697,MAP,0.0,12.0,1.0,2.0,,90+,,,,27.0,,,,,1.0,R6918534,MAP49352697
91670673,MAP,1.0,14.0,1.0,2.0,33.0,90+,,90+,,29.0,,,,1.0,1.0,R9957460,MAP91670673
20486354,ROS,0.0,18.0,1.0,2.0,33.0,90+,,,,30.0,,,,,1.0,R2508129,ROS20486354
55583441,MAP,0.0,12.0,1.0,2.0,,90+,,90+,,23.0,6.66666666666667,4.0,2.0,2.0,2.0,R2809589,MAP55583441
50408103,MAP,0.0,16.0,1.0,2.0,34.0,90+,90+,,26.0,26.0,,,,,4.0,R4128694,MAP50408103
26516467,MAP,0.0,12.0,1.0,2.0,33.0,90+,,,,27.0,,,,,2.0,R5631545,MAP26516467
92629514,MAP,1.0,20.0,1.0,2.0,33.0,90+,90+,90+,25.0,17.0,5.35,1.0,4.0,4.0,4.0,R1487461,MAP92629514
25248418,MAP,0.0,12.0,1.0,2.0,33.0,90+,90+,90+,17.0,0.0,6.16666666666667,5.0,2.0,4.0,4.0,R5465536,MAP25248418
25681825,MAP,1.0,16.0,1.0,2.0,33.0,90+,,,,28.0,,,,,2.0,R2889238,MAP25681825
79692387,MAP,0.0,21.0,1.0,2.0,33.0,90+,,90+,,29.0,6.28333333333333,3.0,4.0,1.0,1.0,R1787342,MAP79692387
20109994,ROS,0.0,16.0,1.0,2.0,33.0,90+,,90+,,4.0,3.08333333333333,5.0,1.0,4.0,4.0,R5225205,ROS20109994
668310,MAP,1.0,15.0,1.0,2.0,33.0,90+,88.635181382614647,90+,18.0,8.0,5.08333333333333,5.0,2.0,4.0,4.0,R8140052,MAP668310
47315778,MAP,0.0,16.0,1.0,2.0,34.0,90+,88.386036960985621,90+,21.0,14.0,13.75,5.0,2.0,4.0,4.0,R5862122,MAP47315778
50106866,MAP,0.0,16.0,1.0,2.0,33.0,90+,89.508555783709781,90+,21.0,14.0,7.16666666666667,3.0,1.0,4.0,4.0,R9483318,MAP50106866
20988167,ROS,0.0,18.0,1.0,2.0,33.0,90+,90+,90+,21.0,21.0,16.0333333333333,3.0,4.0,4.0,4.0,R5682744,ROS20988167
50103543,MAP,0.0,22.0,1.0,1.0,33.0,90+,,90+,,28.0,,,,1.0,1.0,R9338616,MAP50103543
79501267,MAP,0.0,16.0,1.0,2.0,44.0,90+,86.477754962354553,90+,22.0,0.0,5.25,6.0,1.0,4.0,4.0,R5429390,MAP79501267
14452889,MAP,0.0,14.0,1.0,2.0,34.0,90+,,90+,,27.0,9.0,4.0,2.0,1.0,1.0,R5126867,MAP14452889
19785885,MAP,1.0,14.0,1.0,2.0,33.0,90+,,90+,,27.0,6.66666666666667,4.0,4.0,1.0,1.0,R4536332,MAP19785885
12788806,MAP,0.0,15.0,1.0,2.0,33.0,90+,,90+,,27.0,20.25,5.0,1.0,1.0,1.0,R4083890,MAP12788806
63698192,MAP,0.0,16.0,1.0,2.0,34.0,90+,,,,29.0,,,,,1.0,R4458839,MAP63698192
15175325,ROS,1.0,25.0,1.0,2.0,33.0,90+,,90+,,26.0,4.91666666666667,4.0,2.0,1.0,1.0,R5563835,ROS15175325
69544171,MAP,1.0,18.0,1.0,2.0,23.0,90+,,,,27.0,,,,,1.0,R3423069,MAP69544171
50101497,MAP,0.0,16.0,1.0,1.0,33.0,90+,,90+,,28.0,6.16666666666667,5.0,1.0,2.0,2.0,R2323911,MAP50101497
53844793,ROS,0.0,21.0,1.0,2.0,33.0,90+,,,,28.0,,,,,1.0,R2159415,ROS53844793
55932428,MAP,0.0,16.0,1.0,2.0,33.0,90+,,90+,,28.0,9.0,5.0,2.0,1.0,1.0,R2301482,MAP55932428
60638122,MAP,0.0,16.0,1.0,1.0,23.0,90+,,,,23.0,,,,,4.0,R7716303,MAP60638122
94372362,ROS,0.0,18.0,1.0,2.0,33.0,90+,,,,27.0,,,,,1.0,R1756614,ROS94372362
22100251,ROS,0.0,19.0,2.0,1.0,33.0,90+,,,,30.0,,,,,1.0,R4366292,ROS22100251
20173942,ROS,0.0,21.0,1.0,2.0,34.0,90+,,90+,,13.0,18.1666666666667,4.0,1.0,4.0,5.0,R3884524,ROS20173942
10359111,ROS,1.0,19.0,1.0,2.0,33.0,90+,90+,90+,23.0,27.0,4.85,2.0,4.0,2.0,2.0,R8563648,ROS10359111
15121461,ROS,1.0,22.0,1.0,2.0,34.0,90+,90+,90+,17.0,16.1538461538462,5.83333333333333,5.0,1.0,4.0,4.0,R5525186,ROS15121461
94593487,ROS,0.0,21.0,1.0,2.0,33.0,90+,,,,29.0,,,,,1.0,R4802828,ROS94593487
89512181,MAP,0.0,14.0,1.0,2.0,23.0,90+,,90+,,26.0,,,,,1.0,R4194194,MAP89512181
83419611,MAP,0.0,18.0,1.0,2.0,33.0,90+,,,,28.0,,,,,1.0,R8637887,MAP83419611
54122640,MAP,0.0,16.0,1.0,2.0,33.0,90+,90+,90+,24.4444444444444,24.4444444444444,5.48333333333333,5.0,2.0,4.0,4.0,R1476204,MAP54122640
65990079,MAP,0.0,12.0,1.0,2.0,33.0,90+,,,,27.0,,,,,1.0,R7577771,MAP65990079
10462057,ROS,1.0,6.0,1.0,2.0,33.0,90+,,90+,,14.0,3.5,4.0,2.0,4.0,4.0,R3143659,ROS10462057
3806878,MAP,1.0,16.0,1.0,2.0,33.0,90+,90+,90+,20.0,20.0,7.83333333333333,4.0,3.0,5.0,5.0,R6396138,MAP3806878
88182963,MAP,0.0,12.0,1.0,2.0,33.0,90+,,,,27.0,,,,,1.0,R4045701,MAP88182963
87702533,MAP,0.0,12.0,2.0,2.0,23.0,90+,,,,0.0,,,,,4.0,R2822717,MAP87702533
63874408,MAP,0.0,16.0,1.0,2.0,33.0,90+,,90+,,26.0,6.65,4.0,1.0,1.0,1.0,R2879330,MAP63874408
22607433,MAP,0.0,24.0,1.0,2.0,,90+,,,,28.0,,,,,1.0,R4987224,MAP22607433
35299510,MAP,1.0,17.0,1.0,2.0,33.0,90+,,,,29.0,,,,,1.0,R5446219,MAP35299510
93462021,MAP,0.0,12.0,1.0,2.0,23.0,90+,90+,90+,22.0,23.0,4.71666666666667,4.0,4.0,4.0,4.0,R5508047,MAP93462021
85925902,MAP,0.0,14.0,1.0,2.0,33.0,90+,,90+,,29.0,6.91666666666667,4.0,2.0,2.0,2.0,R9331608,MAP85925902
33321607,MAP,1.0,21.0,1.0,2.0,33.0,90+,,90+,,26.0,6.05,1.0,3.0,1.0,1.0,R8917077,MAP33321607
50408815,MAP,1.0,18.0,1.0,2.0,33.0,90+,,90+,,24.0,18.25,3.0,2.0,4.0,4.0,R2195651,MAP50408815
33679954,MAP,0.0,16.0,1.0,2.0,34.0,90+,80.273785078713203,90+,24.0,17.0,5.61666666666667,3.0,4.0,4.0,4.0,R4774590,MAP33679954
76008327,MAP,0.0,9.0,1.0,2.0,34.0,90+,,90+,,0.0,6.08333333333333,5.0,1.0,4.0,4.0,R8817485,MAP76008327
11259716,ROS,1.0,10.0,1.0,2.0,33.0,90+,,90+,,28.0,6.0,3.0,2.0,1.0,1.0,R4174623,ROS11259716
2958667,MAP,1.0,20.0,1.0,2.0,34.0,90+,,,,16.0,,,,,6.0,R8375540,MAP2958667
50102088,MAP,0.0,17.0,1.0,2.0,33.0,90+,,90+,,0.0,4.46666666666667,5.0,1.0,4.0,5.0,R3553915,MAP50102088
30261598,MAP,0.0,12.0,1.0,2.0,23.0,90+,,,,30.0,,,,,1.0,R8560656,MAP30261598
65002324,MAP,1.0,20.0,1.0,2.0,,90+,,,,30.0,,,,,2.0,R1854468,MAP65002324
73763467,MAP,0.0,13.0,1.0,2.0,33.0,90+,,90+,,24.0,5.93333333333333,4.0,2.0,2.0,2.0,R4254299,MAP73763467
82673629,ROS,1.0,22.0,1.0,2.0,33.0,90+,,,,24.0,,,,,2.0,R1225821,ROS82673629
14641578,ROS,0.0,16.0,1.0,2.0,34.0,90+,87.197809719370298,90+,29.0,7.0,7.41666666666667,5.0,2.0,4.0,4.0,R2086195,ROS14641578
51730202,MAP,1.0,13.0,1.0,2.0,33.0,90+,,,,21.0,,,,,2.0,R4106050,MAP51730202
5102083,MAP,0.0,12.0,1.0,2.0,23.0,90+,,90+,,28.0,5.05,4.0,1.0,2.0,1.0,R1933335,MAP5102083
20266118,ROS,0.0,20.0,1.0,2.0,33.0,90+,83.236139630390142,90+,23.0,2.0,7.31666666666667,5.0,1.0,5.0,5.0,R3176565,ROS20266118
37085610,MAP,1.0,19.0,1.0,2.0,,90+,,,,28.0,,,,,1.0,R7457618,MAP37085610
20938117,ROS,0.0,17.0,1.0,2.0,34.0,90+,,90+,,23.0,4.08333333333333,2.0,2.0,2.0,2.0,R8834859,ROS20938117
74635126,MAP,0.0,16.0,1.0,2.0,33.0,90+,,90+,,9.0,6.5,5.0,2.0,4.0,4.0,R9435096,MAP74635126
20263921,ROS,0.0,20.0,1.0,2.0,33.0,90+,89.092402464065714,90+,26.0,15.0,17.5833333333333,5.0,1.0,4.0,4.0,R7412731,ROS20263921
6881437,MAP,1.0,19.0,1.0,2.0,23.0,90+,,,,30.0,,,,,2.0,R8521973,MAP6881437
15532442,ROS,0.0,18.0,1.0,2.0,33.0,90+,,,,29.0,,,,,1.0,R2321513,ROS15532442
94549523,MAP,1.0,19.0,1.0,2.0,,90+,,90+,,27.0,7.58333333333333,3.0,2.0,1.0,1.0,R9938478,MAP94549523
35072859,MAP,0.0,12.0,1.0,2.0,33.0,90+,,90+,,27.0,6.78333333333333,4.0,2.0,1.0,1.0,R5133113,MAP35072859
31701041,MAP,0.0,12.0,1.0,2.0,33.0,90+,90+,90+,12.0,12.0,,,,4.0,4.0,R9368645,MAP31701041
71952642,MAP,0.0,14.0,2.0,2.0,33.0,90+,,,,27.0,,,,,1.0,R4093463,MAP71952642
20962563,ROS,0.0,18.0,1.0,2.0,33.0,90+,,,,29.0,,,,,1.0,R4829527,ROS20962563
86937852,MAP,0.0,14.0,1.0,2.0,33.0,90+,,,,29.0,,,,,1.0,R5892931,MAP86937852
20999232,ROS,0.0,21.0,1.0,2.0,33.0,90+,88.517453798767974,,16.0,8.0,,,,,4.0,R2694782,ROS20999232
64635241,MAP,0.0,12.0,1.0,2.0,33.0,90+,,90+,,27.0,,,,1.0,1.0,R5159553,MAP64635241
20271359,ROS,0.0,18.0,1.0,2.0,33.0,90+,90+,90+,27.0,25.0,18.3333333333333,4.0,2.0,4.0,2.0,R1822146,ROS20271359
20603727,ROS,0.0,19.0,1.0,2.0,34.0,90+,89.133470225872685,,19.0,4.0,,,,,4.0,R7235905,ROS20603727
10345561,ROS,1.0,16.0,1.0,2.0,33.0,90+,90+,90+,13.0,13.0,6.83333333333333,3.0,3.0,4.0,4.0,R5483154,ROS10345561
20934889,ROS,0.0,16.0,1.0,2.0,33.0,90+,89.037645448323062,90+,27.0,22.0,10.0,4.0,4.0,2.0,2.0,R9393624,ROS20934889
21411585,ROS,0.0,19.0,1.0,2.0,33.0,90+,,90+,,0.0,4.66666666666667,6.0,1.0,4.0,4.0,R9155246,ROS21411585
39393581,MAP,0.0,16.0,1.0,2.0,33.0,90+,82.149212867898697,90+,27.0,17.0,6.83333333333333,4.0,2.0,4.0,4.0,R9664835,MAP39393581
42650016,ROS,1.0,17.0,1.0,2.0,33.0,90+,,,,26.0,,,,,2.0,R5547615,ROS42650016
75647940,MAP,1.0,13.0,1.0,2.0,33.0,90+,,,,25.0,,,,,2.0,R1414408,MAP75647940
37070929,MAP,0.0,14.0,1.0,2.0,33.0,90+,,,,29.0,,,,,1.0,R1453741,MAP37070929
98627990,ROS,0.0,18.0,1.0,2.0,34.0,90+,,,,27.0,,,,,1.0,R5305546,ROS98627990
78657384,MAP,0.0,16.0,1.0,2.0,23.0,90+,,,,30.0,,,,,1.0,R3389079,MAP78657384
34287534,MAP,0.0,13.0,1.0,2.0,23.0,90+,90+,90+,,13.9285714285714,6.33333333333333,4.0,4.0,5.0,5.0,R3218482,MAP34287534
20201927,ROS,0.0,16.0,1.0,2.0,33.0,90+,,90+,,23.1818181818182,12.3333333333333,2.0,2.0,2.0,2.0,R4917253,ROS20201927
32016379,MAP,0.0,12.0,1.0,2.0,33.0,90+,,90+,,23.0,5.66666666666667,4.0,1.0,1.0,1.0,R8915904,MAP32016379
23895699,MAP,0.0,9.0,2.0,2.0,33.0,90+,,90+,,26.0,,,,,3.0,R1107831,MAP23895699
15387421,MAP,0.0,12.0,1.0,2.0,34.0,90+,,90+,,3.0,8.83333333333333,5.0,1.0,4.0,4.0,R2398607,MAP15387421
20920239,ROS,0.0,17.0,1.0,2.0,24.0,90+,89.64544832306639,90+,18.8888888888889,14.4,10.1166666666667,4.0,1.0,5.0,5.0,R9537646,ROS20920239
20244554,ROS,0.0,19.0,1.0,2.0,33.0,90+,,90+,,29.0,3.08333333333333,4.0,1.0,2.0,2.0,R6515859,ROS20244554
68005345,MAP,0.0,12.0,1.0,2.0,23.0,90+,,90+,,26.7857142857143,7.83333333333333,4.0,2.0,2.0,2.0,R5203116,MAP68005345
20631825,ROS,0.0,21.0,1.0,2.0,33.0,90+,87.986310746064333,,20.0,10.0,,,,,4.0,R9887572,ROS20631825
50302716,MAP,0.0,14.0,1.0,2.0,33.0,90+,90+,90+,24.0,20.0,5.0,6.0,1.0,4.0,4.0,R7539797,MAP50302716
76137867,MAP,1.0,16.0,1.0,2.0,34.0,90+,,,,26.0,,,,,2.0,R9886093,MAP76137867
21189544,ROS,0.0,18.0,1.0,2.0,23.0,90+,86.92402464065708,90+,21.0,3.0,4.25,5.0,1.0,4.0,4.0,R4042599,ROS21189544
89903942,MAP,1.0,14.0,1.0,2.0,33.0,90+,,90+,,24.0,6.33333333333333,4.0,4.0,2.0,2.0,R8635714,MAP89903942
69982533,MAP,0.0,18.0,1.0,2.0,33.0,90+,87.039014373716626,90+,24.0,19.0,4.41666666666667,5.0,1.0,4.0,4.0,R5955028,MAP69982533
61598125,MAP,0.0,12.0,1.0,2.0,,90+,,90+,,28.0,,,,,2.0,R1406348,MAP61598125
53389845,MAP,0.0,20.0,1.0,2.0,34.0,90+,89.916495550992465,90+,25.8620689655172,13.0,4.33333333333333,4.0,1.0,4.0,4.0,R7141740,MAP53389845
21156103,ROS,0.0,20.0,1.0,2.0,33.0,90+,84.977412731006154,90+,27.0,18.0,5.08333333333333,4.0,2.0,4.0,4.0,R8059669,ROS21156103
38831212,MAP,0.0,14.0,1.0,2.0,33.0,90+,86.844626967830251,,26.0,0.0,,,,,4.0,R4120547,MAP38831212
60278494,MAP,0.0,12.0,1.0,1.0,33.0,90+,90+,90+,14.0,14.0,5.63333333333333,5.0,1.0,4.0,4.0,R5081958,MAP60278494
39541825,MAP,0.0,17.0,1.0,2.0,23.0,90+,,,,28.0,,,,,2.0,R8106109,MAP39541825
19429100,MAP,0.0,12.0,1.0,2.0,23.0,90+,90+,90+,15.0,15.0,11.1166666666667,4.0,2.0,4.0,4.0,R2324505,MAP19429100
73177635,MAP,1.0,16.0,1.0,2.0,33.0,90+,90+,90+,15.0,5.0,38.3333333333333,5.0,2.0,4.0,4.0,R6925335,MAP73177635
37280555,MAP,0.0,12.0,1.0,2.0,33.0,90+,,,,30.0,,,,,1.0,R7142114,MAP37280555
68525196,MAP,1.0,15.0,1.0,2.0,33.0,90+,,90+,,28.0,8.75,4.0,2.0,2.0,2.0,R3211474,MAP68525196
12264727,ROS,0.0,18.0,1.0,2.0,,90+,,,,26.0,,,,,1.0,R2650059,ROS12264727
11105137,ROS,1.0,13.0,1.0,2.0,33.0,90+,88.930869267624914,90+,18.0,7.0,12.9,3.0,1.0,4.0,4.0,R8900496,ROS11105137
20626558,ROS,0.0,18.0,1.0,2.0,33.0,90+,89.913757700205338,90+,24.0,0.0,4.75,5.0,1.0,5.0,5.0,R7669863,ROS20626558
50100220,MAP,0.0,11.0,1.0,1.0,33.0,90+,,90+,,30.0,5.83333333333333,4.0,2.0,1.0,1.0,R5139757,MAP50100220
68671371,ROS,1.0,24.0,1.0,2.0,34.0,90+,,,,30.0,,,,,1.0,R7099030,ROS68671371
20906231,ROS,0.0,16.0,1.0,2.0,34.0,90+,90+,,23.0,19.0,,,,,4.0,R6942254,ROS20906231
40880222,MAP,0.0,16.0,1.0,2.0,23.0,90+,,,,28.0,,,,,1.0,R3928174,MAP40880222
64493027,MAP,0.0,14.0,1.0,2.0,34.0,90+,,90+,,26.0,3.33333333333333,3.0,1.0,1.0,1.0,R3757880,MAP64493027
65212086,MAP,0.0,12.0,1.0,2.0,,90+,,,,26.0,,,,,1.0,R7201625,MAP65212086
20492186,ROS,0.0,16.0,1.0,2.0,34.0,90+,,90+,,13.0,5.5,4.0,2.0,4.0,4.0,R6670564,ROS20492186
86037865,MAP,1.0,16.0,1.0,2.0,33.0,90+,,,,30.0,,,,,1.0,R4682068,MAP86037865
84896566,MAP,0.0,12.0,1.0,2.0,33.0,90+,,90+,,29.0,6.16666666666667,3.0,1.0,1.0,1.0,R1818882,MAP84896566
77108236,MAP,0.0,14.0,1.0,2.0,33.0,90+,,90+,,23.0,6.91666666666667,4.0,4.0,2.0,2.0,R8834304,MAP77108236
21310305,MAP,0.0,13.0,1.0,2.0,33.0,90+,,,,26.0,,,,,2.0,R6300612,MAP21310305
50199993,MAP,0.0,16.0,1.0,2.0,34.0,90+,,90+,,23.0,6.55,5.0,1.0,3.0,1.0,R9587366,MAP50199993
75675336,MAP,0.0,14.0,1.0,2.0,33.0,90+,,90+,,28.0,6.63333333333333,4.0,1.0,1.0,1.0,R8057601,MAP75675336
94115009,MAP,1.0,14.0,1.0,2.0,34.0,90+,,,,23.0,,,,,1.0,R1557804,MAP94115009
72076711,MAP,1.0,28.0,1.0,2.0,33.0,90+,,,,30.0,,,,,1.0,R9892200,MAP72076711
81852640,MAP,0.0,17.0,1.0,2.0,23.0,90+,89.80150581793292,90+,27.0,10.0,4.33333333333333,3.0,1.0,4.0,4.0,R1531359,MAP81852640
95939725,ROS,0.0,18.0,1.0,2.0,,90+,88.870636550308006,90+,23.0,20.0,14.4166666666667,5.0,1.0,4.0,4.0,R9958949,ROS95939725
75862131,MAP,1.0,18.0,1.0,2.0,34.0,90+,85.80698151950719,90+,21.0,0.0,5.91666666666667,5.0,1.0,4.0,4.0,R5936361,MAP75862131
22201143,ROS,0.0,16.0,2.0,2.0,23.0,90+,,,,27.0,,,,,1.0,R9929504,ROS22201143
89649999,MAP,0.0,12.0,1.0,2.0,33.0,90+,84.793976728268305,90+,26.0,9.0,17.8833333333333,1.0,3.0,4.0,4.0,R1912270,MAP89649999
20506587,ROS,0.0,16.0,1.0,1.0,33.0,90+,89.785078713210126,90+,10.0,0.0,4.25,3.0,2.0,4.0,4.0,R1220651,ROS20506587
50107871,MAP,0.0,18.0,1.0,2.0,34.0,90+,84.799452429842574,90+,19.0,0.0,5.0,4.0,1.0,4.0,4.0,R3631183,MAP50107871
34376634,ROS,0.0,22.0,1.0,2.0,33.0,90+,,,,29.0,,,,,2.0,R8667696,ROS34376634
59166782,MAP,0.0,16.0,1.0,2.0,33.0,90+,,,,25.0,,,,,2.0,R5409609,MAP59166782
55296057,MAP,0.0,18.0,1.0,2.0,23.0,90+,,90+,,29.0,,,,1.0,1.0,R7522441,MAP55296057
50104846,MAP,0.0,17.0,1.0,2.0,34.0,90+,90+,90+,24.0,24.0,4.0,4.0,1.0,4.0,5.0,R7758743,MAP50104846
39236493,MAP,1.0,16.0,1.0,2.0,34.0,90+,,,,25.0,,,,,2.0,R3861176,MAP39236493
63144733,MAP,0.0,12.0,1.0,2.0,23.0,90+,88.758384668035589,90+,25.0,12.8571428571429,,,,4.0,4.0,R7277565,MAP63144733
50403996,MAP,0.0,16.0,1.0,2.0,23.0,90+,,90+,,28.8461538461539,10.2333333333333,4.0,4.0,1.0,1.0,R7986338,MAP50403996
77273914,MAP,1.0,16.0,1.0,2.0,34.0,90+,,,,26.0,,,,,3.0,R7485134,MAP77273914
20649389,ROS,0.0,20.0,1.0,2.0,33.0,90+,,90+,,22.0,14.5,4.0,4.0,2.0,2.0,R2599360,ROS20649389
3918123,MAP,0.0,13.0,1.0,2.0,23.0,90+,,,,26.0,,,,,1.0,R5643736,MAP3918123
50408077,MAP,1.0,16.0,1.0,2.0,34.0,90+,90+,90+,20.0,20.0,6.5,4.0,2.0,6.0,4.0,R8813354,MAP50408077
38496173,MAP,0.0,14.0,1.0,2.0,,90+,,,,30.0,,,,,1.0,R9917313,MAP38496173
3380931,MAP,0.0,12.0,1.0,2.0,23.0,90+,85.683778234086247,90+,22.0,0.0,19.6666666666667,6.0,1.0,4.0,4.0,R2246117,MAP3380931
1172523,MAP,0.0,14.0,1.0,2.0,23.0,90+,,,,30.0,,,,,1.0,R1695690,MAP1172523
10436131,ROS,1.0,15.0,1.0,2.0,23.0,90+,,90+,,27.0,4.46666666666667,3.0,4.0,2.0,2.0,R5927382,ROS10436131
130005,MAP,0.0,15.0,1.0,1.0,,90+,,,,29.0,,,,,1.0,R2880482,MAP130005
20130577,ROS,0.0,20.0,1.0,2.0,33.0,90+,,90+,,0.0,8.25,4.0,2.0,6.0,6.0,R4324307,ROS20130577
20886846,ROS,0.0,18.0,1.0,2.0,23.0,90+,90+,90+,16.0,16.0,6.03333333333333,4.0,2.0,4.0,4.0,R6162454,ROS20886846
90544686,MAP,0.0,12.0,1.0,2.0,34.0,90+,,90+,,28.0,5.66666666666667,4.0,2.0,1.0,1.0,R4744901,MAP90544686
51903261,MAP,1.0,16.0,1.0,2.0,33.0,90+,,90+,,1.0,8.16666666666667,5.0,1.0,5.0,5.0,R2837225,MAP51903261
50300372,MAP,0.0,11.0,1.0,2.0,33.0,90+,,,,21.0,,,,,2.0,R8360032,MAP50300372
20261901,ROS,0.0,20.0,1.0,2.0,33.0,90+,90+,90+,19.0,17.0,7.75,5.0,2.0,4.0,5.0,R8629052,ROS20261901
47152743,ROS,0.0,20.0,1.0,2.0,33.0,90+,,,,29.0,,,,,2.0,R5040097,ROS47152743
67819497,ROS,0.0,18.0,1.0,1.0,,90+,,,,18.0,,,,,4.0,R5179359,ROS67819497
21135554,ROS,0.0,21.0,1.0,2.0,33.0,90+,90+,90+,13.0,10.0,16.9333333333333,5.0,2.0,4.0,4.0,R5885245,ROS21135554
5498462,MAP,1.0,14.0,1.0,2.0,33.0,90+,,90+,,27.0,4.91666666666667,3.0,4.0,1.0,1.0,R4323608,MAP5498462
21402016,ROS,0.0,19.0,1.0,2.0,34.0,90+,,90+,,24.0,1.75,5.0,1.0,2.0,2.0,R3579460,ROS21402016
37744074,ROS,1.0,3.0,3.0,1.0,,90+,,90+,,23.0,4.75,4.0,2.0,2.0,2.0,R4674788,ROS37744074
64350487,ROS,0.0,17.0,1.0,1.0,,90+,90+,,18.0,18.0,,,,,4.0,R3077907,ROS64350487
8132197,MAP,0.0,16.0,1.0,2.0,23.0,90+,,90+,,27.0,4.08333333333333,3.0,2.0,2.0,2.0,R7738727,MAP8132197
41725500,MAP,0.0,9.0,1.0,1.0,33.0,90+,,,,23.0,,,,,2.0,R3275898,MAP41725500
90267190,MAP,1.0,16.0,1.0,2.0,33.0,90+,90+,90+,18.0,18.0,13.5833333333333,3.0,2.0,4.0,4.0,R5053212,MAP90267190
20788853,ROS,0.0,20.0,1.0,2.0,34.0,90+,88.596851471594803,,24.0,24.0,,,,,4.0,R7222455,ROS20788853
74753465,MAP,0.0,18.0,1.0,2.0,33.0,90+,89.678302532511978,90+,27.0,12.0,7.75,4.0,2.0,4.0,4.0,R8615683,MAP74753465
63957064,ROS,0.0,20.0,1.0,2.0,,90+,,,,29.0,,,,,2.0,R7382665,ROS63957064
20453625,ROS,0.0,14.0,1.0,2.0,23.0,90+,,90+,,1.0,4.5,4.0,4.0,5.0,5.0,R6003498,ROS20453625
15147641,ROS,1.0,19.0,1.0,2.0,33.0,90+,90+,90+,18.0,15.0,5.5,5.0,1.0,4.0,4.0,R1808099,ROS15147641
29178839,ROS,0.0,17.0,1.0,2.0,23.0,90+,,,,25.0,,,,,2.0,R8238233,ROS29178839
25065975,ROS,0.0,20.0,1.0,2.0,33.0,90+,,,,23.0769230769231,,,,,2.0,R3520994,ROS25065975
49590907,MAP,0.0,18.0,1.0,2.0,33.0,90+,90+,90+,23.0,23.0,,,,,4.0,R9356014,MAP49590907
50105301,MAP,1.0,12.0,1.0,2.0,33.0,90+,,90+,,28.0,7.75,5.0,2.0,1.0,1.0,R5505495,MAP50105301
20293913,ROS,0.0,18.0,1.0,2.0,33.0,90+,,,,29.0,,,,,2.0,R2575328,ROS20293913
50101073,MAP,0.0,12.0,1.0,2.0,34.0,90+,87.482546201232026,90+,24.0,7.0,4.66666666666667,5.0,2.0,5.0,5.0,R8850524,MAP50101073
2673641,MAP,1.0,12.0,1.0,2.0,33.0,90+,,90+,,29.0,7.25,3.0,4.0,1.0,1.0,R6013281,MAP2673641
24185338,MAP,0.0,18.0,5.0,2.0,33.0,90+,,90+,,30.0,,,,,6.0,R7687041,MAP24185338
98844813,MAP,0.0,11.0,2.0,2.0,44.0,90+,,,,23.0,,,,,2.0,R3098737,MAP98844813
88488240,MAP,1.0,15.0,1.0,2.0,33.0,90+,,90+,,26.0,5.98333333333333,4.0,2.0,1.0,1.0,R9462928,MAP88488240
2817047,MAP,1.0,20.0,1.0,2.0,33.0,90+,,90+,,12.0,4.91666666666667,5.0,1.0,4.0,4.0,R9662437,MAP2817047
23791808,MAP,0.0,12.0,1.0,2.0,33.0,90+,88.509240246406577,90+,3.0,15.0,14.1666666666667,5.0,2.0,4.0,4.0,R5443007,MAP23791808
20224046,ROS,0.0,25.0,1.0,2.0,33.0,90+,,90+,,28.0,9.5,5.0,1.0,2.0,2.0,R6031914,ROS20224046
50301125,MAP,0.0,13.0,1.0,2.0,33.0,90+,,90+,,30.0,4.75,4.0,2.0,1.0,1.0,R8329066,MAP50301125
10319069,ROS,1.0,12.0,1.0,2.0,33.0,90+,,90+,,25.0,7.86666666666667,2.0,3.0,1.0,1.0,R2499778,ROS10319069
20849017,ROS,0.0,17.0,1.0,1.0,33.0,90+,,90+,,23.0,3.41666666666667,4.0,2.0,4.0,2.0,R4455627,ROS20849017
87779516,MAP,0.0,15.0,1.0,2.0,33.0,90+,,90+,,28.0,5.33333333333333,3.0,4.0,1.0,1.0,R6392007,MAP87779516
85395114,MAP,0.0,9.0,1.0,2.0,33.0,90+,,,,26.0,,,,,1.0,R1318612,MAP85395114
87585034,MAP,0.0,8.0,1.0,2.0,33.0,90+,,,,26.0,,,,,1.0,R2839403,MAP87585034
21123050,ROS,0.0,24.0,1.0,2.0,33.0,90+,,90+,,28.0,19.0,3.0,2.0,1.0,1.0,R9698880,ROS21123050
78072753,MAP,1.0,18.0,1.0,2.0,34.0,90+,90+,90+,22.0,21.0,6.5,4.0,2.0,4.0,4.0,R4625432,MAP78072753
20162877,ROS,0.0,18.0,1.0,2.0,33.0,90+,89.407255304585902,90+,20.0,22.0,28.1666666666667,3.0,3.0,4.0,5.0,R4789113,ROS20162877
25580771,MAP,0.0,18.0,1.0,2.0,33.0,90+,90+,90+,27.0,21.0,5.3,3.0,2.0,4.0,4.0,R3535957,MAP25580771
90439144,MAP,0.0,13.0,1.0,2.0,33.0,90+,,,,28.0,,,,,1.0,R8651269,MAP90439144
10101039,ROS,1.0,19.0,1.0,2.0,33.0,90+,90+,90+,23.0,17.0,14.1666666666667,4.0,2.0,4.0,4.0,R2688135,ROS10101039
40510997,MAP,0.0,16.0,1.0,2.0,33.0,90+,89.379876796714584,90+,26.0,26.0,5.0,4.0,1.0,4.0,5.0,R6103640,MAP40510997
69577198,MAP,0.0,12.0,1.0,2.0,33.0,90+,85.448323066392888,90+,20.0,4.0,8.45,5.0,1.0,4.0,4.0,R9610864,MAP69577198
65001607,MAP,0.0,15.0,1.0,2.0,33.0,90+,,90+,,28.0,6.65,4.0,3.0,2.0,2.0,R5907586,MAP65001607
44019405,MAP,1.0,18.0,1.0,2.0,34.0,90+,88.301163586584536,90+,18.2142857142857,15.0,6.16666666666667,5.0,1.0,4.0,4.0,R2992930,MAP44019405
21126823,ROS,0.0,18.0,1.0,2.0,33.0,90+,,90+,,27.0,6.28333333333333,1.0,4.0,2.0,2.0,R6267541,ROS21126823
50403572,MAP,1.0,16.0,1.0,2.0,33.0,90+,,90+,,26.0,,,,2.0,2.0,R6681276,MAP50403572
11384054,ROS,1.0,12.0,1.0,2.0,34.0,90+,89.330595482546201,90+,17.0,16.0,,5.0,1.0,4.0,4.0,R5967764,ROS11384054
34781079,MAP,0.0,11.0,1.0,2.0,33.0,90+,,90+,,22.0,,,,2.0,2.0,R4169660,MAP34781079
21104719,ROS,0.0,22.0,1.0,2.0,23.0,90+,,,,30.0,,,,,1.0,R1674535,ROS21104719
46547648,MAP,1.0,18.0,1.0,2.0,33.0,90+,,90+,,4.0,6.41666666666667,4.0,2.0,4.0,4.0,R2396089,MAP46547648
56629174,MAP,0.0,12.0,1.0,2.0,33.0,90+,88.002737850787128,,29.0,22.0,,,,,4.0,R4181979,MAP56629174
50404749,MAP,0.0,12.0,1.0,2.0,34.0,90+,,90+,,10.0,3.75,5.0,1.0,4.0,4.0,R2866440,MAP50404749
21402728,ROS,0.0,22.0,1.0,2.0,33.0,90+,,,,28.0,,,,,1.0,R8309820,ROS21402728
65292866,MAP,1.0,20.0,1.0,2.0,33.0,90+,90+,90+,18.0,18.0,4.41666666666667,3.0,1.0,4.0,4.0,R4903779,MAP65292866
52318052,ROS,1.0,20.0,1.0,2.0,22.0,90+,89.289527720739216,90+,22.0,21.0,6.0,2.0,4.0,4.0,4.0,R3721762,ROS52318052
55603674,MAP,1.0,14.0,1.0,2.0,33.0,90+,,,,29.0,,,,,1.0,R8786725,MAP55603674
79953855,MAP,0.0,13.0,1.0,2.0,33.0,90+,,,,28.0,,,,,1.0,R2053289,MAP79953855
29513392,MAP,0.0,16.0,1.0,2.0,,90+,,,,30.0,,,,,1.0,R3611507,MAP29513392
10510090,ROS,1.0,25.0,1.0,2.0,33.0,90+,,90+,,23.0,5.01666666666667,3.0,4.0,2.0,2.0,R7911202,ROS10510090
11322762,ROS,1.0,20.0,1.0,2.0,33.0,90+,89.316906228610534,90+,9.23076923076923,6.0,15.75,5.0,1.0,4.0,4.0,R7921540,ROS11322762
63290882,MAP,1.0,13.0,2.0,2.0,34.0,90+,85.35797399041752,90+,26.0,26.0,,,,2.0,2.0,R6136996,MAP63290882
46516939,MAP,0.0,12.0,1.0,2.0,23.0,90+,,,,29.0,,,,,1.0,R3054664,MAP46516939
75495116,MAP,1.0,16.0,1.0,2.0,24.0,90+,87.824777549623548,90+,24.0,16.0,,,,4.0,4.0,R3004279,MAP75495116
20368015,ROS,0.0,16.0,1.0,2.0,34.0,90+,,90+,,28.0,6.0,5.0,2.0,2.0,2.0,R6449652,ROS20368015
17659730,MAP,0.0,12.0,2.0,2.0,23.0,90+,90+,90+,25.2,25.2,,,,4.0,4.0,R8080517,MAP17659730
50106730,MAP,1.0,17.0,1.0,2.0,33.0,90+,89.218343600273784,90+,24.0,24.0,4.0,4.0,1.0,4.0,4.0,R3035452,MAP50106730
43536587,MAP,0.0,16.0,1.0,2.0,33.0,90+,,90+,,27.0,5.61666666666667,2.0,4.0,1.0,1.0,R3039703,MAP43536587
20934339,ROS,0.0,16.0,1.0,2.0,34.0,90+,,90+,,18.0,18.6333333333333,1.0,2.0,5.0,6.0,R2960838,ROS20934339
35259170,MAP,0.0,14.0,1.0,2.0,33.0,90+,,,,27.0,,,,,1.0,R4378043,MAP35259170
39680713,MAP,0.0,16.0,1.0,2.0,33.0,90+,,90+,,28.0,11.75,4.0,1.0,1.0,1.0,R1775046,MAP39680713
21412626,ROS,0.0,24.0,1.0,2.0,23.0,90+,,90+,,24.0,15.3333333333333,3.0,4.0,1.0,1.0,R4739508,ROS21412626
53200779,MAP,0.0,16.0,1.0,2.0,33.0,90+,88.194387405886374,90+,26.0,13.0,,,,4.0,4.0,R5166574,MAP53200779
80930779,MAP,0.0,13.0,1.0,2.0,34.0,90+,,,,29.0,,,,,1.0,R1174690,MAP80930779
50102790,MAP,0.0,12.0,1.0,2.0,33.0,90+,88.818617385352496,90+,13.0,0.0,4.33333333333333,5.0,1.0,4.0,4.0,R8216364,MAP50102790
21133372,ROS,0.0,21.0,1.0,2.0,33.0,90+,,90+,,30.0,8.5,4.0,2.0,1.0,1.0,R9505099,ROS21133372
61142759,MAP,0.0,16.0,1.0,2.0,33.0,90+,,90+,,28.0,2.5,1.0,2.0,1.0,1.0,R7272395,MAP61142759
3052480,MAP,0.0,20.0,1.0,1.0,23.0,90+,,90+,,15.0,10.5833333333333,4.0,2.0,2.0,2.0,R5422277,MAP3052480
96016939,MAP,0.0,13.0,1.0,2.0,33.0,90+,,90+,,24.0,5.83333333333333,4.0,2.0,2.0,2.0,R2039807,MAP96016939
80450368,MAP,1.0,18.0,1.0,2.0,33.0,90+,90+,90+,23.0,23.0,11.8333333333333,5.0,1.0,4.0,4.0,R2429252,MAP80450368
13635552,MAP,0.0,15.0,1.0,2.0,33.0,90+,,90+,,24.0,,,,1.0,1.0,R8945048,MAP13635552
20561642,ROS,0.0,14.0,1.0,2.0,34.0,90+,82.017796030116358,90+,22.0,2.0,6.58333333333333,5.0,1.0,4.0,4.0,R6226355,ROS20561642
35913453,MAP,1.0,4.0,1.0,1.0,33.0,90+,90+,90+,12.0,12.0,10.3666666666667,4.0,2.0,4.0,4.0,R5757577,MAP35913453
10439580,ROS,1.0,8.0,1.0,2.0,33.0,90+,,90+,,24.0,3.5,3.0,4.0,2.0,2.0,R1617569,ROS10439580
83001827,MAP,0.0,13.0,1.0,2.0,33.0,90+,89.823408624229984,90+,,28.0,5.63333333333333,4.0,1.0,4.0,4.0,R3039038,MAP83001827
32689956,MAP,0.0,12.0,1.0,2.0,34.0,90+,,90+,,22.0,38.3333333333333,4.0,4.0,6.0,6.0,R9020235,MAP32689956
18659212,MAP,1.0,19.0,1.0,2.0,33.0,90+,,90+,,25.0,6.8,3.0,3.0,2.0,1.0,R7627203,MAP18659212
81783210,MAP,0.0,18.0,1.0,2.0,33.0,90+,86.680355920602324,,26.0,14.0,,,,,4.0,R3902954,MAP81783210
50300660,MAP,1.0,15.0,1.0,2.0,33.0,90+,,90+,,28.0,10.0,2.0,1.0,2.0,2.0,R2097247,MAP50300660
91018909,MAP,1.0,12.0,1.0,2.0,22.0,90+,,90+,,24.0,8.75,3.0,3.0,5.0,5.0,R1588427,MAP91018909
80368783,MAP,1.0,17.0,1.0,2.0,23.0,90+,,90+,,25.0,15.2,3.0,2.0,2.0,2.0,R1229172,MAP80368783
21000180,ROS,0.0,16.0,1.0,2.0,33.0,90+,90+,90+,21.0,23.0,4.85,3.0,2.0,4.0,4.0,R1074668,ROS21000180
16879494,MAP,0.0,13.0,1.0,2.0,,90+,90+,90+,11.0,4.0,6.1,,,4.0,5.0,R5396892,MAP16879494
21191200,ROS,0.0,15.0,1.0,2.0,34.0,90+,,90+,,23.0,2.75,5.0,2.0,2.0,2.0,R2670295,ROS21191200
17375017,MAP,0.0,16.0,1.0,2.0,,90+,89.626283367556468,90+,23.0,11.0,22.3333333333333,1.0,2.0,4.0,4.0,R9991313,MAP17375017
99809748,MAP,0.0,15.0,1.0,2.0,33.0,90+,,,,29.0,,,,,2.0,R5223912,MAP99809748
21144735,ROS,0.0,14.0,1.0,2.0,33.0,90+,87.080082135523611,90+,23.0,22.0,5.08333333333333,5.0,1.0,4.0,5.0,R5574547,ROS21144735
64216968,MAP,0.0,16.0,1.0,2.0,23.0,90+,,90+,,25.0,14.5,3.0,4.0,1.0,1.0,R6414128,MAP64216968
10101615,ROS,1.0,18.0,1.0,2.0,33.0,90+,,,,28.0,,,,,1.0,R6538972,ROS10101615
74105189,ROS,0.0,20.0,1.0,2.0,34.0,90+,,,,22.0,,,,,2.0,R7319602,ROS74105189
16068769,MAP,1.0,23.0,1.0,2.0,34.0,90+,,90+,,29.0,8.13333333333333,1.0,4.0,1.0,1.0,R6086139,MAP16068769
11478659,ROS,1.0,15.0,1.0,2.0,33.0,90+,87.00342231348391,90+,21.0,18.0,4.13333333333333,2.0,1.0,4.0,4.0,R8538554,ROS11478659
9165434,MAP,0.0,13.0,1.0,2.0,33.0,90+,,,,24.0,,,,,2.0,R3339579,MAP9165434
33725003,MAP,0.0,12.0,1.0,2.0,22.0,90+,,90+,,28.0,,,,2.0,2.0,R9241809,MAP33725003
83944153,MAP,1.0,16.0,1.0,2.0,34.0,90+,,90+,,27.0,11.0333333333333,4.0,1.0,1.0,1.0,R6972283,MAP83944153
20537160,ROS,0.0,14.0,1.0,2.0,34.0,90+,87.983572895277206,90+,22.0,13.0,5.45,5.0,1.0,4.0,6.0,R4894433,ROS20537160
57291516,ROS,0.0,13.0,1.0,1.0,33.0,90+,,90+,,15.0,1.25,5.0,1.0,2.0,2.0,R4824797,ROS57291516
20733146,ROS,0.0,21.0,1.0,2.0,33.0,90+,,90+,,24.0,7.9,4.0,3.0,2.0,2.0,R6152556,ROS20733146
4493359,MAP,0.0,10.0,1.0,2.0,33.0,90+,,90+,,29.0,36.75,4.0,1.0,1.0,1.0,R9213383,MAP4493359
20608934,ROS,0.0,12.0,1.0,2.0,33.0,90+,,,,27.0,,,,,2.0,R6173491,ROS20608934
82624422,MAP,0.0,12.0,1.0,2.0,23.0,90+,,90+,,26.0,4.76666666666667,4.0,3.0,2.0,1.0,R8553520,MAP82624422
17705889,MAP,0.0,11.0,1.0,2.0,23.0,90+,88.062970568104035,,16.0,11.0,,,,,4.0,R6190970,MAP17705889
83700171,MAP,0.0,14.0,7.0,2.0,33.0,90+,,,,26.0,,,,,1.0,R3847029,MAP83700171
80834968,MAP,1.0,10.0,1.0,2.0,,90+,,,,23.0,,,,,2.0,R5721679,MAP80834968
50102538,MAP,1.0,17.0,1.0,2.0,33.0,90+,,90+,,23.0,,,,4.0,4.0,R2600779,MAP50102538
36773029,MAP,0.0,12.0,1.0,2.0,23.0,90+,,90+,,29.0,6.08333333333333,4.0,2.0,1.0,1.0,R2928383,MAP36773029
72777797,MAP,1.0,21.0,1.0,2.0,33.0,90+,,90+,,28.0,6.86666666666667,2.0,4.0,1.0,1.0,R7029629,MAP72777797
28086510,MAP,0.0,12.0,1.0,2.0,34.0,90+,,,,19.0,,,,,2.0,R4866682,MAP28086510
21409243,ROS,0.0,18.0,1.0,2.0,34.0,90+,,90+,,26.0,14.5,5.0,1.0,2.0,2.0,R5407536,ROS21409243
88558711,MAP,0.0,16.0,1.0,2.0,44.0,90+,,,,28.0,,,,,2.0,R6259716,MAP88558711
67429065,MAP,1.0,16.0,1.0,2.0,33.0,90+,,90+,,26.0,6.86666666666667,2.0,4.0,2.0,2.0,R1407047,MAP67429065
94630355,MAP,1.0,12.0,1.0,2.0,33.0,90+,,90+,,26.0,5.91666666666667,3.0,4.0,1.0,1.0,R6512087,MAP94630355
20987152,ROS,0.0,12.0,1.0,2.0,33.0,90+,,,,29.0,,,,,1.0,R6707753,ROS20987152
39326472,ROS,0.0,18.0,1.0,2.0,34.0,90+,,,,28.0,,,,,1.0,R5060013,ROS39326472
84642424,MAP,0.0,12.0,1.0,2.0,44.0,90+,,90+,,6.0,5.58333333333333,5.0,1.0,5.0,5.0,R5385855,MAP84642424
63740337,MAP,1.0,12.0,1.0,2.0,23.0,90+,,90+,,24.0,,,,2.0,2.0,R2020593,MAP63740337
50102664,MAP,0.0,14.0,1.0,2.0,23.0,90+,,90+,,30.0,4.0,3.0,2.0,1.0,1.0,R1353719,MAP50102664
22202446,ROS,0.0,18.0,2.0,2.0,33.0,90+,,90+,,8.18181818181818,3.95,4.0,2.0,5.0,5.0,R4053861,ROS22202446
50402693,MAP,1.0,16.0,1.0,2.0,34.0,90+,86.921286789869953,90+,23.0,5.0,8.6,4.0,3.0,4.0,4.0,R8075334,MAP50402693
20936511,ROS,0.0,18.0,1.0,2.0,23.0,90+,,90+,,27.0,,,,1.0,1.0,R4621416,ROS20936511
91189485,MAP,0.0,17.0,1.0,2.0,33.0,90+,,90+,,29.0,,,,1.0,1.0,R7977024,MAP91189485
20222990,ROS,0.0,20.0,1.0,2.0,33.0,90+,,,,27.0,,,,,1.0,R9043023,ROS20222990
45996017,ROS,0.0,20.0,1.0,2.0,23.0,90+,,,,29.0,,,,,1.0,R2611601,ROS45996017
90906596,MAP,0.0,16.0,1.0,2.0,33.0,90+,,,,24.0,,,,,2.0,R8959417,MAP90906596
50104558,MAP,1.0,15.0,1.0,2.0,33.0,90+,89.935660506502401,90+,17.0,15.0,5.03333333333333,5.0,1.0,4.0,4.0,R1731208,MAP50104558
51624179,MAP,0.0,12.0,1.0,2.0,34.0,90+,,90+,,10.0,8.25,5.0,1.0,4.0,4.0,R3744330,MAP51624179
54739607,MAP,0.0,12.0,1.0,2.0,34.0,90+,85.894592744695416,90+,21.0,0.0,7.13333333333333,6.0,1.0,4.0,4.0,R7129211,MAP54739607
87645445,MAP,0.0,12.0,1.0,2.0,34.0,90+,,90+,,3.0,6.68333333333333,5.0,1.0,4.0,4.0,R5573393,MAP87645445
20133764,ROS,0.0,18.0,1.0,2.0,33.0,90+,,90+,,7.0,5.0,4.0,2.0,5.0,5.0,R1873450,ROS20133764
10245134,ROS,1.0,20.0,1.0,2.0,33.0,90+,,,,28.0,,,,,1.0,R6785559,ROS10245134
21405591,ROS,0.0,18.0,1.0,2.0,33.0,90+,89.891854893908288,,22.0,16.0,,,,,4.0,R2038768,ROS21405591
34846309,MAP,0.0,19.0,1.0,2.0,,90+,,,,29.0,,,,,1.0,R6154514,MAP34846309
2108769,MAP,0.0,16.0,1.0,2.0,23.0,90+,,,,24.0,,,,,6.0,R2139164,MAP2108769
21001195,ROS,0.0,20.0,1.0,2.0,33.0,90+,,90+,,26.0,6.38333333333333,4.0,2.0,2.0,2.0,R7645936,ROS21001195
15706704,ROS,1.0,20.0,1.0,2.0,22.0,90+,,,,26.0,,,,,2.0,R6231318,ROS15706704
46226934,MAP,0.0,10.0,1.0,2.0,33.0,90+,90+,,17.0,17.0,,,,,4.0,R8855469,MAP46226934
16322424,MAP,1.0,16.0,1.0,2.0,33.0,90+,,90+,,27.0,10.6666666666667,4.0,4.0,2.0,2.0,R4226008,MAP16322424
22100125,ROS,0.0,22.0,2.0,2.0,34.0,90+,,,,29.0,,,,,2.0,R5782441,ROS22100125
20583594,ROS,0.0,16.0,1.0,2.0,33.0,90+,,90+,,26.0,4.41666666666667,3.0,3.0,2.0,2.0,R6887989,ROS20583594
87386573,MAP,0.0,18.0,1.0,2.0,33.0,90+,,,,30.0,,,,,1.0,R6836340,MAP87386573
72103655,ROS,0.0,12.0,1.0,1.0,,90+,,,,1.0,,,,,4.0,R5145304,ROS72103655
50401976,MAP,1.0,13.0,1.0,2.0,33.0,90+,90+,90+,,29.0,8.75,3.0,4.0,1.0,4.0,R7255476,MAP50401976
7761236,MAP,1.0,14.0,1.0,2.0,34.0,90+,,,,29.0,,,,,1.0,R8134950,MAP7761236
24219409,MAP,0.0,16.0,1.0,2.0,23.0,90+,,90+,,28.0,5.35,3.0,4.0,1.0,1.0,R4597099,MAP24219409
21112011,ROS,0.0,18.0,1.0,2.0,33.0,90+,,90+,,29.0,5.75,5.0,1.0,2.0,2.0,R7540069,ROS21112011
27639071,ROS,0.0,18.0,1.0,2.0,33.0,90+,,,,30.0,,,,,1.0,R7661596,ROS27639071
92613520,MAP,0.0,16.0,1.0,2.0,33.0,90+,,90+,,29.0,4.25,3.0,4.0,2.0,2.0,R1344510,MAP92613520
80851441,MAP,0.0,16.0,1.0,2.0,,90+,,,,28.0,,,,,2.0,R6936372,MAP80851441
42988567,MAP,1.0,16.0,1.0,2.0,34.0,90+,,90+,,0.0,6.03333333333333,5.0,1.0,4.0,4.0,R2635318,MAP42988567
50300822,MAP,0.0,12.0,1.0,2.0,34.0,90+,90+,90+,12.0,12.0,5.83333333333333,5.0,2.0,4.0,4.0,R6352950,MAP50300822
52298793,MAP,0.0,13.0,1.0,2.0,33.0,90+,,,,24.0,,,,,2.0,R5459329,MAP52298793
54497344,MAP,1.0,16.0,5.0,2.0,,90+,,,,15.0,,,,,4.0,R9897810,MAP54497344
50107583,MAP,1.0,18.0,1.0,2.0,33.0,90+,,90+,,18.8888888888889,4.86666666666667,3.0,4.0,2.0,1.0,R1944372,MAP50107583
49094578,MAP,1.0,13.0,1.0,2.0,33.0,90+,,,,28.0,,,,,1.0,R6877756,MAP49094578
95252909,MAP,0.0,18.0,1.0,2.0,33.0,90+,90+,,19.0,19.0,,,,,5.0,R9981415,MAP95252909
17497710,MAP,0.0,13.0,1.0,2.0,33.0,90+,89.727583846680361,,23.0,18.0,,,,,4.0,R6150718,MAP17497710
15778868,ROS,1.0,20.0,1.0,2.0,33.0,90+,,90+,,23.75,16.8333333333333,2.0,4.0,1.0,1.0,R2451689,ROS15778868
29806034,MAP,1.0,16.0,1.0,2.0,33.0,90+,84.525667351129357,,21.0,15.0,,,,,4.0,R5498882,MAP29806034
20143248,ROS,0.0,20.0,1.0,2.0,33.0,90+,,90+,,28.0,3.33333333333333,4.0,3.0,2.0,2.0,R8293796,ROS20143248
87942151,MAP,0.0,13.0,1.0,2.0,33.0,90+,,,,26.0,,,,,1.0,R7818393,MAP87942151
38292829,MAP,0.0,14.0,1.0,2.0,33.0,90+,,,,29.0,,,,,1.0,R5748823,MAP38292829
36220549,MAP,0.0,12.0,1.0,2.0,34.0,90+,,,,29.0,,,,,1.0,R5751268,MAP36220549
20952377,ROS,0.0,12.0,1.0,2.0,33.0,90+,,,,26.0,,,,,2.0,R3293636,ROS20952377
85578107,MAP,0.0,16.0,1.0,2.0,33.0,90+,,90+,,0.0,8.66666666666667,5.0,1.0,4.0,4.0,R3019567,MAP85578107
50301701,MAP,0.0,19.0,1.0,2.0,34.0,90+,,90+,,29.0,4.18333333333333,4.0,3.0,1.0,1.0,R6070702,MAP50301701
20603141,ROS,0.0,16.0,1.0,2.0,23.0,90+,90+,90+,25.0,25.0,5.0,3.0,3.0,4.0,4.0,R6001210,ROS20603141
56025914,MAP,0.0,15.0,1.0,2.0,33.0,90+,90+,90+,24.0,24.0,9.0,2.0,4.0,4.0,4.0,R3883590,MAP56025914
15656453,MAP,0.0,18.0,1.0,2.0,33.0,90+,,,,29.0,,,,,1.0,R4570390,MAP15656453
26637867,MAP,0.0,8.0,1.0,2.0,33.0,90+,,90+,,25.0,7.45,4.0,2.0,2.0,2.0,R5225865,MAP26637867
20850218,ROS,0.0,16.0,1.0,2.0,33.0,90+,89.683778234086247,,15.0,16.0,,,,,4.0,R5784514,ROS20850218
72419830,MAP,1.0,13.0,2.0,2.0,34.0,90+,89.648186173853531,90+,21.4285714285714,24.0,,,,2.0,2.0,R2617465,MAP72419830
71070017,MAP,0.0,21.0,1.0,2.0,33.0,90+,,,,28.0,,,,,2.0,R4831598,MAP71070017
57978468,MAP,0.0,13.0,1.0,2.0,34.0,90+,89.670088980150581,90+,21.0,9.0,5.63333333333333,5.0,1.0,4.0,4.0,R2732138,MAP57978468
20966891,ROS,0.0,15.0,1.0,2.0,33.0,90+,,90+,,27.0,2.41666666666667,3.0,2.0,1.0,1.0,R7369657,ROS20966891
50404299,MAP,0.0,16.0,1.0,2.0,24.0,90+,90+,90+,19.0,19.0,3.5,3.0,2.0,4.0,4.0,R2398487,MAP50404299
31143443,MAP,1.0,17.0,1.0,2.0,34.0,90+,90+,90+,24.0,24.0,16.5666666666667,5.0,1.0,4.0,4.0,R7767382,MAP31143443
36689398,MAP,0.0,12.0,1.0,2.0,22.0,90+,,,,29.0,,,,,1.0,R4247058,MAP36689398
20914669,ROS,0.0,16.0,1.0,2.0,24.0,90+,86.524298425735793,90+,19.0,23.0,8.16666666666667,4.0,1.0,4.0,4.0,R4906216,ROS20914669
77366180,MAP,0.0,18.0,1.0,2.0,34.0,90+,,,,27.0,,,,,2.0,R1268300,MAP77366180
11145865,ROS,1.0,13.0,1.0,2.0,33.0,90+,,90+,,30.0,16.7,2.0,4.0,1.0,1.0,R3142390,ROS11145865
20171922,ROS,0.0,20.0,1.0,2.0,33.0,90+,,,,30.0,,,,,1.0,R1698462,ROS20171922
11460357,ROS,1.0,17.0,1.0,2.0,33.0,90+,89.483915126625604,90+,27.0,27.0,1.5,4.0,1.0,2.0,2.0,R5079327,ROS11460357
79521487,MAP,0.0,16.0,1.0,2.0,23.0,90+,,90+,,29.0,7.78333333333333,1.0,3.0,1.0,1.0,R5253161,MAP79521487
72452755,ROS,0.0,18.0,1.0,2.0,33.0,90+,,,,29.0,,,,,1.0,R9399153,ROS72452755
20732429,ROS,0.0,18.0,1.0,2.0,33.0,90+,85.522245037645447,90+,27.0,1.0,4.5,5.0,1.0,4.0,4.0,R1088362,ROS20732429
21002074,ROS,0.0,18.0,1.0,2.0,33.0,90+,,90+,,20.0,9.53333333333333,3.0,2.0,2.0,2.0,R6833243,ROS21002074
36128228,MAP,0.0,13.0,1.0,2.0,33.0,90+,89.522245037645447,90+,19.0,16.0,,,,4.0,4.0,R1130747,MAP36128228
43211671,MAP,0.0,18.0,1.0,2.0,33.0,90+,,,,25.0,,,,,2.0,R4507557,MAP43211671
48565938,ROS,1.0,16.0,1.0,2.0,34.0,90+,,,,27.0,,,,,2.0,R2982147,ROS48565938
15436055,ROS,1.0,19.0,1.0,2.0,34.0,90+,,90+,,30.0,16.0,4.0,1.0,2.0,2.0,R3632002,ROS15436055
47189548,MAP,1.0,21.0,1.0,2.0,33.0,90+,,90+,,15.0,6.68333333333333,5.0,1.0,4.0,4.0,R6429301,MAP47189548
58614447,ROS,0.0,18.0,1.0,2.0,33.0,90+,86.521560574948666,,27.0,27.0,,,,,4.0,R2635863,ROS58614447
70917649,MAP,0.0,12.0,1.0,2.0,33.0,90+,,90+,,28.0,6.25,3.0,4.0,1.0,1.0,R6292415,MAP70917649
58748932,ROS,0.0,21.0,1.0,2.0,33.0,90+,89.125256673511288,,24.0,17.0,,,,,4.0,R3964085,ROS58748932
22100675,ROS,0.0,21.0,2.0,1.0,33.0,90+,88.350444900752905,90+,22.0,21.0,8.75,3.0,1.0,4.0,5.0,R9217634,ROS22100675
96370720,MAP,0.0,18.0,1.0,2.0,,90+,90+,,23.0,23.0,,,,,4.0,R8242157,MAP96370720
40401703,MAP,0.0,16.0,1.0,2.0,34.0,90+,,,,28.0,,,,,1.0,R2070768,MAP40401703
10509637,ROS,1.0,18.0,1.0,2.0,33.0,90+,,90+,,22.0,5.43333333333333,3.0,1.0,2.0,2.0,R8407674,ROS10509637
26975216,MAP,1.0,21.0,1.0,2.0,33.0,90+,,,,28.0,,,,,1.0,R6045058,MAP26975216
51802667,MAP,1.0,14.0,1.0,2.0,,90+,,,,27.0,,,,,1.0,R9551913,MAP51802667
2910247,ROS,0.0,18.0,1.0,2.0,,90+,,,,28.0,,,,,2.0,R9825116,ROS2910247
10479506,ROS,1.0,16.0,1.0,2.0,33.0,90+,,,,28.0,,,,,1.0,R1039896,ROS10479506
10233504,ROS,1.0,21.0,1.0,2.0,23.0,90+,,,,30.0,,,,,1.0,R4878873,ROS10233504
38264019,MAP,1.0,14.0,1.0,2.0,,90+,,,,28.0,,,,,1.0,R5812177,MAP38264019
50300110,MAP,0.0,12.0,1.0,2.0,34.0,90+,87.340177960301162,90+,21.0,23.0,12.0,5.0,1.0,4.0,4.0,R3991357,MAP50300110
29286432,ROS,1.0,24.0,1.0,2.0,34.0,90+,,90+,,29.0,0.866666666666667,5.0,2.0,2.0,2.0,R7844746,ROS29286432
94803738,MAP,0.0,16.0,1.0,2.0,33.0,90+,87.386721423682403,90+,15.0,3.0,6.16666666666667,5.0,2.0,4.0,4.0,R1065794,MAP94803738
55772716,MAP,0.0,13.0,1.0,2.0,23.0,90+,,90+,,28.0,5.75,3.0,3.0,1.0,1.0,R8794770,MAP55772716
33752510,MAP,1.0,12.0,1.0,2.0,,90+,,,,27.0,,,,,2.0,R1021281,MAP33752510
48697089,MAP,0.0,12.0,1.0,2.0,33.0,90+,,90+,,28.0,6.6,4.0,2.0,1.0,1.0,R3110303,MAP48697089
13269830,MAP,1.0,21.0,1.0,2.0,33.0,90+,87.405886379192339,90+,20.0,20.0,8.5,1.0,2.0,4.0,4.0,R7361500,MAP13269830
33707641,MAP,0.0,12.0,1.0,2.0,33.0,90+,,90+,,27.0,,,,2.0,2.0,R2581975,MAP33707641
21001645,ROS,0.0,18.0,1.0,2.0,34.0,90+,,90+,,22.0,9.18333333333333,3.0,1.0,6.0,6.0,R4601830,ROS21001645
11371707,ROS,1.0,21.0,1.0,2.0,33.0,90+,87.331964407939765,90+,19.0,24.0,2.33333333333333,4.0,1.0,4.0,4.0,R1571066,ROS11371707
64150173,MAP,1.0,13.0,1.0,2.0,34.0,90+,90+,90+,17.0,17.0,9.2,1.0,4.0,5.0,5.0,R5956387,MAP64150173
11183735,ROS,1.0,18.0,1.0,2.0,33.0,90+,,,,22.0,,,,,2.0,R6794083,ROS11183735
19543111,ROS,0.0,18.0,1.0,2.0,33.0,90+,,90+,,29.0,7.58333333333333,3.0,3.0,1.0,1.0,R3219416,ROS19543111
12159997,ROS,0.0,16.0,1.0,2.0,34.0,90+,,,,27.0,,,,,1.0,R1130412,ROS12159997
10262905,ROS,1.0,18.0,1.0,2.0,24.0,90+,,90+,,25.0,9.58333333333333,5.0,2.0,4.0,4.0,R9473965,ROS10262905
22207653,ROS,0.0,16.0,2.0,2.0,33.0,90+,76.733744010951398,,25.0,24.0,,,,,5.0,R9221003,ROS22207653
35286551,MAP,0.0,12.0,1.0,2.0,33.0,90+,,90+,,26.0,11.75,4.0,1.0,2.0,2.0,R1262106,MAP35286551
39407432,MAP,1.0,12.0,1.0,2.0,33.0,90+,89.295003422313485,90+,18.0,7.0,5.76666666666667,5.0,1.0,5.0,4.0,R3519397,MAP39407432
40530379,MAP,0.0,16.0,1.0,2.0,33.0,90+,89.314168377823407,,17.0,14.0,,,,,5.0,R1172412,MAP40530379
50409532,MAP,1.0,18.0,1.0,2.0,34.0,90+,90+,90+,20.0,20.0,7.41666666666667,4.0,1.0,4.0,4.0,R5188003,MAP50409532
70669392,MAP,1.0,16.0,1.0,2.0,23.0,90+,89.229295003422308,90+,21.0,23.0,,,,4.0,4.0,R5694600,MAP70669392
37946272,MAP,0.0,16.0,1.0,2.0,33.0,90+,,,,29.0,,,,,2.0,R6990241,MAP37946272
61215831,ROS,0.0,20.0,1.0,2.0,33.0,90+,,90+,,21.0,4.58333333333333,4.0,1.0,4.0,4.0,R8713097,ROS61215831
60788211,ROS,1.0,20.0,1.0,2.0,33.0,90+,,90+,,11.7857142857143,3.91666666666667,4.0,4.0,4.0,4.0,R7446231,ROS60788211
20153308,ROS,0.0,18.0,1.0,2.0,33.0,90+,,,,26.0,,,,,2.0,R1839727,ROS20153308
20225051,ROS,0.0,20.0,1.0,2.0,34.0,90+,,90+,,27.0,10.6666666666667,4.0,2.0,1.0,1.0,R2930809,ROS20225051
80204332,MAP,1.0,17.0,1.0,2.0,34.0,90+,,,,28.0,,,,,1.0,R3097818,MAP80204332
21412176,ROS,0.0,18.0,1.0,2.0,33.0,90+,,,,27.0,,,,,1.0,R5360994,ROS21412176
21000766,ROS,0.0,19.0,1.0,2.0,33.0,90+,,90+,,29.0,4.08333333333333,5.0,1.0,2.0,2.0,R2401854,ROS21000766
43636464,MAP,0.0,14.0,1.0,2.0,34.0,90+,,,,23.0,,,,,2.0,R9673474,MAP43636464
20951100,ROS,0.0,16.0,1.0,2.0,23.0,90+,90+,90+,9.0,9.0,9.41666666666667,2.0,4.0,6.0,5.0,R8959302,ROS20951100
10574690,ROS,1.0,18.0,1.0,1.0,33.0,90+,89.492128678987001,90+,17.0,17.0,5.58333333333333,4.0,2.0,4.0,4.0,R9912143,ROS10574690
33062311,MAP,0.0,12.0,1.0,2.0,33.0,90+,,90+,,27.0,3.75,3.0,2.0,1.0,1.0,R5150032,MAP33062311
17929065,MAP,0.0,12.0,1.0,2.0,33.0,90+,,90+,,27.0,8.58333333333333,2.0,3.0,1.0,1.0,R5973191,MAP17929065
50102376,MAP,1.0,16.0,1.0,2.0,33.0,90+,90+,90+,22.0,22.0,9.5,4.0,2.0,4.0,4.0,R3008520,MAP50102376
98388248,MAP,0.0,12.0,1.0,2.0,34.0,90+,86.499657768651602,90+,,1.0,18.3333333333333,5.0,1.0,4.0,4.0,R6080600,MAP98388248
20563950,MAP,1.0,18.0,1.0,2.0,,90+,,,,29.0,,,,,1.0,R9997842,MAP20563950
85328131,MAP,0.0,19.0,1.0,2.0,34.0,90+,88.780287474332653,90+,20.0,21.0,5.0,5.0,1.0,4.0,4.0,R7287798,MAP85328131
24644776,MAP,1.0,18.0,1.0,2.0,23.0,90+,88.416153319644081,90+,,19.0,11.3333333333333,4.0,1.0,4.0,5.0,R6352170,MAP24644776
29403481,MAP,0.0,14.0,1.0,2.0,33.0,90+,,,,29.0,,,,,1.0,R6543480,MAP29403481
32863530,MAP,0.0,16.0,1.0,2.0,33.0,90+,,90+,,26.0,,,,2.0,2.0,R3036371,MAP32863530
80320651,MAP,0.0,13.0,3.0,1.0,33.0,90+,,,,27.0,,,,,1.0,R2508014,MAP80320651
93667416,MAP,0.0,13.0,1.0,2.0,33.0,90+,,,,27.0,,,,,1.0,R6307280,MAP93667416
41285665,MAP,0.0,18.0,1.0,2.0,33.0,90+,,90+,,28.0,5.91666666666667,3.0,4.0,1.0,1.0,R6679530,MAP41285665
50666895,MAP,0.0,18.0,1.0,2.0,33.0,90+,,,,29.0,,,,,2.0,R5880415,MAP50666895
90172292,MAP,0.0,12.0,1.0,2.0,,90+,,,,23.0,,,,,2.0,R4357328,MAP90172292
22200976,ROS,0.0,16.0,2.0,2.0,,90+,88.054757015742638,,24.0,23.0,,,,,4.0,R4169775,ROS22200976
14221578,MAP,0.0,14.0,1.0,2.0,,90+,,,,30.0,,,,,1.0,R1965982,MAP14221578
20921532,ROS,0.0,19.0,1.0,2.0,33.0,90+,,,,29.0,,,,,3.0,R1988225,ROS20921532
11471260,ROS,1.0,18.0,1.0,2.0,23.0,90+,89.119780971937033,90+,22.0,24.0,4.66666666666667,2.0,4.0,4.0,4.0,R6681836,ROS11471260
50107745,MAP,1.0,12.0,1.0,2.0,34.0,90+,85.136208076659827,90+,23.0,1.0,4.83333333333333,5.0,2.0,4.0,4.0,R3841825,MAP50107745
79938680,MAP,0.0,15.0,1.0,2.0,34.0,90+,,90+,,29.0,7.5,2.0,4.0,1.0,1.0,R8541444,MAP79938680
9248090,MAP,0.0,13.0,5.0,2.0,33.0,90+,,90+,,26.0,,,,2.0,2.0,R7276191,MAP9248090
20358955,ROS,0.0,16.0,1.0,2.0,33.0,90+,88.164271047227928,90+,26.0,21.0,5.66666666666667,4.0,2.0,4.0,4.0,R4345802,ROS20358955
64386439,MAP,0.0,18.0,1.0,2.0,33.0,90+,,,,27.0,,,,,1.0,R6568896,MAP64386439
60725338,MAP,0.0,18.0,1.0,2.0,23.0,90+,,90+,,29.0,7.53333333333333,4.0,1.0,1.0,1.0,R7090624,MAP60725338
20877791,ROS,0.0,20.0,1.0,2.0,33.0,90+,86.069815195071868,90+,23.0,25.0,5.75,4.0,4.0,4.0,2.0,R2048666,ROS20877791
50400411,MAP,0.0,12.0,1.0,2.0,33.0,90+,,,,27.0,,,,,1.0,R5899949,MAP50400411
11266139,MAP,0.0,16.0,1.0,2.0,33.0,90+,,90+,,29.0,8.36666666666667,4.0,1.0,2.0,2.0,R7412286,MAP11266139
77492569,ROS,1.0,23.0,2.0,2.0,23.0,90+,,90+,,28.0,,,,,2.0,R7214955,ROS77492569
37190440,MAP,0.0,14.0,1.0,2.0,23.0,90+,,,,28.0,,,,,1.0,R2778154,MAP37190440
97013486,MAP,0.0,14.0,1.0,2.0,,90+,,,,28.0,,,,,1.0,R5734909,MAP97013486
97264179,MAP,0.0,14.0,1.0,2.0,33.0,90+,84.043805612594113,90+,20.0,6.0,11.5833333333333,4.0,4.0,4.0,4.0,R7559268,MAP97264179
24097955,MAP,0.0,17.0,1.0,2.0,33.0,90+,,90+,,25.0,30.1,4.0,2.0,2.0,2.0,R7081310,MAP24097955
96074993,ROS,0.0,30.0,1.0,2.0,33.0,90+,,,,28.0,,,,,2.0,R5226899,ROS96074993
20265491,ROS,0.0,19.0,1.0,2.0,34.0,90+,85.01300479123887,90+,23.0,1.0,8.23333333333333,5.0,1.0,4.0,4.0,R3463001,ROS20265491
20741150,ROS,0.0,16.0,1.0,2.0,33.0,90+,,,,25.0,,,,,2.0,R9433583,ROS20741150
88703606,MAP,0.0,14.0,1.0,2.0,33.0,90+,,,,25.0,,,,,1.0,R4111013,MAP88703606
74587057,MAP,1.0,12.0,1.0,2.0,33.0,90+,,90+,,25.0,8.56666666666667,4.0,2.0,2.0,2.0,R4146872,MAP74587057
21117192,ROS,0.0,16.0,1.0,2.0,33.0,90+,,90+,,30.0,2.58333333333333,3.0,4.0,1.0,1.0,R8330118,ROS21117192
10253724,ROS,1.0,17.0,1.0,2.0,33.0,90+,87.071868583162214,90+,24.0,23.0,13.9166666666667,4.0,2.0,4.0,5.0,R3292597,ROS10253724
50105987,MAP,0.0,14.0,1.0,2.0,23.0,90+,,90+,,21.0,9.08333333333333,4.0,2.0,2.0,2.0,R5256488,MAP50105987
50104134,MAP,1.0,18.0,1.0,2.0,34.0,90+,90+,90+,15.5172413793103,15.5172413793103,5.33333333333333,4.0,1.0,4.0,4.0,R4388056,MAP50104134
15196848,ROS,1.0,20.0,1.0,2.0,34.0,90+,,90+,,28.0,6.91666666666667,3.0,4.0,1.0,1.0,R5061712,ROS15196848
41587876,MAP,0.0,17.0,1.0,2.0,33.0,90+,,,,29.0,,,,,1.0,R3002431,MAP41587876
85336695,MAP,0.0,14.0,1.0,2.0,33.0,89.976728268309373,,,,28.0,,,,,1.0,R9015832,MAP85336695
53192752,MAP,0.0,14.0,1.0,2.0,33.0,89.973990417522245,88.969199178644757,90+,,26.0,8.2,,,,6.0,R1775931,MAP53192752
27509940,MAP,0.0,16.0,1.0,2.0,34.0,89.968514715947975,,90+,,1.0,8.41666666666667,6.0,1.0,4.0,4.0,R9408384,MAP27509940
10459674,ROS,1.0,14.0,1.0,1.0,23.0,89.96303901437372,,90+,,29.0,6.5,4.0,4.0,1.0,1.0,R1224782,ROS10459674
20555072,ROS,0.0,15.0,1.0,2.0,33.0,89.960301163586578,,90+,,25.0,,,,1.0,1.0,R4213223,ROS20555072
99367207,MAP,1.0,15.0,1.0,2.0,23.0,89.954825462012323,,90+,,29.0,,,,1.0,1.0,R7255816,MAP99367207
22486606,MAP,0.0,12.0,1.0,2.0,23.0,89.954825462012323,,90+,,22.0,,,,2.0,2.0,R1215363,MAP22486606
59283278,ROS,0.0,19.0,1.0,2.0,,89.954825462012323,,,,28.0,,,,,1.0,R9597719,ROS59283278
20570409,ROS,0.0,12.0,1.0,2.0,33.0,89.935660506502401,,,,25.0,,,,,1.0,R4178649,ROS20570409
84858308,MAP,0.0,12.0,1.0,2.0,33.0,89.919233401779607,,90+,,21.0,5.95,5.0,2.0,2.0,2.0,R2031310,MAP84858308
60909048,MAP,0.0,14.0,1.0,2.0,33.0,89.916495550992465,86.918548939082825,,25.0,13.0,,,,,4.0,R8571588,MAP60909048
68419063,MAP,0.0,14.0,1.0,2.0,33.0,89.905544147843941,,,,23.0,,,,,2.0,R6067252,MAP68419063
95329283,MAP,0.0,14.0,1.0,2.0,23.0,89.900068446269685,87.885010266940455,90+,28.0,28.0,4.5,3.0,4.0,5.0,6.0,R4887967,MAP95329283
15101241,ROS,1.0,21.0,1.0,2.0,34.0,89.900068446269685,,89.921971252566735,,27.0,,,,4.0,2.0,R2722565,ROS15101241
10100736,ROS,1.0,14.0,1.0,2.0,34.0,89.883641341546891,,90+,,28.0,15.1666666666667,4.0,3.0,1.0,1.0,R3512949,ROS10100736
6764103,MAP,0.0,18.0,1.0,2.0,33.0,89.880903490759749,,,,27.0,,,,,1.0,R3503740,MAP6764103
10218339,ROS,1.0,16.0,1.0,2.0,33.0,89.875427789185494,,90+,,27.0,2.83333333333333,5.0,1.0,1.0,1.0,R6249698,ROS10218339
66743772,ROS,1.0,18.0,1.0,2.0,33.0,89.872689938398352,,90+,,27.0,27.3,2.0,3.0,1.0,1.0,R6432071,ROS66743772
22201431,ROS,0.0,18.0,2.0,2.0,33.0,89.867214236824097,77.894592744695416,90+,26.0,21.0,21.5,4.0,2.0,4.0,4.0,R2364547,ROS22201431
62656124,ROS,0.0,5.0,1.0,1.0,33.0,89.864476386036955,88.807665982203972,90+,20.0,12.0,14.1833333333333,5.0,1.0,4.0,4.0,R9853632,ROS62656124
80352799,MAP,0.0,18.0,1.0,2.0,23.0,89.861738535249827,,,,29.0,,,,,2.0,R3207005,MAP80352799
20180815,ROS,0.0,18.0,1.0,2.0,33.0,89.856262833675558,,90+,,25.0,4.33333333333333,3.0,2.0,2.0,2.0,R8200482,ROS20180815
2158395,MAP,0.0,13.0,1.0,2.0,33.0,89.856262833675558,,,,26.0,,,,,1.0,R8394752,MAP2158395
65736039,MAP,1.0,17.0,1.0,2.0,33.0,89.85352498288843,,90+,,27.0,7.75,3.0,4.0,2.0,2.0,R6879714,MAP65736039
36830117,MAP,1.0,9.0,1.0,2.0,33.0,89.850787132101303,,90+,,24.0,6.75,3.0,2.0,2.0,2.0,R6268135,MAP36830117
50104396,MAP,1.0,21.0,1.0,2.0,33.0,89.842573579739906,83.811088295687881,90+,21.0,9.0,6.08333333333333,5.0,1.0,4.0,4.0,R3450006,MAP50104396
40600002,MAP,0.0,13.0,1.0,2.0,33.0,89.828884325804239,,,,29.0,,,,,1.0,R6585715,MAP40600002
4947970,MAP,1.0,13.0,1.0,2.0,33.0,89.826146475017111,,90+,,28.0,9.08333333333333,1.0,3.0,2.0,2.0,R6761402,MAP4947970
61827429,MAP,0.0,16.0,1.0,2.0,33.0,89.823408624229984,,90+,,30.0,4.6,5.0,1.0,1.0,1.0,R2975126,MAP61827429
2136155,MAP,0.0,16.0,1.0,2.0,34.0,89.820670773442842,,,,29.0,,,,,1.0,R9608013,MAP2136155
20506325,ROS,0.0,11.0,1.0,2.0,33.0,89.812457221081445,87.778234086242293,90+,10.0,0.0,5.0,5.0,1.0,4.0,4.0,R6325028,ROS20506325
20965598,ROS,0.0,16.0,1.0,2.0,33.0,89.809719370294317,89.809719370294317,90+,23.0,23.0,19.5833333333333,3.0,2.0,4.0,4.0,R6089456,ROS20965598
49053259,ROS,0.0,19.0,1.0,2.0,33.0,89.80150581793292,,,,28.0,,,,,2.0,R6642373,ROS49053259
91707643,MAP,1.0,13.0,1.0,2.0,34.0,89.785078713210126,,90+,,27.0,6.23333333333333,4.0,1.0,2.0,2.0,R6604064,MAP91707643
72010353,MAP,0.0,16.0,1.0,2.0,34.0,89.785078713210126,,,,27.0,,,,,2.0,R7048611,MAP72010353
86255955,ROS,0.0,28.0,1.0,2.0,,89.785078713210126,,,,30.0,,,,,2.0,R4819954,ROS86255955
56486107,MAP,1.0,18.0,1.0,1.0,33.0,89.782340862422998,,89.845311430527033,,29.0,,,,,2.0,R2701280,MAP56486107
15286377,MAP,0.0,12.0,1.0,2.0,33.0,89.779603011635871,85.609856262833674,90+,24.0,11.0,3.5,5.0,1.0,4.0,4.0,R9361857,MAP15286377
10253148,ROS,1.0,21.0,1.0,2.0,33.0,89.774127310061601,,89.861738535249827,,28.0,21.0666666666667,5.0,2.0,1.0,2.0,R2110067,ROS10253148
42433067,MAP,0.0,10.0,1.0,2.0,24.0,89.771389459274474,,90+,,26.0,,,,1.0,1.0,R5404544,MAP42433067
72276737,MAP,1.0,18.0,1.0,2.0,33.0,89.771389459274474,,,,30.0,,,,,1.0,R2421870,MAP72276737
10415168,ROS,1.0,21.0,1.0,2.0,34.0,89.768651608487332,76.580424366872009,90+,27.0,20.0,2.75,5.0,1.0,4.0,5.0,R3690777,ROS10415168
22101978,ROS,0.0,21.0,2.0,2.0,24.0,89.765913757700204,,90+,,29.0,,,,2.0,2.0,R1401518,ROS22101978
20994313,ROS,0.0,16.0,1.0,2.0,33.0,89.765913757700204,,90+,,1.0,5.58333333333333,5.0,1.0,4.0,4.0,R8920307,ROS20994313
40768529,MAP,0.0,14.0,1.0,2.0,33.0,89.760438056125935,,89.796030116358665,,26.0,8.86666666666667,5.0,1.0,2.0,2.0,R7546378,MAP40768529
55061706,MAP,0.0,9.0,1.0,2.0,33.0,89.757700205338807,,,,30.0,,,,,1.0,R3590850,MAP55061706
79462793,MAP,0.0,13.0,1.0,2.0,33.0,89.757700205338807,,,,28.0,,,,,1.0,R4373653,MAP79462793
41773404,MAP,0.0,16.0,1.0,2.0,34.0,89.754962354551679,,90+,,28.0,7.15,2.0,3.0,2.0,2.0,R9581837,MAP41773404
77330002,MAP,0.0,12.0,1.0,2.0,23.0,89.744010951403155,,90+,,28.0,5.66666666666667,4.0,3.0,1.0,1.0,R9649089,MAP77330002
49643021,MAP,1.0,17.0,1.0,2.0,33.0,89.738535249828885,89.738535249828885,90+,19.0,19.0,,,,4.0,4.0,R8572732,MAP49643021
11160328,ROS,1.0,12.0,1.0,2.0,33.0,89.735797399041758,89.735797399041758,,,28.0,,,,,4.0,R4274095,ROS11160328
10422329,MAP,1.0,21.0,1.0,2.0,,89.724845995893219,,90+,,29.0,63.3666666666667,4.0,2.0,1.0,1.0,R9603283,MAP10422329
50400259,MAP,1.0,16.0,1.0,2.0,34.0,89.722108145106091,,90+,,28.0,6.58333333333333,4.0,4.0,5.0,6.0,R8477425,MAP50400259
1243685,MAP,0.0,12.0,1.0,2.0,33.0,89.722108145106091,89.722108145106091,90+,17.7272727272727,17.7272727272727,3.78333333333333,4.0,1.0,4.0,4.0,R7881801,MAP1243685
44042972,ROS,0.0,22.0,1.0,2.0,33.0,89.713894592744694,,,,27.0,,,,,1.0,R2685478,ROS44042972
20339740,ROS,0.0,18.0,1.0,2.0,33.0,89.702943189596169,,90+,,28.0,5.53333333333333,4.0,1.0,1.0,1.0,R7736989,ROS20339740
20194465,ROS,0.0,20.0,1.0,2.0,33.0,89.6974674880219,85.494866529774129,90+,25.0,10.0,3.7,5.0,1.0,4.0,4.0,R3155840,ROS20194465
20368565,ROS,0.0,18.0,1.0,2.0,33.0,89.694729637234772,86.699520876112246,,21.0,21.0,,,,,4.0,R3464695,ROS20368565
68481703,MAP,0.0,16.0,1.0,2.0,34.0,89.694729637234772,,,,29.0,,,,,1.0,R5994476,MAP68481703
20949570,ROS,0.0,16.0,1.0,2.0,23.0,89.691991786447645,,,,29.0,,,,,1.0,R8422975,ROS20949570
71507317,ROS,1.0,24.0,1.0,2.0,,89.689253935660503,,,,30.0,,,,,1.0,R8383595,ROS71507317
8536593,MAP,0.0,12.0,1.0,2.0,33.0,89.681040383299106,,,,28.0,,,,,1.0,R8365757,MAP8536593
47054886,MAP,0.0,16.0,2.0,2.0,34.0,89.681040383299106,,,,28.0,,,,,1.0,R7892408,MAP47054886
21406218,ROS,0.0,20.0,1.0,2.0,33.0,89.642710472279262,88.62696783025325,90+,18.0,24.0,4.55,3.0,4.0,2.0,1.0,R7015250,ROS21406218
56102646,MAP,0.0,12.0,1.0,2.0,33.0,89.642710472279262,86.209445585215605,89.993155373032167,15.0,26.0,3.83333333333333,3.0,4.0,4.0,4.0,R4244951,MAP56102646
45503812,ROS,1.0,12.0,1.0,2.0,33.0,89.642710472279262,,,,20.0,,,,,3.0,R6558443,ROS45503812
50103381,MAP,1.0,16.0,1.0,2.0,34.0,89.639972621492134,,90+,,29.0,5.41666666666667,4.0,2.0,2.0,2.0,R1018391,MAP50103381
89000768,ROS,0.0,16.0,1.0,2.0,33.0,89.639972621492134,,,,30.0,,,,,1.0,R2155839,ROS89000768
21162197,ROS,0.0,18.0,1.0,2.0,33.0,89.637234770704993,,90+,,30.0,24.5833333333333,1.0,2.0,1.0,1.0,R8261694,ROS21162197
11342432,ROS,1.0,21.0,1.0,2.0,33.0,89.629021218343595,,90+,,29.0,2.58333333333333,2.0,4.0,1.0,1.0,R4728676,ROS11342432
33476877,ROS,0.0,18.0,1.0,2.0,33.0,89.620807665982198,87.646817248459953,,13.0,30.0,,,,,3.0,R8925577,ROS33476877
69187342,MAP,1.0,18.0,1.0,2.0,33.0,89.618069815195071,,,,30.0,,,,,1.0,R7006611,MAP69187342
96244639,MAP,0.0,16.0,1.0,2.0,33.0,89.615331964407943,,90+,,29.0,6.76666666666667,3.0,4.0,1.0,1.0,R2385937,MAP96244639
5632732,MAP,1.0,12.0,1.0,2.0,24.0,89.612594113620801,,,,21.0,,,,,2.0,R5329473,MAP5632732
83351356,MAP,1.0,11.0,1.0,1.0,33.0,89.612594113620801,,,,21.25,,,,,5.0,R2565080,MAP83351356
71727427,MAP,0.0,18.0,1.0,2.0,34.0,89.609856262833674,,89.957563312799451,,27.0,3.53333333333333,5.0,2.0,2.0,2.0,R8845676,MAP71727427
87038802,MAP,0.0,15.0,1.0,1.0,23.0,89.604380561259418,,90+,,28.0,5.23333333333333,4.0,3.0,1.0,1.0,R7298955,MAP87038802
22000248,ROS,0.0,16.0,2.0,2.0,33.0,89.604380561259418,86.5845311430527,90+,26.0,22.0,,,,4.0,4.0,R1092171,ROS22000248
20969114,ROS,0.0,16.0,1.0,2.0,34.0,89.601642710472277,88.602327173169058,89.932922655715259,8.0,2.0,17.8333333333333,5.0,2.0,5.0,5.0,R4235867,ROS20969114
20261613,ROS,0.0,22.0,1.0,2.0,23.0,89.585215605749482,,90+,,30.0,16.3333333333333,0.0,4.0,1.0,1.0,R2171619,ROS20261613
90434801,MAP,0.0,16.0,1.0,2.0,33.0,89.566050650239561,,90+,,27.0,5.88333333333333,5.0,1.0,2.0,1.0,R8246068,MAP90434801
15763627,ROS,1.0,20.0,1.0,2.0,34.0,89.541409993155369,87.66050650239562,,5.0,3.0,,,,,4.0,R5605312,ROS15763627
50103129,MAP,0.0,11.0,1.0,2.0,34.0,89.535934291581114,,89.667351129363453,,28.0,2.91666666666667,5.0,2.0,2.0,2.0,R5369295,MAP50103129
49647935,ROS,1.0,18.0,1.0,2.0,33.0,89.524982888432575,,89.557837097878163,,25.0,25.0,4.0,1.0,1.0,1.0,R4091065,ROS49647935
53709007,ROS,0.0,20.0,1.0,2.0,33.0,89.524982888432575,,,,29.0,,,,,1.0,R4855865,ROS53709007
91199969,MAP,1.0,17.0,1.0,2.0,33.0,89.51950718685832,,90+,,27.0,,,,1.0,1.0,R1530650,MAP91199969
22540345,ROS,0.0,18.0,1.0,2.0,33.0,89.516769336071178,,,,28.0,,,,,1.0,R3154816,ROS22540345
20532115,ROS,0.0,17.0,1.0,2.0,23.0,89.505817932922653,88.511978097193705,89.727583846680361,24.0,23.7931034482759,5.26666666666667,2.0,4.0,4.0,2.0,R1042011,ROS20532115
20682204,ROS,0.0,16.0,1.0,2.0,33.0,89.503080082135526,,90+,,29.0,5.08333333333333,2.0,2.0,1.0,1.0,R4956716,ROS20682204
37030589,MAP,0.0,19.0,1.0,2.0,33.0,89.503080082135526,,90+,,29.0,5.11666666666667,2.0,4.0,1.0,1.0,R8662866,MAP37030589
21155350,ROS,0.0,19.0,1.0,2.0,34.0,89.503080082135526,82.294318959616703,89.579739904175227,25.0,0.0,5.83333333333333,5.0,1.0,4.0,4.0,R8573871,ROS21155350
21002650,ROS,0.0,18.0,1.0,2.0,34.0,89.500342231348398,,89.965776865160848,,29.0,,,,2.0,2.0,R4987664,ROS21002650
11069724,ROS,1.0,20.0,1.0,2.0,23.0,89.494866529774129,,89.968514715947975,,28.0,5.33333333333333,2.0,4.0,1.0,1.0,R7727015,ROS11069724
5522533,MAP,0.0,17.0,1.0,2.0,33.0,89.489390828199859,81.785078713210126,89.566050650239561,21.4285714285714,6.0,6.33333333333333,5.0,2.0,4.0,4.0,R6263745,MAP5522533
10539331,ROS,1.0,21.0,1.0,2.0,23.0,89.470225872689937,,,,28.0,,,,,1.0,R4033390,ROS10539331
21213453,ROS,0.0,16.0,1.0,2.0,33.0,89.470225872689937,,,,29.0,,,,,1.0,R6904830,ROS21213453
20201189,ROS,0.0,22.0,1.0,2.0,24.0,89.46201232032854,89.46201232032854,90+,11.0,11.0,4.0,5.0,1.0,6.0,5.0,R2424757,ROS20201189
85036828,MAP,0.0,16.0,1.0,2.0,33.0,89.46201232032854,,,,29.0,,,,,1.0,R4336938,MAP85036828
84916951,MAP,0.0,20.0,1.0,2.0,34.0,89.451060917180016,86.521560574948666,90+,24.0,25.7142857142857,8.73333333333333,4.0,2.0,4.0,4.0,R7560750,MAP84916951
95723689,MAP,0.0,12.0,1.0,2.0,33.0,89.445585215605746,,90+,,25.0,,,,,1.0,R9692571,MAP95723689
20973340,ROS,0.0,18.0,1.0,2.0,23.0,89.442847364818618,,90+,,26.0,,,,2.0,2.0,R4841501,ROS20973340
52064033,MAP,1.0,16.0,1.0,2.0,23.0,89.434633812457221,,,,24.0,,,,,2.0,R1467885,MAP52064033
22210036,ROS,0.0,18.0,2.0,2.0,34.0,89.426420260095824,83.44695414099931,89.67556468172485,22.0,27.0,6.25,5.0,1.0,4.0,2.0,R1314921,ROS22210036
15897112,ROS,1.0,20.0,1.0,2.0,33.0,89.420944558521555,,90+,,26.0,,,,2.0,2.0,R9257901,ROS15897112
10578766,ROS,1.0,20.0,1.0,1.0,23.0,89.412731006160158,,,,29.0,,,,,1.0,R9684291,ROS10578766
28663873,MAP,0.0,12.0,1.0,2.0,33.0,89.40999315537303,,,,29.0,,,,,1.0,R3818804,MAP28663873
10336416,ROS,0.0,22.0,1.0,2.0,,89.399041752224505,,,,27.0,,,,,1.0,R7356107,ROS10336416
15523135,MAP,0.0,12.0,1.0,2.0,,89.399041752224505,,,,26.0,,,,,2.0,R2005967,MAP15523135
20204114,ROS,0.0,20.0,1.0,2.0,33.0,89.396303901437378,87.419575633127991,90+,25.0,16.0,6.66666666666667,5.0,1.0,4.0,4.0,R9929164,ROS20204114
11233086,ROS,1.0,18.0,1.0,2.0,33.0,89.396303901437378,88.106776180698148,90+,16.551724137931,1.0,12.75,4.0,1.0,4.0,4.0,R2730285,ROS11233086
15108504,ROS,1.0,18.0,1.0,2.0,33.0,89.390828199863108,89.390828199863108,89.497604380561256,27.0,27.0,,,,4.0,4.0,R2397453,ROS15108504
22100837,ROS,0.0,23.0,2.0,1.0,34.0,89.388090349075981,82.398357289527723,90+,,21.0,,,,,5.0,R8707555,ROS22100837
95065654,MAP,0.0,14.0,1.0,2.0,,89.388090349075981,,,,29.0,,,,,1.0,R6371617,MAP95065654
31813134,MAP,0.0,15.0,1.0,2.0,33.0,89.385352498288839,,89.943874058863798,,28.0,7.7,3.0,1.0,1.0,1.0,R7304869,MAP31813134
74797421,MAP,1.0,19.0,1.0,2.0,,89.382614647501711,89.382614647501711,90+,8.0,8.0,,,,4.0,4.0,R2422359,MAP74797421
33635574,MAP,0.0,22.0,1.0,2.0,33.0,89.382614647501711,88.424366872005479,,20.0,12.4137931034483,,,,,5.0,R7162790,MAP33635574
74708460,MAP,0.0,13.0,1.0,2.0,34.0,89.382614647501711,,,,30.0,,,,,1.0,R1945291,MAP74708460
20500815,ROS,0.0,18.0,1.0,2.0,33.0,89.379876796714584,89.379876796714584,90+,23.0,23.0,5.0,3.0,2.0,4.0,4.0,R1103580,ROS20500815
20102505,ROS,0.0,16.0,1.0,2.0,34.0,89.377138945927442,,89.793292265571523,,30.0,5.08333333333333,4.0,2.0,1.0,1.0,R2752714,ROS20102505
20312979,ROS,0.0,21.0,1.0,2.0,23.0,89.371663244353186,,90+,,29.0,33.5,4.0,1.0,1.0,1.0,R8859605,ROS20312979
26330313,MAP,1.0,12.0,1.0,2.0,34.0,89.371663244353186,89.371663244353186,,19.0,19.0,,,,,2.0,R8934556,MAP26330313
34777681,MAP,0.0,16.0,1.0,2.0,33.0,89.368925393566045,87.400410677618069,89.67556468172485,26.0,22.0,8.83333333333333,3.0,4.0,4.0,4.0,R2710934,MAP34777681
89160755,MAP,1.0,12.0,1.0,1.0,33.0,89.368925393566045,,,,26.0,,,,,2.0,R2779853,MAP89160755
6673533,MAP,0.0,18.0,1.0,2.0,,89.360711841204647,,,,26.0,,,,,2.0,R1443958,MAP6673533
26992537,MAP,0.0,12.0,1.0,2.0,33.0,89.35797399041752,,89.691991786447645,,21.0,62.4,4.0,1.0,1.0,1.0,R7726196,MAP26992537
20616100,ROS,0.0,18.0,1.0,2.0,33.0,89.349760438056123,,90+,,29.0,5.75,2.0,2.0,1.0,1.0,R7959846,ROS20616100
22880976,MAP,0.0,13.0,1.0,2.0,33.0,89.349760438056123,,,,28.0,,,,,1.0,R2959346,MAP22880976
23825005,MAP,0.0,20.0,1.0,2.0,33.0,89.347022587268995,,,,26.0,,,,,1.0,R4218493,MAP23825005
81569322,MAP,0.0,10.0,1.0,2.0,33.0,89.344284736481868,,90+,,20.0,,,,,2.0,R3013258,MAP81569322
67266328,MAP,0.0,12.0,1.0,2.0,33.0,89.344284736481868,,90+,,27.0,8.0,5.0,1.0,2.0,2.0,R5866148,MAP67266328
10284019,ROS,1.0,12.0,1.0,2.0,34.0,89.341546885694726,,89.782340862422998,,26.0,20.8833333333333,4.0,1.0,2.0,2.0,R3478959,ROS10284019
21183160,ROS,0.0,16.0,1.0,2.0,33.0,89.338809034907598,86.03696098562628,89.478439425051334,24.0,10.0,4.33333333333333,4.0,4.0,4.0,4.0,R9976232,ROS21183160
51515723,MAP,0.0,14.0,1.0,2.0,33.0,89.338809034907598,,,,29.0,,,,,1.0,R7645376,MAP51515723
42387756,MAP,0.0,16.0,1.0,2.0,23.0,89.333333333333329,,90+,,29.0,,,,1.0,1.0,R1278868,MAP42387756
11446809,ROS,0.0,18.0,1.0,2.0,33.0,89.327857631759073,,89.607118412046546,,0.0,3.41666666666667,5.0,1.0,4.0,4.0,R8401250,ROS11446809
89800328,MAP,0.0,14.0,1.0,2.0,34.0,89.327857631759073,85.771389459274474,,15.0,5.0,,,,,4.0,R5527924,MAP89800328
69099545,MAP,0.0,15.0,1.0,2.0,34.0,89.325119780971932,,,,27.0,,,,,1.0,R6553508,MAP69099545
21108911,ROS,0.0,18.0,1.0,2.0,33.0,89.311430527036279,,89.407255304585902,,27.0,4.41666666666667,2.0,2.0,1.0,1.0,R7444388,ROS21108911
52957571,MAP,0.0,12.0,1.0,2.0,23.0,89.311430527036279,89.311430527036279,,20.0,20.0,,,,,4.0,R5047445,MAP52957571
20594669,ROS,0.0,16.0,1.0,2.0,23.0,89.30595482546201,86.294318959616703,89.478439425051334,20.0,17.1428571428571,3.0,3.0,2.0,5.0,5.0,R9974729,ROS20594669
59150662,MAP,0.0,16.0,1.0,2.0,33.0,89.303216974674882,,90+,,21.0,9.58333333333333,4.0,2.0,4.0,6.0,R7604075,MAP59150662
50403446,MAP,0.0,12.0,1.0,2.0,33.0,89.303216974674882,85.377138945927442,89.308692676249137,13.0,1.0,6.75,5.0,1.0,4.0,4.0,R2516394,MAP50403446
11649850,ROS,1.0,12.0,1.0,2.0,33.0,89.295003422313485,,,,28.0,,,,,1.0,R3714076,ROS11649850
65869357,MAP,0.0,18.0,1.0,2.0,,89.28405201916496,,,,27.0,,,,,1.0,R9846831,MAP65869357
46246604,MAP,0.0,10.0,1.0,2.0,33.0,89.278576317590691,,89.448323066392888,,29.0,3.75,4.0,4.0,1.0,1.0,R3121235,MAP46246604
15461128,ROS,1.0,18.0,1.0,2.0,33.0,89.278576317590691,86.171115674195761,89.445585215605746,27.0,2.0,0.75,5.0,1.0,4.0,4.0,R7762447,ROS15461128
85186331,ROS,0.0,18.0,1.0,2.0,33.0,89.275838466803563,,,,30.0,,,,,1.0,R6479021,ROS85186331
50101109,MAP,1.0,21.0,1.0,2.0,23.0,89.273100616016421,,90+,,30.0,5.75,4.0,2.0,1.0,1.0,R8223945,MAP50101109
20197076,ROS,0.0,16.0,1.0,2.0,34.0,89.273100616016421,85.28405201916496,89.535934291581114,20.0,27.0,21.0,4.0,2.0,4.0,4.0,R6628771,ROS20197076
21172545,ROS,0.0,18.0,1.0,2.0,33.0,89.270362765229294,,,,26.0,,,,,1.0,R1830531,ROS21172545
25455983,MAP,0.0,12.0,1.0,2.0,33.0,89.267624914442166,,,,29.0,,,,,1.0,R7801712,MAP25455983
30591933,MAP,0.0,18.0,1.0,2.0,,89.2539356605065,,,,29.0,,,,,2.0,R3422140,MAP30591933
95116046,MAP,1.0,12.0,1.0,2.0,34.0,89.251197809719372,,89.702943189596169,,24.0,20.5166666666667,4.0,2.0,2.0,2.0,R7503784,MAP95116046
50103093,MAP,0.0,12.0,1.0,2.0,33.0,89.237508555783705,,90+,,27.0,20.3666666666667,3.0,4.0,1.0,1.0,R6289070,MAP50103093
83622722,MAP,0.0,16.0,1.0,2.0,,89.234770704996578,,,,29.0,,,,,1.0,R1188514,MAP83622722
78724406,MAP,0.0,16.0,2.0,2.0,34.0,89.23203285420945,82.239561943874065,,26.0,0.0,,,,,4.0,R4342705,MAP78724406
67364573,MAP,1.0,16.0,1.0,2.0,,89.23203285420945,,,,27.0,,,,,2.0,R5690464,MAP67364573
73033080,MAP,0.0,14.0,1.0,2.0,34.0,89.229295003422308,88.249144421629026,89.609856262833674,19.0,9.0,9.0,5.0,1.0,5.0,4.0,R7793735,MAP73033080
59789733,MAP,0.0,15.0,1.0,2.0,,89.229295003422308,,,,29.0,,,,,1.0,R4411334,MAP59789733
30544882,ROS,0.0,16.0,1.0,2.0,33.0,89.221081451060911,,89.352498288843265,,13.0,7.5,3.0,2.0,4.0,4.0,R8399817,ROS30544882
2105734,ROS,0.0,18.0,1.0,2.0,34.0,89.221081451060911,,,,30.0,,,,,1.0,R6623836,ROS2105734
20966927,ROS,0.0,21.0,1.0,2.0,34.0,89.218343600273784,81.363449691991789,89.349760438056123,26.0,10.0,12.1666666666667,4.0,1.0,4.0,4.0,R8730461,ROS20966927
20938081,ROS,0.0,20.0,1.0,2.0,33.0,89.212867898699514,,,,29.0,,,,,1.0,R9400897,ROS20938081
76431098,MAP,0.0,12.0,1.0,2.0,33.0,89.199178644763862,,90+,,30.0,5.88333333333333,4.0,1.0,2.0,2.0,R1360065,MAP76431098
10481686,ROS,1.0,8.0,1.0,2.0,23.0,89.199178644763862,,89.57152635181383,,26.0,4.0,3.0,2.0,1.0,1.0,R7947540,ROS10481686
22000536,ROS,0.0,19.0,2.0,2.0,33.0,89.193702943189592,,,,29.0,,,,,1.0,R4780927,ROS22000536
11045988,ROS,1.0,20.0,1.0,2.0,33.0,89.185489390828195,,,,30.0,,,,,1.0,R2245303,ROS11045988
75833578,MAP,1.0,14.0,1.0,2.0,23.0,89.185489390828195,,,,26.0,,,,,1.0,R5374363,MAP75833578
22200552,ROS,0.0,16.0,2.0,2.0,33.0,89.182751540041068,,,,27.0,,,,,1.0,R4804226,ROS22200552
76152744,MAP,0.0,12.0,1.0,2.0,,89.177275838466798,,,,29.0,,,,,1.0,R6454275,MAP76152744
16136058,MAP,0.0,12.0,1.0,2.0,33.0,89.163586584531146,,,,29.0,,,,,1.0,R1523304,MAP16136058
21104395,ROS,0.0,21.0,1.0,2.0,33.0,89.155373032169749,84.175222450376452,,27.0,21.0,,,,,5.0,R9314569,ROS21104395
10292311,ROS,1.0,20.0,1.0,2.0,33.0,89.147159479808352,86.157426420260094,89.631759069130737,24.0,26.0,7.25,3.0,4.0,6.0,1.0,R4292728,ROS10292311
82986879,ROS,1.0,12.0,1.0,2.0,33.0,89.144421629021224,88.147843942505133,,23.0,21.0,,,,,4.0,R2632546,ROS82986879
71428241,MAP,0.0,16.0,1.0,2.0,23.0,89.133470225872685,,,,27.6,,,,,1.0,R9054060,MAP71428241
11157783,ROS,1.0,22.0,1.0,2.0,44.0,89.114305270362763,84.112251882272417,90+,16.0,1.0,21.4166666666667,4.0,1.0,4.0,6.0,R7912121,ROS11157783
30819298,MAP,0.0,10.0,1.0,2.0,33.0,89.111567419575636,,89.900068446269685,,8.0,8.08333333333333,3.0,3.0,4.0,4.0,R1022980,MAP30819298
15773499,ROS,1.0,21.0,1.0,2.0,34.0,89.111567419575636,,89.215605749486656,,24.0,13.4166666666667,4.0,1.0,2.0,2.0,R2719560,ROS15773499
22203163,ROS,0.0,20.0,2.0,1.0,33.0,89.111567419575636,,,,15.0,,,,,1.0,R2534912,ROS22203163
67632202,MAP,0.0,15.0,5.0,2.0,33.0,89.106091718001366,,,,28.0,,,,,1.0,R4294566,MAP67632202
20972911,ROS,0.0,18.0,1.0,2.0,33.0,89.103353867214238,,,,30.0,,,,,1.0,R8921551,ROS20972911
20311676,ROS,0.0,18.0,1.0,2.0,34.0,89.100616016427111,,90+,,30.0,4.58333333333333,5.0,1.0,2.0,2.0,R1287407,ROS20311676
46957588,MAP,0.0,12.0,1.0,2.0,33.0,89.097878165639969,,,,29.0,,,,,1.0,R8166832,MAP46957588
60248664,MAP,0.0,8.0,1.0,2.0,33.0,89.095140314852841,,89.653661875427787,,30.0,4.86666666666667,3.0,2.0,1.0,1.0,R9569073,MAP60248664
38056377,MAP,0.0,16.0,1.0,2.0,33.0,89.092402464065714,86.529774127310063,90+,27.0,27.0,6.01666666666667,4.0,2.0,2.0,2.0,R5938989,MAP38056377
20283691,ROS,0.0,18.0,1.0,2.0,33.0,89.089664613278572,,90+,,12.0,13.5333333333333,5.0,1.0,5.0,5.0,R9314674,ROS20283691
50106316,MAP,0.0,8.0,1.0,2.0,33.0,89.086926762491444,83.110198494182072,89.199178644763862,21.0,16.0,7.78333333333333,4.0,4.0,5.0,6.0,R1827081,MAP50106316
14726154,MAP,1.0,16.0,1.0,2.0,33.0,89.07597535934292,,90+,,28.0,16.1666666666667,5.0,1.0,2.0,2.0,R4806404,MAP14726154
21274280,ROS,0.0,21.0,1.0,2.0,34.0,89.07597535934292,78.962354551676938,89.878165639972622,26.0,19.0,7.25,5.0,1.0,4.0,4.0,R1547566,ROS21274280
20154287,ROS,0.0,20.0,1.0,2.0,23.0,89.073237508555778,87.00342231348391,90+,28.0,26.0,2.75,3.0,4.0,2.0,2.0,R1020037,ROS20154287
89835239,MAP,0.0,12.0,5.0,2.0,,89.065023956194381,,,,26.0,,,,,2.0,R3483572,MAP89835239
35924492,ROS,0.0,18.0,1.0,2.0,33.0,89.048596851471601,,,,27.0,,,,,1.0,R9637238,ROS35924492
50108336,MAP,0.0,12.0,1.0,2.0,33.0,89.040383299110204,,89.423682409308697,,30.0,7.16666666666667,3.0,4.0,1.0,1.0,R2732798,MAP50108336
50408365,MAP,1.0,6.0,1.0,2.0,33.0,89.037645448323062,,89.286789869952088,,0.0,,,,4.0,4.0,R5145299,MAP50408365
82643501,MAP,0.0,17.0,1.0,2.0,33.0,89.029431895961665,,89.242984257357975,,30.0,,,,1.0,1.0,R9175822,MAP82643501
57311163,MAP,0.0,12.0,1.0,2.0,33.0,89.015742642026012,,,,26.0,,,,,1.0,R3197400,MAP57311163
7219897,ROS,1.0,21.0,1.0,2.0,33.0,89.01300479123887,,,,29.0,,,,,1.0,R3498755,ROS7219897
37436329,MAP,1.0,17.0,1.0,2.0,23.0,89.004791238877488,,89.048596851471601,,15.0,6.93333333333333,2.0,4.0,4.0,4.0,R9721493,MAP37436329
21000630,ROS,0.0,17.0,1.0,2.0,33.0,88.999315537303218,86.948665297741272,89.393566050650236,25.9090909090909,15.5555555555556,4.71666666666667,4.0,2.0,4.0,4.0,R2079629,ROS21000630
50109215,MAP,1.0,21.0,1.0,2.0,34.0,88.99657768651609,84.958247775496233,89.440109514031491,22.0,6.0,1.5,4.0,1.0,4.0,4.0,R8492506,MAP50109215
11444465,ROS,1.0,14.0,1.0,2.0,33.0,88.988364134154693,80.922655715263517,89.045859000684459,23.0,11.0,3.5,4.0,1.0,4.0,4.0,R6655598,ROS11444465
16621574,MAP,0.0,13.0,1.0,2.0,23.0,88.980150581793296,,89.303216974674882,,28.0,6.91666666666667,4.0,1.0,1.0,1.0,R4981575,MAP16621574
88533384,ROS,0.0,20.0,1.0,2.0,33.0,88.977412731006154,,,,30.0,,,,,2.0,R2476095,ROS88533384
90977195,MAP,1.0,21.0,1.0,2.0,34.0,88.96646132785763,87.989048596851475,89.30595482546201,20.0,11.0,33.3666666666667,4.0,2.0,4.0,4.0,R8721597,MAP90977195
60269051,ROS,0.0,18.0,1.0,2.0,33.0,88.963723477070502,,89.18001368925394,,24.0,6.66666666666667,4.0,2.0,2.0,2.0,R8328927,ROS60269051
86177506,MAP,0.0,16.0,1.0,2.0,34.0,88.950034223134836,88.950034223134836,90+,27.0,27.0,9.75,4.0,2.0,4.0,4.0,R4014413,MAP86177506
20240514,ROS,0.0,20.0,1.0,2.0,33.0,88.947296372347708,,89.735797399041758,,30.0,2.75,3.0,4.0,1.0,1.0,R3442506,ROS20240514
20371236,ROS,0.0,17.0,1.0,2.0,33.0,88.941820670773438,85.993155373032167,90+,19.0,14.0,4.96666666666667,5.0,1.0,4.0,4.0,R5138383,ROS20371236
50401840,MAP,1.0,23.0,1.0,2.0,33.0,88.941820670773438,,88.974674880219027,,24.0,,,,4.0,2.0,R4644424,MAP50401840
20946257,ROS,0.0,19.0,1.0,2.0,34.0,88.939082819986311,,89.40999315537303,,30.0,27.0,3.0,2.0,1.0,1.0,R3518363,ROS20946257
34108468,MAP,0.0,18.0,1.0,2.0,33.0,88.936344969199183,,90+,,24.0,6.51666666666667,5.0,1.0,2.0,2.0,R5208166,MAP34108468
10866165,ROS,1.0,28.0,1.0,2.0,33.0,88.930869267624914,88.930869267624914,89.119780971937033,12.6923076923077,12.6923076923077,10.8333333333333,1.0,4.0,5.0,5.0,R8759568,ROS10866165
50109477,MAP,1.0,16.0,1.0,2.0,34.0,88.928131416837786,,89.371663244353186,,21.0,4.41666666666667,4.0,1.0,2.0,2.0,R8457289,MAP50109477
10101327,ROS,1.0,21.0,1.0,2.0,33.0,88.908966461327864,,89.713894592744694,,12.0,13.25,5.0,1.0,4.0,4.0,R4379962,ROS10101327
21000054,ROS,0.0,18.0,1.0,2.0,34.0,88.908966461327864,84.94455852156058,,23.0,3.0,,,,,4.0,R7962061,ROS21000054
38045464,ROS,0.0,20.0,1.0,2.0,44.0,88.898015058179325,,,,27.0,,,,,1.0,R3716694,ROS38045464
26631069,MAP,0.0,12.0,1.0,2.0,44.0,88.895277207392198,85.861738535249827,89.374401095140314,17.0,7.0,6.75,5.0,2.0,4.0,4.0,R2144127,MAP26631069
17712202,MAP,0.0,12.0,1.0,2.0,33.0,88.895277207392198,,89.01848049281314,,24.0,5.03333333333333,5.0,1.0,1.0,1.0,R7134834,MAP17712202
9149830,ROS,0.0,18.0,1.0,2.0,33.0,88.895277207392198,,,,28.0,,,,,1.0,R3469970,ROS9149830
59449940,MAP,0.0,18.0,1.0,2.0,33.0,88.895277207392198,,,,30.0,,,,,1.0,R6207818,MAP59449940
69660076,MAP,1.0,16.0,1.0,2.0,33.0,88.89253935660507,,89.500342231348398,,29.0,9.08333333333333,2.0,2.0,1.0,2.0,R6533362,MAP69660076
27586957,MAP,0.0,16.0,1.0,2.0,33.0,88.89253935660507,,,,26.0,,,,,1.0,R1573804,MAP27586957
44951690,MAP,0.0,12.0,1.0,2.0,33.0,88.89253935660507,,,,29.0,,,,,1.0,R4509955,MAP44951690
20611993,ROS,0.0,20.0,1.0,2.0,33.0,88.887063655030801,83.89048596851471,89.659137577002056,27.0,3.0,11.25,5.0,2.0,4.0,4.0,R8783288,ROS20611993
98625132,MAP,1.0,19.0,1.0,2.0,,88.887063655030801,,,,24.0,,,,,1.0,R5335800,MAP98625132
29843151,MAP,0.0,11.0,1.0,2.0,33.0,88.881587953456531,,,,24.0,,,,,2.0,R2850128,MAP29843151
20110807,ROS,0.0,16.0,1.0,2.0,23.0,88.878850102669404,,,,27.0,,,,,2.0,R1364641,ROS20110807
21404450,ROS,0.0,18.0,1.0,2.0,33.0,88.876112251882276,,89.322381930184804,,30.0,17.0,2.0,1.0,1.0,1.0,R6869581,ROS21404450
22100701,ROS,0.0,20.0,3.0,1.0,34.0,88.870636550308006,82.770704996577692,,25.0,0.0,,,,,4.0,R9779595,ROS22100701
31504924,MAP,0.0,16.0,1.0,2.0,33.0,88.856947296372354,86.179329226557158,90+,24.0,10.0,8.5,6.0,1.0,4.0,4.0,R2884953,MAP31504924
20232186,ROS,0.0,21.0,1.0,2.0,23.0,88.856947296372354,,89.648186173853531,,30.0,16.9166666666667,3.0,4.0,1.0,1.0,R7939600,ROS20232186
69540555,MAP,0.0,12.0,1.0,2.0,23.0,88.856947296372354,,,,29.0,,,,,1.0,R2759617,MAP69540555
64291829,MAP,1.0,8.0,1.0,2.0,24.0,88.848733744010957,,89.237508555783705,,9.0,4.3,1.0,3.0,4.0,4.0,R8834184,MAP64291829
93583845,ROS,0.0,16.0,1.0,2.0,33.0,88.843258042436688,,89.240246406570847,,24.0,15.6666666666667,4.0,2.0,4.0,4.0,R8005143,ROS93583845
61542827,MAP,0.0,19.0,1.0,2.0,33.0,88.84052019164956,,,,28.0,,,,,1.0,R8433132,MAP61542827
56266835,MAP,1.0,17.0,1.0,2.0,23.0,88.829568788501021,,89.459274469541413,,26.0,6.88333333333333,4.0,4.0,1.0,1.0,R5089550,MAP56266835
39316600,MAP,0.0,13.0,1.0,2.0,33.0,88.821355236139624,87.953456536618759,89.957563312799451,18.0,20.0,3.66666666666667,5.0,2.0,4.0,4.0,R6122967,MAP39316600
50102826,MAP,0.0,14.0,1.0,2.0,33.0,88.818617385352496,,88.889801505817928,,30.0,6.5,2.0,3.0,2.0,2.0,R1631616,MAP50102826
86495735,ROS,0.0,21.0,1.0,2.0,34.0,88.815879534565369,86.866529774127315,89.486652977412732,18.0,12.0,19.25,,,5.0,4.0,R6271465,ROS86495735
84091825,MAP,1.0,13.0,2.0,2.0,34.0,88.813141683778241,,90+,,23.0,17.8333333333333,,,2.0,2.0,R5860944,MAP84091825
56670427,MAP,0.0,16.0,1.0,2.0,33.0,88.813141683778241,,89.349760438056123,,28.0,9.1,2.0,4.0,1.0,1.0,R6651572,MAP56670427
4886978,MAP,1.0,16.0,1.0,2.0,44.0,88.813141683778241,88.813141683778241,,18.0,18.0,,,,,4.0,R9287045,MAP4886978
38606123,MAP,0.0,12.0,1.0,2.0,33.0,88.804928131416844,88.804928131416844,90+,22.0,22.0,6.08333333333333,5.0,2.0,4.0,4.0,R3279589,MAP38606123
20610140,ROS,0.0,18.0,1.0,2.0,33.0,88.802190280629702,,90+,,29.0,,,,1.0,1.0,R9139911,ROS20610140
50405330,MAP,1.0,20.0,1.0,2.0,24.0,88.802190280629702,,90+,,30.0,5.33333333333333,5.0,1.0,1.0,1.0,R8781115,MAP50405330
51400993,MAP,0.0,16.0,1.0,2.0,33.0,88.799452429842574,,89.727583846680361,,27.0,6.55,3.0,4.0,2.0,2.0,R7551006,MAP51400993
39989287,MAP,1.0,12.0,1.0,2.0,33.0,88.777549623545511,,89.086926762491444,,24.0,7.75,3.0,4.0,1.0,1.0,R2543886,MAP39989287
16350496,ROS,0.0,18.0,1.0,2.0,33.0,88.774811772758383,,,,29.0,,,,,1.0,R3296848,ROS16350496
20853379,MAP,0.0,14.0,1.0,2.0,33.0,88.774811772758383,,,,26.0,,,,,2.0,R8713542,MAP20853379
92539409,MAP,0.0,12.0,2.0,2.0,24.0,88.766598220396986,,,,28.0,,,,,1.0,R6588472,MAP92539409
40485811,MAP,0.0,18.0,1.0,2.0,,88.750171115674192,,89.51403148528405,,17.0,,,,,4.0,R2942545,MAP40485811
36953249,MAP,0.0,12.0,1.0,2.0,23.0,88.741957563312795,,,,29.0,,,,,1.0,R7018577,MAP36953249
84525776,MAP,0.0,15.0,1.0,2.0,24.0,88.739219712525667,,,,29.0,,,,,1.0,R4862771,MAP84525776
70816595,MAP,1.0,13.0,1.0,2.0,33.0,88.73648186173854,,90+,,27.0,4.58333333333333,2.0,4.0,1.0,1.0,R4527133,MAP70816595
20197364,ROS,0.0,20.0,1.0,2.0,33.0,88.733744010951398,87.737166324435321,88.791238877481177,9.0,10.0,5.41666666666667,3.0,1.0,4.0,4.0,R8963331,ROS20197364
34871896,ROS,0.0,17.0,1.0,2.0,33.0,88.728268309377142,,,,30.0,,,,,1.0,R9394103,ROS34871896
32971269,MAP,1.0,16.0,1.0,2.0,33.0,88.725530458590001,,89.500342231348398,,27.0,20.6666666666667,2.0,4.0,2.0,2.0,R4021549,MAP32971269
20187204,ROS,0.0,23.0,1.0,2.0,34.0,88.722792607802873,,88.908966461327864,,27.0,12.1666666666667,4.0,2.0,1.0,1.0,R6681721,ROS20187204
13485298,MAP,0.0,12.0,1.0,2.0,23.0,88.720054757015745,,89.705681040383297,,26.0,8.5,4.0,2.0,3.0,2.0,R8423894,MAP13485298
41265021,MAP,0.0,16.0,1.0,2.0,34.0,88.711841204654348,85.620807665982198,89.273100616016421,17.0,12.0,5.6,3.0,4.0,4.0,4.0,R8645947,MAP41265021
54458919,MAP,0.0,12.0,1.0,2.0,33.0,88.709103353867221,,90+,,30.0,5.0,3.0,3.0,1.0,1.0,R2455930,MAP54458919
22683723,MAP,0.0,17.0,1.0,2.0,33.0,88.709103353867221,,,,27.0,,,,,1.0,R2898877,MAP22683723
46000440,MAP,1.0,16.0,1.0,2.0,34.0,88.703627652292951,88.703627652292951,89.642710472279262,19.0,19.0,6.91666666666667,4.0,1.0,4.0,4.0,R1028639,MAP46000440
63188799,MAP,0.0,14.0,1.0,2.0,33.0,88.703627652292951,83.956194387405887,89.218343600273784,14.0,0.0,6.5,6.0,1.0,4.0,4.0,R2474257,MAP63188799
7311370,MAP,1.0,18.0,1.0,2.0,33.0,88.689938398357285,,89.46748802190281,,22.0,7.58333333333333,3.0,2.0,2.0,2.0,R1687970,MAP7311370
50101811,MAP,0.0,18.0,1.0,2.0,33.0,88.687200547570157,,89.037645448323062,,30.0,7.16666666666667,2.0,3.0,1.0,1.0,R4063549,MAP50101811
50100068,MAP,1.0,11.0,1.0,1.0,23.0,88.681724845995888,,90+,,27.0,,,,1.0,1.0,R7868673,MAP50100068
56934056,ROS,0.0,16.0,1.0,2.0,34.0,88.681724845995888,,,,27.0,,,,,2.0,R9286346,ROS56934056
20897173,ROS,0.0,18.0,1.0,2.0,23.0,88.67898699520876,,89.281314168377818,,21.4285714285714,5.41666666666667,3.0,4.0,1.0,1.0,R1375133,ROS20897173
50409956,MAP,0.0,12.0,1.0,2.0,33.0,88.668035592060235,88.668035592060235,89.500342231348398,18.0,18.0,6.5,5.0,1.0,4.0,5.0,R9821425,MAP50409956
84653463,MAP,0.0,12.0,1.0,2.0,33.0,88.668035592060235,,89.418206707734427,,25.0,5.91666666666667,4.0,1.0,2.0,2.0,R1710143,MAP84653463
21276174,ROS,0.0,19.0,1.0,2.0,23.0,88.665297741273108,,88.829568788501021,,27.0,45.0,2.0,4.0,2.0,2.0,R5730103,ROS21276174
92427316,MAP,1.0,12.0,1.0,2.0,33.0,88.662559890485966,,89.226557152635181,,24.0,43.8833333333333,4.0,1.0,1.0,1.0,R6119857,MAP92427316
84417209,MAP,0.0,12.0,1.0,2.0,33.0,88.659822039698838,88.659822039698838,89.117043121149891,18.0,18.0,7.5,5.0,2.0,4.0,4.0,R9254464,MAP84417209
73976154,MAP,0.0,12.0,1.0,2.0,34.0,88.654346338124569,,89.941136208076657,,29.0,,,,1.0,1.0,R5648906,MAP73976154
50100482,MAP,0.0,13.0,1.0,2.0,33.0,88.651608487337441,,89.360711841204647,,26.0,6.21666666666667,3.0,4.0,2.0,2.0,R5683778,MAP50100482
45795112,MAP,0.0,18.0,2.0,2.0,33.0,88.640657084188916,,89.667351129363453,,29.0,61.5,4.0,1.0,1.0,1.0,R7033218,MAP45795112
21180847,ROS,0.0,20.0,1.0,2.0,33.0,88.637919233401774,,90+,,27.8571428571429,5.0,4.0,4.0,1.0,1.0,R8288288,ROS21180847
92602617,MAP,0.0,13.0,1.0,2.0,33.0,88.635181382614647,86.658453114305274,,29.0,29.0,,,,,2.0,R4942127,MAP92602617
21908157,ROS,0.0,18.0,1.0,2.0,33.0,88.62696783025325,,,,27.0,,,,,1.0,R8006177,ROS21908157
31680227,MAP,0.0,8.0,1.0,1.0,33.0,88.616016427104725,,90+,,29.0,,,,2.0,2.0,R6472908,MAP31680227
87555330,MAP,0.0,16.0,1.0,2.0,33.0,88.613278576317597,,,,28.0,,,,,2.0,R5703491,MAP87555330
9121,MAP,0.0,12.0,1.0,2.0,34.0,88.610540725530456,,,,27.0,,,,,1.0,R9953004,MAP9121
93493992,MAP,0.0,14.0,1.0,2.0,33.0,88.607802874743328,,,,25.0,,,,,1.0,R2705426,MAP93493992
29323436,MAP,0.0,13.0,1.0,2.0,,88.6050650239562,,89.541409993155369,,25.0,6.16666666666667,4.0,2.0,1.0,1.0,R9002617,MAP29323436
78353027,MAP,1.0,13.0,1.0,2.0,34.0,88.594113620807661,86.5845311430527,89.045859000684459,22.0,12.0,7.73333333333333,6.0,1.0,4.0,4.0,R3997006,MAP78353027
5779736,MAP,0.0,9.0,1.0,2.0,23.0,88.588637919233406,88.588637919233406,89.18001368925394,3.0,3.0,4.08333333333333,4.0,2.0,4.0,4.0,R4619330,MAP5779736
8637647,MAP,1.0,19.0,1.0,2.0,33.0,88.580424366872009,,89.538672142368242,,25.0,5.91666666666667,3.0,4.0,1.0,1.0,R8125311,MAP8637647
91921829,MAP,0.0,16.0,1.0,2.0,33.0,88.57494866529774,,89.303216974674882,,29.0,4.75,3.0,3.0,1.0,1.0,R9598418,MAP91921829
54661156,MAP,1.0,4.0,2.0,2.0,23.0,88.56947296372347,,88.774811772758383,,29.0,,,,1.0,1.0,R3373642,MAP54661156
31587865,MAP,0.0,14.0,1.0,2.0,33.0,88.563997262149215,88.563997262149215,89.01300479123887,17.0,17.0,,,,4.0,4.0,R3362825,MAP31587865
10221262,ROS,1.0,18.0,1.0,2.0,33.0,88.561259411362087,77.582477754962355,88.922655715263517,23.0,17.0,16.8166666666667,2.0,2.0,4.0,4.0,R4928630,ROS10221262
16733667,MAP,0.0,12.0,1.0,2.0,34.0,88.550308008213548,,,,25.0,,,,,2.0,R6265363,MAP16733667
20821943,ROS,0.0,20.0,1.0,2.0,34.0,88.544832306639293,,89.221081451060911,,26.0,4.0,3.0,2.0,2.0,2.0,R1042566,ROS20821943
69982407,MAP,1.0,20.0,1.0,2.0,33.0,88.542094455852151,88.542094455852151,89.138945927446954,25.0,25.0,6.05,3.0,4.0,4.0,4.0,R4465525,MAP69982407
20721930,ROS,0.0,18.0,1.0,2.0,23.0,88.531143052703626,,,,28.0,,,,,2.0,R2126729,ROS20721930
66800446,MAP,0.0,20.0,1.0,2.0,33.0,88.531143052703626,,,,28.0,,,,,2.0,R3659701,MAP66800446
31586274,MAP,0.0,9.0,2.0,2.0,33.0,88.528405201916499,,90+,,20.0,,,,5.0,6.0,R4174518,MAP31586274
50100518,MAP,1.0,12.0,1.0,2.0,33.0,88.517453798767974,,89.045859000684459,,27.0,7.0,2.0,2.0,1.0,1.0,R9579311,MAP50100518
24523376,MAP,0.0,16.0,1.0,2.0,,88.517453798767974,,,,26.0,,,,,2.0,R2359924,MAP24523376
21176585,ROS,0.0,21.0,1.0,2.0,24.0,88.514715947980832,87.520876112251884,88.851471594798085,20.0,14.0,2.75,3.0,2.0,4.0,4.0,R2449163,ROS21176585
36379623,MAP,0.0,16.0,1.0,2.0,33.0,88.509240246406577,,89.538672142368242,,22.0,4.08333333333333,3.0,2.0,4.0,4.0,R4900012,MAP36379623
50105699,MAP,0.0,12.0,1.0,2.0,34.0,88.509240246406577,82.406570841889121,88.774811772758383,21.0,3.0,3.0,5.0,1.0,4.0,4.0,R8415954,MAP50105699
64358179,MAP,0.0,12.0,1.0,2.0,34.0,88.506502395619435,,90+,,26.0,26.0,2.0,4.0,1.0,1.0,R3328752,MAP64358179
25823625,ROS,0.0,16.0,1.0,1.0,33.0,88.495550992470911,,88.94455852156058,,14.0,7.0,4.0,2.0,4.0,4.0,R7018682,ROS25823625
11310844,ROS,1.0,20.0,1.0,2.0,34.0,88.495550992470911,,88.706365503080079,,26.0,4.5,4.0,2.0,2.0,2.0,R3322663,ROS11310844
20433379,ROS,0.0,20.0,1.0,2.0,33.0,88.495550992470911,77.957563312799451,,26.0,3.0,,,,,4.0,R5856680,ROS20433379
22702815,ROS,0.0,16.0,1.0,2.0,23.0,88.473648186173847,,,,30.0,,,,,1.0,R3189900,ROS22702815
14536586,MAP,0.0,15.0,1.0,2.0,33.0,88.470910335386719,,,,29.0,,,,,1.0,R3608162,MAP14536586
97449632,MAP,0.0,16.0,1.0,2.0,33.0,88.465434633812464,,,,30.0,,,,,1.0,R9831763,MAP97449632
43596435,ROS,0.0,20.0,1.0,2.0,33.0,88.459958932238195,,88.796714579055447,,29.0,19.5,3.0,4.0,1.0,1.0,R4703595,ROS43596435
41113886,ROS,0.0,18.0,1.0,2.0,33.0,88.457221081451067,,89.23203285420945,,25.0,,,,2.0,2.0,R2392403,ROS41113886
20120679,ROS,0.0,18.0,1.0,2.0,23.0,88.457221081451067,,89.034907597535934,,24.0,16.0,4.0,4.0,1.0,1.0,R7039852,ROS20120679
64871117,MAP,1.0,22.0,1.0,2.0,,88.457221081451067,,,,28.0,,,,,1.0,R7435414,MAP64871117
20504017,ROS,0.0,20.0,1.0,2.0,34.0,88.454483230663925,,88.791238877481177,,28.0,5.5,4.0,2.0,1.0,1.0,R7295303,ROS20504017
20113418,ROS,0.0,30.0,1.0,2.0,34.0,88.44900752908967,74.362765229295007,88.676249144421632,25.0,0.0,,,,5.0,5.0,R5198456,ROS20113418
22776575,MAP,0.0,16.0,1.0,2.0,34.0,88.446269678302528,,89.103353867214238,,30.0,5.08333333333333,3.0,3.0,1.0,1.0,R8466373,MAP22776575
3340627,MAP,0.0,16.0,1.0,1.0,33.0,88.424366872005479,,,,28.0,,,,,1.0,R5710632,MAP3340627
96351191,MAP,0.0,12.0,1.0,2.0,33.0,88.410677618069812,,88.498288843258038,,21.0,8.0,4.0,1.0,5.0,6.0,R8156594,MAP96351191
20171508,ROS,0.0,10.0,1.0,2.0,34.0,88.394250513347018,86.398357289527723,89.158110882956876,23.0,6.0,9.0,4.0,1.0,4.0,4.0,R7043881,ROS20171508
99911705,MAP,0.0,18.0,1.0,2.0,23.0,88.39151266255989,,,,30.0,,,,,2.0,R5909764,MAP99911705
11632851,ROS,1.0,14.0,1.0,2.0,33.0,88.388774811772763,,89.322381930184804,,19.2857142857143,4.98333333333333,4.0,2.0,2.0,2.0,R9582641,ROS11632851
89876260,MAP,0.0,12.0,1.0,2.0,33.0,88.386036960985621,,,,29.0,,,,,1.0,R3751026,MAP89876260
50409820,MAP,1.0,12.0,1.0,2.0,33.0,88.377823408624224,,90+,,25.0,8.25,3.0,3.0,1.0,1.0,R4673089,MAP50409820
5427601,MAP,0.0,17.0,1.0,2.0,34.0,88.372347707049968,,,,25.0,,,,,1.0,R2356487,MAP5427601
29444412,MAP,0.0,12.0,1.0,2.0,,88.369609856262841,,,,30.0,,,,,1.0,R4877514,MAP29444412
32383679,MAP,0.0,12.0,1.0,2.0,23.0,88.366872005475699,,90+,,27.0,8.25,4.0,1.0,1.0,1.0,R2347173,MAP32383679
3902977,MAP,0.0,16.0,1.0,2.0,33.0,88.366872005475699,,,,29.0,,,,,1.0,R9739448,MAP3902977
20921794,ROS,0.0,18.0,1.0,2.0,33.0,88.364134154688571,,,,29.0,,,,,1.0,R8496857,ROS20921794
19644391,ROS,0.0,20.0,1.0,2.0,33.0,88.361396303901444,,,,29.0,,,,,1.0,R8832451,ROS19644391
84248280,MAP,0.0,19.0,1.0,2.0,33.0,88.353182751540047,,,,25.0,,,,,2.0,R9510612,MAP84248280
50101785,MAP,1.0,10.0,1.0,2.0,33.0,88.350444900752905,,88.492813141683783,,27.0,8.83333333333333,4.0,2.0,2.0,2.0,R3128463,MAP50101785
15857934,ROS,1.0,20.0,1.0,2.0,23.0,88.347707049965777,,,,28.0,,,,,1.0,R9730252,ROS15857934
21401713,ROS,0.0,18.0,1.0,2.0,44.0,88.33949349760438,83.293634496919921,,26.0,0.0,,,,,4.0,R7825429,ROS21401713
74522154,ROS,0.0,18.0,1.0,2.0,23.0,88.336755646817252,,89.976728268309373,,29.0,24.0,4.0,4.0,1.0,1.0,R9624233,ROS74522154
10100312,ROS,1.0,20.0,1.0,2.0,33.0,88.328542094455855,,89.229295003422308,,30.0,34.3333333333333,3.0,2.0,1.0,1.0,R5656286,ROS10100312
11336574,ROS,1.0,22.0,1.0,2.0,34.0,88.328542094455855,,89.026694045174537,,0.0,3.5,6.0,1.0,4.0,4.0,R9426782,ROS11336574
23993132,MAP,0.0,8.0,1.0,2.0,33.0,88.309377138945933,87.367556468172481,89.420944558521555,23.0,17.0,,,,4.0,4.0,R9710456,MAP23993132
45736305,ROS,0.0,20.0,1.0,2.0,34.0,88.292950034223139,88.292950034223139,,23.0,23.0,,,,,4.0,R2470231,ROS45736305
20212416,ROS,0.0,20.0,1.0,2.0,33.0,88.290212183435997,,,,27.0,,,,,1.0,R1308154,ROS20212416
21406344,ROS,0.0,16.0,1.0,2.0,33.0,88.271047227926076,88.271047227926076,88.971937029431899,22.5,22.5,13.0,4.0,4.0,5.0,4.0,R3499454,ROS21406344
20986985,ROS,0.0,22.0,1.0,2.0,,88.271047227926076,,,,30.0,,,,,1.0,R6995291,ROS20986985
21142003,ROS,0.0,16.0,1.0,2.0,23.0,88.257357973990423,,88.925393566050644,,28.0,7.0,4.0,4.0,1.0,1.0,R7288382,ROS21142003
22201693,ROS,0.0,18.0,2.0,2.0,34.0,88.254620123203281,,89.300479123887754,,23.0,6.56666666666667,4.0,1.0,4.0,4.0,R4186694,ROS22201693
50302004,MAP,0.0,17.0,1.0,2.0,33.0,88.249144421629026,,89.730321697467488,,27.0,11.25,0.0,4.0,2.0,2.0,R5415701,MAP50302004
3070130,MAP,0.0,12.0,1.0,2.0,,88.249144421629026,,,,27.0,,,,,2.0,R3481069,MAP3070130
27481601,MAP,0.0,15.0,1.0,2.0,34.0,88.240930869267629,83.258042436687205,88.446269678302528,20.0,0.0,6.5,5.0,1.0,4.0,4.0,R9064073,MAP27481601
20506451,ROS,0.0,18.0,1.0,2.0,34.0,88.240930869267629,85.223819301848053,,23.0,11.0,,,,,4.0,R1732232,ROS20506451
74191827,MAP,0.0,16.0,2.0,2.0,33.0,88.23545516769336,,,,27.0,,,,,2.0,R5037212,MAP74191827
23317334,ROS,0.0,17.0,1.0,2.0,33.0,88.232717316906232,,,,25.0,,,,,1.0,R3949459,ROS23317334
82527318,MAP,0.0,7.0,1.0,2.0,33.0,88.22997946611909,,89.07597535934292,,28.0,10.1666666666667,4.0,2.0,1.0,1.0,R8596114,MAP82527318
18500390,MAP,0.0,18.0,1.0,2.0,33.0,88.22997946611909,,,,29.0,,,,,1.0,R2266688,MAP18500390
48319614,ROS,0.0,18.0,1.0,2.0,33.0,88.219028062970565,,88.648870636550313,,22.0,4.83333333333333,4.0,1.0,2.0,2.0,R2213536,ROS48319614
91214985,MAP,0.0,24.0,1.0,2.0,23.0,88.21355236139631,,,,30.0,,,,,1.0,R8254348,MAP91214985
58331153,MAP,1.0,14.0,1.0,2.0,34.0,88.210814510609168,87.145790554414788,,22.0,18.0,,,,,4.0,R9731951,MAP58331153
46251007,MAP,0.0,16.0,1.0,2.0,33.0,88.197125256673516,,89.051334702258728,,29.0,6.11666666666667,2.0,4.0,1.0,1.0,R8983137,MAP46251007
46910335,MAP,0.0,16.0,1.0,2.0,24.0,88.197125256673516,,88.832306639288163,,28.0,8.08333333333333,4.0,2.0,2.0,2.0,R9886653,MAP46910335
10248033,ROS,1.0,19.0,1.0,2.0,44.0,88.191649555099247,86.885694729637237,88.468172484599592,6.0,12.0,17.9166666666667,3.0,2.0,4.0,4.0,R8608442,ROS10248033
30257786,MAP,0.0,13.0,1.0,2.0,33.0,88.191649555099247,,,,27.0,,,,,1.0,R5585704,MAP30257786
98506202,MAP,1.0,24.0,1.0,2.0,33.0,88.191649555099247,,,,27.0,,,,,1.0,R4455407,MAP98506202
85300481,MAP,1.0,12.0,1.0,2.0,34.0,88.167008898015055,87.16495550992471,88.780287474332653,16.0,19.0,5.45,2.0,2.0,4.0,4.0,R5294357,MAP85300481
6702361,MAP,0.0,12.0,1.0,2.0,23.0,88.167008898015055,,,,29.0,,,,,1.0,R7514161,MAP6702361
26938063,MAP,0.0,17.0,1.0,2.0,44.0,88.167008898015055,,,,28.0,,,,,2.0,R1793224,MAP26938063
21117516,ROS,0.0,16.0,1.0,2.0,33.0,88.1615331964408,85.248459958932244,88.566735112936342,23.0,12.0,14.25,3.0,1.0,5.0,5.0,R3278000,ROS21117516
11475462,ROS,1.0,20.0,1.0,2.0,33.0,88.158795345653658,,88.246406570841884,,11.1111111111111,5.91666666666667,5.0,2.0,4.0,2.0,R2272015,ROS11475462
13464351,MAP,0.0,13.0,1.0,2.0,34.0,88.153319644079403,,88.484599589322386,,27.0,,,,1.0,1.0,R1658975,MAP13464351
9986931,MAP,0.0,15.0,1.0,2.0,33.0,88.147843942505133,,,,27.0,,,,,2.0,R3686413,MAP9986931
48023497,MAP,0.0,14.0,1.0,2.0,23.0,88.142368240930864,,88.276522929500345,,24.0,7.33333333333333,1.0,4.0,3.0,2.0,R9506243,MAP48023497
42950045,MAP,0.0,10.0,1.0,2.0,33.0,88.139630390143736,,,,23.0,,,,,1.0,R1724732,MAP42950045
58677906,MAP,0.0,15.0,1.0,2.0,33.0,88.131416837782339,,88.971937029431899,,28.0,,,,,2.0,R9261045,MAP58677906
22143176,MAP,0.0,18.0,1.0,2.0,,88.120465434633815,,,,27.0,,,,,1.0,R5939808,MAP22143176
85509528,MAP,0.0,12.0,1.0,2.0,33.0,88.076659822039701,82.212183436002732,88.878850102669404,12.0,0.0,8.75,5.0,1.0,4.0,4.0,R2280515,MAP85509528
20510687,ROS,0.0,8.0,3.0,1.0,33.0,88.065708418891177,,88.755646817248461,,27.0,4.9,3.0,2.0,1.0,1.0,R8950661,ROS20510687
20251553,ROS,0.0,24.0,1.0,2.0,33.0,88.065708418891177,87.112936344969199,88.643394934976044,20.0,19.0,11.5,4.0,1.0,4.0,4.0,R3198654,ROS20251553
11436875,ROS,1.0,17.0,1.0,2.0,33.0,88.041067761806985,75.956194387405887,88.758384668035589,30.0,25.0,21.0,4.0,2.0,2.0,2.0,R3383215,ROS11436875
11661126,ROS,1.0,20.0,1.0,2.0,33.0,88.030116358658447,,,,29.0,,,,,1.0,R4969711,ROS11661126
50303307,MAP,0.0,15.0,1.0,2.0,33.0,88.027378507871319,,90+,,28.0,10.1,5.0,2.0,1.0,1.0,R2809694,MAP50303307
53533437,MAP,1.0,16.0,1.0,2.0,33.0,88.024640657084191,,,,29.0,,,,,1.0,R8857207,MAP53533437
67583092,MAP,0.0,16.0,1.0,2.0,,88.021902806297064,,,,29.0,,,,,2.0,R2201450,MAP67583092
22101554,ROS,0.0,18.0,2.0,2.0,23.0,88.016427104722794,,,,28.0,,,,,1.0,R8883105,ROS22101554
20267411,ROS,0.0,18.0,1.0,2.0,33.0,88.013689253935667,,88.665297741273108,,29.0,14.8666666666667,2.0,2.0,1.0,1.0,R9728061,ROS20267411
20170917,ROS,0.0,30.0,1.0,2.0,34.0,88.010951403148525,,88.62696783025325,,27.0,7.0,4.0,2.0,2.0,2.0,R6026731,ROS20170917
11327005,ROS,1.0,20.0,1.0,2.0,23.0,88.008213552361397,87.101984941820675,88.960985626283374,,24.0,2.58333333333333,4.0,1.0,4.0,6.0,R4077358,ROS11327005
39282539,MAP,1.0,28.0,1.0,2.0,34.0,88.005475701574269,,,,29.0,,,,,1.0,R5354672,MAP39282539
85065931,MAP,0.0,12.0,1.0,2.0,23.0,88.0,,,,28.0,,,,,1.0,R4841381,MAP85065931
20729046,ROS,0.0,20.0,1.0,2.0,33.0,87.983572895277206,,88.591375770020534,,27.0,9.33333333333333,3.0,4.0,1.0,1.0,R3745584,ROS20729046
20726273,ROS,0.0,25.0,1.0,2.0,34.0,87.983572895277206,,87.991786447638603,,24.0,4.83333333333333,5.0,1.0,2.0,2.0,R3739042,ROS20726273
50407936,MAP,1.0,13.0,1.0,2.0,33.0,87.978097193702936,,88.999315537303218,,28.0,80.6666666666667,1.0,2.0,2.0,2.0,R5653854,MAP50407936
34326260,MAP,0.0,14.0,1.0,2.0,34.0,87.958932238193015,,88.136892539356609,,28.0,,,,2.0,2.0,R5509306,MAP34326260
50104008,MAP,0.0,18.0,1.0,2.0,33.0,87.953456536618759,,88.032854209445588,,17.0,4.41666666666667,5.0,1.0,4.0,2.0,R3857147,MAP50104008
5689621,MAP,0.0,12.0,1.0,2.0,34.0,87.950718685831617,,88.750171115674192,,26.0,21.2,5.0,1.0,2.0,2.0,R7851092,MAP5689621
20130865,ROS,0.0,16.0,1.0,2.0,23.0,87.950718685831617,,,,29.0,,,,,1.0,R5827245,ROS20130865
25300551,MAP,1.0,12.0,1.0,2.0,33.0,87.94250513347022,,88.950034223134836,,27.0,6.75,5.0,2.0,2.0,2.0,R6627307,MAP25300551
20153858,ROS,0.0,20.0,1.0,2.0,33.0,87.94250513347022,,88.476386036960989,,21.0,22.5833333333333,3.0,1.0,2.0,2.0,R6375748,ROS20153858
30755009,MAP,0.0,12.0,1.0,2.0,22.0,87.94250513347022,,88.39698836413416,,26.6666666666667,5.5,3.0,4.0,1.0,1.0,R2421650,MAP30755009
74718818,MAP,0.0,8.0,2.0,2.0,24.0,87.939767282683093,,88.098562628336751,,27.0,4.41666666666667,3.0,1.0,1.0,1.0,R7788887,MAP74718818
24573038,ROS,0.0,20.0,1.0,2.0,23.0,87.939767282683093,,,,30.0,,,,,1.0,R6897667,ROS24573038
55994710,MAP,0.0,12.0,1.0,2.0,33.0,87.931553730321696,87.931553730321696,,18.0,18.0,,,,,4.0,R1730389,MAP55994710
21539112,MAP,1.0,18.0,1.0,2.0,34.0,87.926078028747426,,,,29.0,,,,,1.0,R7599535,MAP21539112
6152191,MAP,0.0,18.0,2.0,2.0,23.0,87.923340177960299,,,,27.0,,,,,1.0,R3166227,MAP6152191
68240882,MAP,1.0,19.0,1.0,2.0,,87.920602327173171,,89.388090349075981,,29.0,,,,1.0,1.0,R1217761,MAP68240882
26929170,MAP,0.0,16.0,1.0,2.0,34.0,87.909650924024646,,,,25.0,,,,,2.0,R3054339,MAP26929170
20956605,ROS,0.0,16.0,1.0,2.0,33.0,87.901437371663249,,88.599589322381931,,29.0,19.5833333333333,4.0,2.0,2.0,2.0,R2549195,ROS20956605
47067421,MAP,0.0,13.0,1.0,2.0,33.0,87.89596167008898,,88.407939767282684,,30.0,5.58333333333333,3.0,2.0,1.0,1.0,R8680604,MAP47067421
92371267,MAP,0.0,15.0,1.0,2.0,33.0,87.882272416153313,,88.164271047227928,,24.0,4.76666666666667,5.0,1.0,2.0,2.0,R6163933,MAP92371267
16288167,MAP,1.0,16.0,1.0,2.0,33.0,87.882272416153313,,,,29.0,,,,,1.0,R6639718,MAP16288167
37393077,MAP,0.0,14.0,1.0,2.0,24.0,87.863107460643391,87.863107460643391,88.090349075975354,5.0,5.0,6.8,4.0,2.0,4.0,4.0,R6382654,MAP37393077
43119512,MAP,0.0,20.0,1.0,2.0,33.0,87.857631759069136,,90+,,13.0,,,,4.0,4.0,R9993486,MAP43119512
21406768,ROS,0.0,19.0,1.0,2.0,33.0,87.857631759069136,84.832306639288163,88.654346338124569,25.0,19.0,24.0,4.0,4.0,4.0,4.0,R3435705,ROS21406768
83984043,MAP,1.0,15.0,1.0,2.0,33.0,87.852156057494867,87.852156057494867,88.94455852156058,9.0,9.0,19.5,5.0,1.0,4.0,4.0,R6636386,MAP83984043
56961563,MAP,1.0,20.0,1.0,2.0,33.0,87.852156057494867,,,,29.0,,,,,1.0,R3945328,MAP56961563
23601829,MAP,0.0,14.0,1.0,2.0,33.0,87.849418206707739,,,,29.0,,,,,1.0,R5503762,MAP23601829
44041093,MAP,0.0,14.0,1.0,2.0,34.0,87.8384668035592,86.850102669404521,88.243668720054757,,26.0,,,,4.0,4.0,R3247152,MAP44041093
50100932,MAP,0.0,12.0,1.0,2.0,34.0,87.832991101984945,82.847364818617379,90+,23.0,17.0,11.9833333333333,5.0,1.0,4.0,4.0,R5405023,MAP50100932
81526371,MAP,0.0,14.0,1.0,2.0,34.0,87.830253251197803,85.80150581793292,90+,21.0,20.0,6.46666666666667,5.0,1.0,2.0,2.0,R2197839,MAP81526371
83173570,MAP,0.0,14.0,1.0,2.0,33.0,87.813826146475023,,88.39151266255989,,28.0,10.2166666666667,4.0,3.0,1.0,1.0,R2169533,MAP83173570
21153754,ROS,0.0,17.0,1.0,2.0,33.0,87.805612594113626,,90+,,30.0,,,,1.0,2.0,R8610528,ROS21153754
26468686,MAP,0.0,13.0,2.0,2.0,33.0,87.800136892539356,,,,27.0,,,,,1.0,R1989479,MAP26468686
5931594,MAP,0.0,12.0,1.0,1.0,33.0,87.800136892539356,,,,29.0,,,,,1.0,R6807345,MAP5931594
72659872,MAP,1.0,13.0,1.0,2.0,33.0,87.794661190965087,,88.662559890485966,,28.0,,,,1.0,1.0,R2930574,MAP72659872
25783272,ROS,0.0,16.0,1.0,2.0,33.0,87.783709787816562,,,,29.0,,,,,2.0,R1646344,ROS25783272
52018573,MAP,0.0,12.0,1.0,2.0,44.0,87.780971937029435,,88.481861738535244,,29.0,,,,2.0,2.0,R5676202,MAP52018573
21001357,ROS,0.0,16.0,1.0,2.0,33.0,87.780971937029435,86.732375085557834,88.39151266255989,10.0,15.0,15.7,1.0,2.0,4.0,4.0,R2750081,ROS21001357
88910757,MAP,1.0,18.0,1.0,2.0,,87.77002053388091,,,,28.0,,,,,1.0,R6155328,MAP88910757
77689940,MAP,1.0,16.0,1.0,2.0,33.0,87.767282683093768,,,,30.0,,,,,1.0,R3719131,MAP77689940
46909396,MAP,1.0,12.0,1.0,2.0,33.0,87.76454483230664,,88.791238877481177,,26.0,5.88333333333333,4.0,2.0,2.0,2.0,R4920363,MAP46909396
21401001,ROS,0.0,18.0,1.0,2.0,33.0,87.76454483230664,83.835728952772072,87.926078028747426,27.0,0.0,19.5833333333333,5.0,1.0,4.0,4.0,R2131457,ROS21401001
19460005,MAP,1.0,16.0,1.0,2.0,33.0,87.761806981519513,,88.67898699520876,,29.0,,,,2.0,2.0,R2863898,MAP19460005
4127190,MAP,0.0,20.0,1.0,2.0,23.0,87.750855578370974,,88.637919233401774,,29.0,18.1666666666667,2.0,4.0,1.0,1.0,R1408411,MAP4127190
20197652,ROS,0.0,18.0,1.0,2.0,33.0,87.745379876796719,,,,28.0,,,,,1.0,R1526516,ROS20197652
80830342,ROS,0.0,20.0,1.0,2.0,33.0,87.745379876796719,,,,27.0,,,,,1.0,R1457547,ROS80830342
12337359,MAP,0.0,12.0,1.0,1.0,33.0,87.742642026009577,86.751540041067756,,19.0,12.0,,,,,4.0,R6128501,MAP12337359
86420222,MAP,1.0,16.0,1.0,2.0,34.0,87.739904175222449,,88.89253935660507,,29.0,10.2,3.0,2.0,1.0,1.0,R6084846,MAP86420222
10260309,ROS,1.0,18.0,2.0,2.0,34.0,87.737166324435321,,88.399726214921287,,29.0,8.58333333333333,3.0,4.0,1.0,1.0,R9307768,ROS10260309
91231332,MAP,0.0,16.0,1.0,2.0,23.0,87.73442847364818,,,,26.4,,,,,2.0,R2310136,MAP91231332
35668131,ROS,0.0,22.0,1.0,2.0,,87.723477070499655,,,,29.0,,,,,2.0,R3647390,ROS35668131
40470544,ROS,0.0,27.0,1.0,2.0,33.0,87.720739219712527,,88.39698836413416,,27.0,20.4166666666667,3.0,2.0,1.0,1.0,R5338012,ROS40470544
59598024,MAP,0.0,8.0,1.0,2.0,,87.709787816564003,,,,29.0,,,,,2.0,R8954912,MAP59598024
20254326,ROS,0.0,25.0,1.0,2.0,33.0,87.707049965776861,86.69404517453799,87.901437371663249,22.0,22.0,5.16666666666667,4.0,2.0,4.0,4.0,R6808599,ROS20254326
20264936,ROS,0.0,20.0,1.0,2.0,33.0,87.701574264202605,,88.65708418891171,,29.0,3.58333333333333,3.0,2.0,2.0,2.0,R4620822,ROS20264936
25464740,MAP,0.0,13.0,1.0,2.0,33.0,87.696098562628336,,,,29.0,,,,,1.0,R4654657,MAP25464740
11466029,ROS,1.0,14.0,1.0,2.0,23.0,87.685147159479811,,88.62696783025325,,29.0,6.4,2.0,3.0,2.0,2.0,R1471814,ROS11466029
21408526,ROS,0.0,18.0,1.0,2.0,24.0,87.679671457905542,,,,29.0,,,,,2.0,R3590070,ROS21408526
50100806,MAP,0.0,18.0,1.0,2.0,33.0,87.676933607118414,87.676933607118414,87.852156057494867,23.0,23.0,13.6666666666667,5.0,1.0,5.0,4.0,R3596834,MAP50100806
3713990,MAP,1.0,12.0,1.0,2.0,33.0,87.668720054757017,,87.928815879534568,,30.0,4.33333333333333,4.0,2.0,1.0,1.0,R2367199,MAP3713990
31037310,MAP,1.0,13.0,1.0,2.0,33.0,87.665982203969889,,87.961670088980156,,28.0,31.0,1.0,2.0,1.0,1.0,R2906309,MAP31037310
12872825,MAP,0.0,18.0,1.0,2.0,33.0,87.66050650239562,,,,29.0,,,,,1.0,R2271081,MAP12872825
20124619,ROS,0.0,18.0,1.0,2.0,33.0,87.655030800821351,82.661190965092402,88.369609856262841,17.0,1.0,8.16666666666667,4.0,2.0,4.0,4.0,R6600608,ROS20124619
7253015,MAP,0.0,12.0,1.0,2.0,34.0,87.649555099247095,86.655715263518132,88.528405201916499,24.0,23.0,4.16666666666667,5.0,2.0,4.0,4.0,R2264515,MAP7253015
4319814,MAP,0.0,12.0,1.0,2.0,33.0,87.649555099247095,,,,30.0,,,,,1.0,R9059125,MAP4319814
50102240,MAP,1.0,19.0,1.0,2.0,34.0,87.641341546885698,,87.789185489390832,,28.0,4.0,4.0,2.0,3.0,1.0,R2697774,MAP50102240
17151093,MAP,1.0,16.0,1.0,2.0,33.0,87.641341546885698,87.641341546885698,,14.0,14.0,,,,,4.0,R9918347,MAP17151093
95569649,ROS,0.0,18.0,1.0,2.0,,87.641341546885698,,,,19.0,,,,,4.0,R2229303,ROS95569649
11434729,ROS,1.0,18.0,1.0,2.0,34.0,87.638603696098556,,,,29.0,,,,,1.0,R9197911,ROS11434729
15143863,ROS,1.0,20.0,1.0,2.0,33.0,87.627652292950032,87.627652292950032,88.046543463381241,27.0,27.0,3.91666666666667,5.0,2.0,4.0,4.0,R6996990,ROS15143863
54571041,MAP,1.0,10.0,1.0,2.0,33.0,87.627652292950032,,87.953456536618759,,15.0,,,,4.0,6.0,R1781813,MAP54571041
55485458,MAP,0.0,18.0,1.0,2.0,,87.627652292950032,,,,30.0,,,,,1.0,R9185835,MAP55485458
8109170,MAP,0.0,16.0,1.0,2.0,23.0,87.619438740588635,,88.087611225188226,,27.0,5.45,3.0,2.0,1.0,1.0,R9489952,MAP8109170
20254876,ROS,0.0,18.0,1.0,2.0,33.0,87.613963039014379,85.62354551676934,88.427104722792606,20.0,7.0,8.08333333333333,5.0,1.0,4.0,4.0,R6265038,ROS20254876
58501637,MAP,1.0,12.0,1.0,2.0,33.0,87.611225188227237,,88.336755646817252,,21.0,14.25,4.0,2.0,2.0,2.0,R3749275,MAP58501637
51485304,ROS,0.0,18.0,1.0,2.0,44.0,87.611225188227237,,,,29.0,,,,,1.0,R9127835,ROS51485304
66848442,ROS,0.0,19.0,1.0,2.0,23.0,87.60848733744011,,,,30.0,,,,,1.0,R2339013,ROS66848442
20225925,ROS,0.0,18.0,1.0,2.0,24.0,87.583846680355919,83.542778918548933,87.860369609856264,25.0,15.0,3.55,5.0,1.0,4.0,4.0,R6253512,ROS20225925
43725302,MAP,0.0,12.0,1.0,2.0,,87.572895277207394,,,,27.0,,,,,2.0,R7236719,MAP43725302
53082003,MAP,1.0,20.0,1.0,2.0,,87.564681724845997,,,,11.0,,,,,4.0,R3022457,MAP53082003
19852619,MAP,0.0,15.0,1.0,2.0,33.0,87.561943874058869,,,,29.0,,,,,2.0,R3001512,MAP19852619
61029627,MAP,0.0,16.0,1.0,2.0,33.0,87.553730321697472,,88.506502395619435,,30.0,9.03333333333333,3.0,3.0,1.0,1.0,R8155560,MAP61029627
79590778,ROS,0.0,19.0,1.0,2.0,33.0,87.553730321697472,,88.290212183435997,,28.0,19.0833333333333,4.0,3.0,2.0,2.0,R2500527,ROS79590778
91875770,MAP,0.0,14.0,1.0,2.0,33.0,87.553730321697472,87.553730321697472,,22.0,22.0,,,,,4.0,R1946110,MAP91875770
56569763,MAP,0.0,16.0,1.0,2.0,23.0,87.545516769336075,,,,25.0,,,,,3.0,R1988005,MAP56569763
39250103,MAP,1.0,16.0,1.0,2.0,33.0,87.542778918548933,,90+,,16.0,5.0,1.0,2.0,4.0,4.0,R9680720,MAP39250103
90661046,MAP,0.0,16.0,1.0,2.0,34.0,87.537303216974678,86.543463381245715,87.876796714579058,16.0,19.0,7.25,4.0,1.0,4.0,4.0,R7746772,MAP90661046
15110134,ROS,1.0,19.0,1.0,2.0,33.0,87.537303216974678,,87.649555099247095,,24.0,3.0,4.0,2.0,4.0,4.0,R6171653,ROS15110134
50105149,MAP,0.0,12.0,1.0,2.0,34.0,87.531827515400408,,87.8384668035592,,22.5,19.25,4.0,3.0,2.0,2.0,R3125146,MAP50105149
86127970,MAP,1.0,21.0,1.0,2.0,33.0,87.531827515400408,84.544832306639293,,18.0,27.0,,,,,5.0,R1478262,MAP86127970
19325445,MAP,0.0,13.0,1.0,2.0,23.0,87.526351813826153,,,,30.0,,,,,1.0,R9243972,MAP19325445
74552010,MAP,1.0,20.0,1.0,2.0,,87.523613963039011,,88.580424366872009,,29.0,13.5833333333333,4.0,2.0,2.0,2.0,R9447392,MAP74552010
20613887,ROS,0.0,18.0,1.0,2.0,33.0,87.523613963039011,,88.016427104722794,,25.0,4.75,5.0,1.0,2.0,2.0,R4618186,ROS20613887
99110004,MAP,1.0,19.0,1.0,2.0,33.0,87.523613963039011,87.523613963039011,87.646817248459953,11.0,11.0,6.25,3.0,2.0,4.0,4.0,R3505473,MAP99110004
52173227,MAP,0.0,14.0,1.0,2.0,33.0,87.520876112251884,85.727583846680361,87.939767282683093,8.0,12.0,8.16666666666667,2.0,1.0,4.0,4.0,R9410800,MAP52173227
10484873,ROS,1.0,9.0,1.0,2.0,33.0,87.520876112251884,87.520876112251884,87.863107460643391,15.0,15.0,4.15,2.0,4.0,4.0,4.0,R1292795,ROS10484873
50102114,MAP,1.0,18.0,1.0,2.0,23.0,87.512662559890487,,88.407939767282684,,30.0,6.0,2.0,4.0,1.0,1.0,R2441341,MAP50102114
50100356,MAP,1.0,14.0,1.0,2.0,33.0,87.512662559890487,86.466803559206028,,18.0,17.0,,,,,2.0,R1578309,MAP50100356
95620227,MAP,0.0,12.0,1.0,2.0,33.0,87.512662559890487,,,,29.0,,,,,1.0,R4232215,MAP95620227
10419072,ROS,1.0,21.0,1.0,2.0,33.0,87.507186858316217,,88.303901437371664,,25.0,4.0,1.0,4.0,2.0,2.0,R7151868,ROS10419072
20925446,ROS,0.0,14.0,1.0,2.0,33.0,87.501711156741962,,87.55099247091033,,14.0,3.0,4.0,2.0,4.0,4.0,R1012422,ROS20925446
91525115,MAP,0.0,12.0,1.0,2.0,33.0,87.496235455167692,,,,25.0,,,,,2.0,R8285741,MAP91525115
54324848,MAP,0.0,18.0,1.0,2.0,33.0,87.493497604380565,,88.520191649555102,,30.0,8.75,5.0,2.0,2.0,2.0,R7070153,MAP54324848
95392352,ROS,1.0,22.0,1.0,2.0,33.0,87.493497604380565,,88.402464065708415,,26.0,,,,,1.0,R3743746,ROS95392352
10383017,ROS,1.0,18.0,1.0,2.0,33.0,87.479808350444898,85.489390828199859,87.868583162217661,28.0,27.0,6.16666666666667,1.0,4.0,1.0,1.0,R5221394,ROS10383017
73549281,MAP,0.0,14.0,1.0,2.0,33.0,87.479808350444898,,87.723477070499655,,28.0,10.0,3.0,1.0,1.0,1.0,R1365120,MAP73549281
13462593,MAP,1.0,21.0,1.0,2.0,,87.479808350444898,,87.7180013689254,,27.0,,,,2.0,2.0,R7831181,MAP13462593
43556383,MAP,0.0,20.0,1.0,2.0,33.0,87.479808350444898,,87.594798083504443,,29.0,,,,2.0,2.0,R1201229,MAP43556383
20769648,ROS,0.0,20.0,1.0,2.0,24.0,87.477070499657771,,88.114989733059545,,29.0,6.4,2.0,2.0,1.0,1.0,R7292206,ROS20769648
75990666,MAP,1.0,12.0,1.0,2.0,34.0,87.463381245722104,,87.991786447638603,,12.0,7.58333333333333,4.0,2.0,5.0,5.0,R9253870,MAP75990666
21192189,ROS,0.0,18.0,1.0,2.0,33.0,87.44695414099931,,,,30.0,,,,,1.0,R2071352,ROS21192189
11319389,ROS,1.0,21.0,1.0,2.0,33.0,87.427789185489388,87.427789185489388,88.202600958247771,19.0,19.0,2.33333333333333,3.0,1.0,5.0,5.0,R7210604,ROS11319389
41757198,MAP,0.0,11.0,2.0,2.0,33.0,87.411362080766594,,88.599589322381931,,29.0,,,,1.0,1.0,R4658673,MAP41757198
11082005,ROS,1.0,25.0,1.0,2.0,33.0,87.408624229979466,85.401779603011633,,1.0,4.0,,,,,4.0,R8676900,ROS11082005
46614210,MAP,0.0,16.0,1.0,2.0,,87.408624229979466,,,,25.0,,,,,2.0,R8401705,MAP46614210
32403488,MAP,1.0,19.0,1.0,2.0,33.0,87.392197125256672,,88.232717316906232,,29.0,28.75,4.0,4.0,1.0,1.0,R6297350,MAP32403488
20764305,ROS,0.0,16.0,1.0,2.0,33.0,87.392197125256672,,,,29.0,,,,,1.0,R7004768,ROS20764305
50103705,MAP,0.0,17.0,1.0,2.0,33.0,87.381245722108147,87.381245722108147,88.347707049965777,28.0,28.0,43.3333333333333,3.0,2.0,4.0,4.0,R6479136,MAP50103705
50408941,MAP,0.0,11.0,1.0,2.0,34.0,87.37303216974675,,88.221765913757707,,25.0,4.75,4.0,2.0,1.0,1.0,R3589813,MAP50408941
22201729,ROS,0.0,20.0,2.0,2.0,34.0,87.367556468172481,,,,29.0,,,,,1.0,R9817941,ROS22201729
6769734,MAP,0.0,12.0,1.0,2.0,33.0,87.362080766598226,,,,29.0,,,,,1.0,R6238106,MAP6769734
40622530,MAP,0.0,16.0,1.0,2.0,,87.362080766598226,,,,28.0,,,,,1.0,R3398618,MAP40622530
71806467,MAP,0.0,14.0,1.0,2.0,33.0,87.359342915811084,87.359342915811084,87.811088295687881,26.0,26.0,4.8,4.0,2.0,5.0,4.0,R8792267,MAP71806467
69432088,MAP,0.0,16.0,1.0,2.0,33.0,87.356605065023956,,90+,,30.0,5.75,5.0,1.0,1.0,1.0,R8472815,MAP69432088
11619606,ROS,1.0,15.0,1.0,2.0,23.0,87.356605065023956,,87.849418206707739,,5.0,4.58333333333333,4.0,2.0,5.0,6.0,R4581557,ROS11619606
89377194,MAP,0.0,16.0,1.0,2.0,33.0,87.351129363449687,87.351129363449687,89.938398357289529,20.0,20.0,16.5,4.0,4.0,4.0,4.0,R2983626,MAP89377194
10100448,ROS,1.0,23.0,1.0,2.0,23.0,87.345653661875431,,87.60848733744011,,28.0,21.0,1.0,4.0,1.0,2.0,R3928289,ROS10100448
11669232,ROS,1.0,12.0,1.0,2.0,33.0,87.345653661875431,,,,30.0,,,,,1.0,R3700592,ROS11669232
57002539,MAP,0.0,16.0,1.0,2.0,33.0,87.34291581108829,,90+,,29.0,9.25,5.0,1.0,1.0,1.0,R5368716,MAP57002539
10902992,ROS,1.0,18.0,1.0,2.0,33.0,87.337440109514034,,88.577686516084867,,29.0,9.33333333333333,1.0,3.0,1.0,1.0,R7218646,ROS10902992
21001069,ROS,0.0,20.0,1.0,2.0,34.0,87.337440109514034,,87.520876112251884,,13.0,54.0833333333333,4.0,1.0,4.0,4.0,R7819987,ROS21001069
20242958,ROS,0.0,20.0,1.0,2.0,33.0,87.334702258726892,87.334702258726892,87.846680355920597,18.0,18.0,4.21666666666667,5.0,2.0,4.0,4.0,R7876628,ROS20242958
11395417,ROS,1.0,20.0,1.0,2.0,33.0,87.331964407939765,,87.685147159479811,,30.0,3.16666666666667,1.0,2.0,1.0,1.0,R7047807,ROS11395417
22903134,MAP,0.0,12.0,5.0,2.0,33.0,87.331964407939765,87.331964407939765,,15.0,15.0,,,,,4.0,R5865774,MAP22903134
21411323,ROS,0.0,21.0,1.0,2.0,33.0,87.32101300479124,,87.452429842573579,,27.0,15.4,4.0,1.0,2.0,2.0,R7995082,ROS21411323
62398393,MAP,0.0,16.0,1.0,2.0,33.0,87.32101300479124,,,,30.0,,,,,1.0,R5952256,MAP62398393
69087591,MAP,1.0,16.0,1.0,2.0,33.0,87.310061601642715,,90+,,26.0,8.61666666666667,3.0,2.0,1.0,1.0,R2739146,MAP69087591
55530204,MAP,0.0,20.0,1.0,2.0,33.0,87.310061601642715,,,,28.0,,,,,1.0,R8682557,MAP55530204
17233356,MAP,1.0,17.0,1.0,2.0,33.0,87.296372347707049,,90+,,26.0,9.25,3.0,1.0,1.0,1.0,R2205701,MAP17233356
15413198,ROS,1.0,24.0,1.0,2.0,33.0,87.290896646132779,,88.010951403148525,,27.0,8.23333333333333,5.0,2.0,1.0,1.0,R9810713,ROS15413198
69757994,ROS,0.0,20.0,1.0,2.0,33.0,87.288158795345652,86.266940451745384,,25.0,28.0,,,,,2.0,R1056600,ROS69757994
22408684,MAP,0.0,20.0,1.0,2.0,33.0,87.274469541409999,,,,27.0,,,,,1.0,R6694051,MAP22408684
24328729,MAP,1.0,15.0,1.0,2.0,33.0,87.274469541409999,,,,27.0,,,,,1.0,R3428784,MAP24328729
50197711,MAP,0.0,13.0,1.0,2.0,,87.26899383983573,,90+,,28.0,,,,2.0,2.0,R1206944,MAP50197711
77982454,ROS,0.0,17.0,1.0,2.0,33.0,87.26351813826146,,,,17.0,,,,,4.0,R8973459,ROS77982454
756793,ROS,1.0,20.0,2.0,2.0,24.0,87.260780287474333,,88.142368240930864,,23.0,3.91666666666667,5.0,1.0,4.0,4.0,R3928849,ROS756793
10442413,ROS,1.0,15.0,1.0,2.0,34.0,87.260780287474333,,87.737166324435321,,26.0,7.75,5.0,1.0,2.0,3.0,R9932834,ROS10442413
22401745,ROS,0.0,18.0,1.0,2.0,,87.255304585900063,,,,30.0,,,,,1.0,R5158969,ROS22401745
62367972,MAP,0.0,12.0,2.0,2.0,33.0,87.241615331964411,,88.062970568104035,,20.0,6.5,4.0,4.0,4.0,4.0,R7833589,MAP62367972
21144023,ROS,0.0,16.0,1.0,2.0,23.0,87.233401779603014,,,,29.0,,,,,1.0,R3585782,ROS21144023
54559063,MAP,0.0,18.0,3.0,2.0,23.0,87.227926078028744,,90+,,28.0,12.5,4.0,1.0,2.0,2.0,R2492875,MAP54559063
50957643,MAP,0.0,18.0,1.0,2.0,33.0,87.222450376454489,,,,29.0,,,,,2.0,R2160012,MAP50957643
60848460,MAP,0.0,14.0,1.0,2.0,34.0,87.203285420944553,,87.403148528405197,,25.0,7.0,5.0,2.0,2.0,2.0,R2616766,MAP60848460
80345114,MAP,0.0,12.0,1.0,2.0,33.0,87.197809719370298,,87.304585900068446,,11.0,,,,4.0,4.0,R3329906,MAP80345114
55943467,MAP,0.0,12.0,1.0,2.0,33.0,87.197809719370298,,,,28.0,,,,,1.0,R2023925,MAP55943467
8558869,MAP,0.0,8.0,1.0,2.0,23.0,87.192334017796028,,,,25.0,,,,,2.0,R8133251,MAP8558869
11166252,ROS,1.0,24.0,1.0,2.0,33.0,87.181382614647504,,87.646817248459953,,28.0,13.7833333333333,4.0,2.0,1.0,1.0,R2303995,ROS11166252
32533645,MAP,0.0,16.0,1.0,2.0,33.0,87.178644763860376,,87.841204654346342,,27.0,9.58333333333333,4.0,4.0,3.0,2.0,R8906250,MAP32533645
18643192,MAP,0.0,18.0,1.0,2.0,33.0,87.15947980835044,83.214236824093092,87.463381245722104,22.0,17.0,7.26666666666667,4.0,4.0,6.0,6.0,R2751455,MAP18643192
53356828,MAP,1.0,12.0,1.0,2.0,33.0,87.15947980835044,,,,28.0,,,,,1.0,R5487950,MAP53356828
20275399,ROS,0.0,18.0,1.0,2.0,33.0,87.145790554414788,85.136208076659827,87.509924709103359,24.0,25.0,3.58333333333333,3.0,4.0,5.0,4.0,R6176158,ROS20275399
15495024,ROS,1.0,20.0,1.0,2.0,33.0,87.126625598904866,83.041752224503767,87.331964407939765,13.0,13.0,6.21666666666667,3.0,4.0,6.0,4.0,R3948425,ROS15495024
11605894,ROS,1.0,16.0,1.0,2.0,33.0,87.110198494182072,,90+,,25.0,14.0,5.0,1.0,2.0,1.0,R7004653,ROS11605894
52256919,MAP,0.0,8.0,1.0,1.0,34.0,87.110198494182072,83.720739219712527,,28.0,26.0,,,,,2.0,R8803236,MAP52256919
5537936,MAP,0.0,6.0,2.0,1.0,33.0,87.104722792607802,,,,23.0,,,,,1.0,R6665616,MAP5537936
81455345,MAP,0.0,8.0,1.0,2.0,33.0,87.101984941820675,,90+,,23.0,7.0,4.0,1.0,1.0,1.0,R1180027,MAP81455345
20780035,ROS,0.0,22.0,1.0,2.0,34.0,87.101984941820675,77.097878165639969,88.183436002737849,26.0,4.0,5.08333333333333,5.0,1.0,4.0,4.0,R3391715,ROS20780035
11345331,ROS,1.0,19.0,1.0,2.0,33.0,87.099247091033533,77.037645448323062,87.238877481177269,24.0,2.0,4.5,4.0,1.0,4.0,4.0,R8451530,ROS11345331
20950807,ROS,0.0,18.0,1.0,2.0,33.0,87.093771389459278,84.05201916495551,87.21697467488022,21.0,11.0,18.75,4.0,2.0,5.0,5.0,R6823450,ROS20950807
10204365,ROS,1.0,18.0,1.0,2.0,23.0,87.091033538672136,,88.131416837782339,,28.0,12.2333333333333,3.0,4.0,1.0,1.0,R9544227,ROS10204365
20974193,ROS,0.0,18.0,1.0,2.0,33.0,87.091033538672136,,,,30.0,,,,,1.0,R1583142,ROS20974193
50300408,MAP,0.0,15.0,1.0,2.0,33.0,87.08555783709788,82.078028747433265,87.381245722108147,24.0,18.0,5.16666666666667,1.0,3.0,6.0,3.0,R7904841,MAP50300408
50106442,MAP,0.0,21.0,1.0,2.0,33.0,87.082819986310753,85.065023956194381,87.94798083504449,17.0,3.0,7.21666666666667,5.0,2.0,4.0,4.0,R5676537,MAP50106442
11478361,ROS,1.0,12.0,7.0,2.0,33.0,87.080082135523611,,87.701574264202605,,27.0,2.0,3.0,4.0,2.0,2.0,R6686111,ROS11478361
29067201,MAP,0.0,17.0,1.0,2.0,34.0,87.080082135523611,,87.655030800821351,,29.0,,,,1.0,1.0,R4563719,MAP29067201
34999847,MAP,0.0,12.0,1.0,2.0,33.0,87.074606433949356,,89.842573579739906,,25.0,4.25,5.0,1.0,1.0,1.0,R9171246,MAP34999847
35941263,MAP,0.0,16.0,1.0,2.0,34.0,87.074606433949356,84.087611225188226,87.835728952772072,17.0,0.0,3.5,5.0,2.0,4.0,4.0,R7594705,MAP35941263
89811231,MAP,0.0,12.0,1.0,2.0,33.0,87.069130732375086,82.332648870636547,,19.0,4.0,,,,,4.0,R3652688,MAP89811231
26801129,MAP,0.0,14.0,2.0,2.0,33.0,87.069130732375086,,,,28.0,,,,,1.0,R5494426,MAP26801129
10248169,ROS,1.0,20.0,1.0,2.0,34.0,87.05544147843942,,,,30.0,,,,,1.0,R3152078,ROS10248169
83874718,MAP,1.0,14.0,1.0,2.0,34.0,87.05544147843942,,,,28.0,,,,,2.0,R2912621,MAP83874718
31999149,ROS,0.0,18.0,1.0,2.0,33.0,87.052703627652292,81.12799452429843,87.800136892539356,17.0,0.0,2.66666666666667,,,4.0,4.0,R8145777,ROS31999149
20218890,ROS,0.0,20.0,1.0,2.0,33.0,87.049965776865164,,,,28.0,,,,,1.0,R6979526,ROS20218890
50408789,MAP,0.0,14.0,1.0,2.0,23.0,87.047227926078023,,88.476386036960989,,30.0,3.45,2.0,2.0,1.0,2.0,R7507035,MAP50408789
20204538,ROS,0.0,16.0,1.0,2.0,33.0,87.047227926078023,84.021902806297064,87.991786447638603,28.0,16.0,2.91666666666667,5.0,2.0,4.0,4.0,R7596878,ROS20204538
2695917,MAP,0.0,16.0,1.0,2.0,34.0,87.039014373716626,,,,30.0,,,,,1.0,R5104558,MAP2695917
20929774,ROS,0.0,20.0,1.0,2.0,33.0,87.036276522929498,84.035592060232716,87.931553730321696,28.0,22.0,23.3333333333333,4.0,2.0,4.0,4.0,R1658200,ROS20929774
50402729,MAP,0.0,16.0,1.0,2.0,33.0,87.036276522929498,78.028747433264883,87.222450376454489,30.0,9.0,8.25,5.0,1.0,4.0,4.0,R1664857,MAP50402729
29278716,MAP,1.0,17.0,1.0,2.0,33.0,87.036276522929498,,,,29.0,,,,,1.0,R9319844,MAP29278716
5389430,MAP,0.0,12.0,1.0,2.0,33.0,87.028062970568101,,,,29.0,,,,,1.0,R1568621,MAP5389430
44749170,MAP,0.0,16.0,1.0,2.0,33.0,87.017111567419576,,87.416837782340863,,22.0,10.35,3.0,3.0,2.0,2.0,R7874995,MAP44749170
20402408,ROS,0.0,18.0,1.0,2.0,34.0,87.000684462696782,,87.71252566735113,,19.0,,,,4.0,4.0,R3360532,ROS20402408
21002236,ROS,0.0,21.0,1.0,2.0,33.0,86.997946611909654,,,,29.0,,,,,1.0,R4336378,ROS21002236
45472938,MAP,1.0,21.0,1.0,2.0,,86.989733059548257,,,,29.0,,,,,2.0,R1983835,MAP45472938
91444029,MAP,1.0,16.0,1.0,2.0,33.0,86.98699520876113,,87.687885010266939,,17.0,5.8,3.0,2.0,4.0,4.0,R4637403,MAP91444029
65017989,MAP,0.0,16.0,1.0,2.0,33.0,86.98151950718686,,,,29.0,,,,,1.0,R7585386,MAP65017989
11072071,ROS,1.0,18.0,1.0,2.0,33.0,86.978781656399732,,87.953456536618759,,27.0,85.0833333333333,2.0,4.0,1.0,1.0,R8598847,ROS11072071
18932470,ROS,0.0,12.0,1.0,2.0,33.0,86.967830253251194,,87.641341546885698,,27.0,36.5833333333333,4.0,4.0,1.0,1.0,R6066668,ROS18932470
54068587,ROS,0.0,20.0,1.0,2.0,,86.956878850102669,,,,25.0,,,,,2.0,R5336054,ROS54068587
62744471,MAP,0.0,13.0,1.0,2.0,,86.956878850102669,,,,28.0,,,,,1.0,R4803187,MAP62744471
23004922,MAP,1.0,14.0,1.0,2.0,33.0,86.954140999315541,,87.156741957563312,,26.0,6.0,4.0,2.0,2.0,2.0,R3740754,MAP23004922
45500887,ROS,0.0,18.0,1.0,2.0,33.0,86.940451745379875,,,,23.0,,,,,2.0,R3953608,ROS45500887
20978133,ROS,0.0,18.0,1.0,2.0,33.0,86.934976043805619,86.934976043805619,87.665982203969889,21.0,21.0,26.1666666666667,5.0,1.0,4.0,4.0,R7160627,ROS20978133
50402981,MAP,0.0,19.0,1.0,2.0,34.0,86.926762491444222,82.937713894592747,87.931553730321696,23.0,9.0,6.56666666666667,4.0,1.0,6.0,5.0,R4464711,MAP50402981
10340228,ROS,1.0,18.0,1.0,2.0,,86.926762491444222,,,,29.0,,,,,1.0,R8334354,ROS10340228
18910654,MAP,0.0,16.0,5.0,2.0,34.0,86.926762491444222,,,,26.0,,,,,1.0,R4346381,MAP18910654
42063693,MAP,0.0,13.0,1.0,2.0,33.0,86.926762491444222,,,,28.0,,,,,1.0,R3887401,MAP42063693
41357606,MAP,0.0,15.0,1.0,2.0,33.0,86.921286789869953,,,,26.0,,,,,2.0,R1326772,MAP41357606
57705661,ROS,0.0,24.0,1.0,2.0,33.0,86.921286789869953,,,,27.0,,,,,2.0,R2604915,ROS57705661
47652086,MAP,0.0,16.0,1.0,2.0,33.0,86.896646132785762,,87.34291581108829,,30.0,6.26666666666667,3.0,4.0,1.0,1.0,R1034846,MAP47652086
89001223,MAP,1.0,16.0,1.0,2.0,33.0,86.888432580424364,,87.570157426420266,,30.0,19.3666666666667,2.0,3.0,2.0,2.0,R6934314,MAP89001223
55584582,MAP,0.0,16.0,1.0,2.0,,86.882956878850109,,,,29.0,,,,,1.0,R7367144,MAP55584582
3335936,MAP,0.0,13.0,1.0,2.0,33.0,86.87748117727584,,,,29.0,,,,,1.0,R8114269,MAP3335936
92996364,MAP,0.0,15.0,1.0,2.0,33.0,86.874743326488712,,88.539356605065024,,22.0,6.5,4.0,1.0,2.0,2.0,R1173111,MAP92996364
20254452,ROS,0.0,18.0,1.0,2.0,34.0,86.850102669404521,,87.184120465434631,,0.0,9.75,5.0,1.0,4.0,4.0,R2116601,ROS20254452
20902039,ROS,0.0,18.0,1.0,2.0,34.0,86.847364818617379,,87.94250513347022,,30.0,20.0,3.0,4.0,1.0,1.0,R7589742,ROS20902039
56979865,MAP,0.0,12.0,1.0,2.0,34.0,86.847364818617379,,,,26.0,,,,,1.0,R5536018,MAP56979865
81086436,MAP,0.0,13.0,1.0,2.0,33.0,86.844626967830251,,88.197125256673516,,23.0,9.41666666666667,5.0,2.0,2.0,2.0,R3863249,MAP81086436
50301387,MAP,0.0,15.0,1.0,2.0,24.0,86.844626967830251,,87.655030800821351,,28.0,14.75,1.0,4.0,1.0,1.0,R9127940,MAP50301387
67831051,MAP,0.0,14.0,1.0,2.0,23.0,86.844626967830251,,,,26.0,,,,,1.0,R1431987,MAP67831051
49128801,MAP,1.0,14.0,1.0,2.0,,86.841889117043124,,,,13.0,,,,,4.0,R5057903,MAP49128801
11648421,ROS,1.0,12.0,1.0,1.0,33.0,86.839151266255996,,90+,,23.0,8.66666666666667,6.0,1.0,2.0,2.0,R7727675,ROS11648421
76368754,MAP,0.0,16.0,1.0,2.0,,86.839151266255996,,,,25.0,,,,,2.0,R4775299,MAP76368754
87821751,MAP,0.0,13.0,1.0,2.0,33.0,86.839151266255996,,,,28.0,,,,,1.0,R1855167,MAP87821751
2967974,MAP,0.0,12.0,1.0,2.0,33.0,86.836413415468854,,87.359342915811084,,23.0,,,,2.0,2.0,R7643538,MAP2967974
21400410,ROS,0.0,18.0,1.0,2.0,33.0,86.81998631074606,,,,29.0,,,,,1.0,R4793142,ROS21400410
25939172,MAP,0.0,12.0,1.0,2.0,34.0,86.817248459958932,85.8590006844627,87.548254620123203,16.0,14.0,14.0,4.0,1.0,4.0,4.0,R7272620,MAP25939172
45115248,MAP,0.0,16.0,1.0,2.0,33.0,86.811772758384663,,87.115674195756327,,26.0,4.63333333333333,2.0,4.0,2.0,2.0,R1015854,MAP45115248
30311425,MAP,0.0,16.0,1.0,2.0,34.0,86.811772758384663,,,,26.0,,,,,2.0,R7958032,MAP30311425
78476159,MAP,0.0,14.0,1.0,2.0,33.0,86.803559206023266,,87.44695414099931,,28.0,,,,1.0,1.0,R7425516,MAP78476159
21412040,ROS,0.0,20.0,1.0,2.0,33.0,86.800821355236138,,,,29.0,,,,,1.0,R2483236,ROS21412040
20257937,ROS,0.0,18.0,1.0,2.0,23.0,86.798083504449011,,,,30.0,,,,,1.0,R8750932,ROS20257937
20139562,ROS,0.0,20.0,1.0,2.0,34.0,86.789869952087614,75.698836413415464,87.668720054757017,26.0,0.0,17.4166666666667,5.0,1.0,4.0,4.0,R5184427,ROS20139562
7195200,MAP,0.0,12.0,1.0,2.0,33.0,86.787132101300486,,,,28.0,,,,,2.0,R3012884,MAP7195200
20298256,ROS,0.0,16.0,1.0,2.0,33.0,86.778918548939089,81.681040383299106,,20.0,0.0,,,,,4.0,R5866368,ROS20298256
65418648,MAP,1.0,21.0,1.0,2.0,,86.778918548939089,,,,26.0,,,,,1.0,R4708650,MAP65418648
7883803,MAP,0.0,10.0,1.0,2.0,33.0,86.765229295003422,86.765229295003422,88.659822039698838,18.0,18.0,7.0,3.0,1.0,4.0,4.0,R5413078,MAP7883803
10315029,ROS,1.0,14.0,1.0,2.0,33.0,86.762491444216295,,87.753593429158116,,30.0,6.41666666666667,3.0,3.0,1.0,1.0,R9817056,ROS10315029
69834040,MAP,1.0,16.0,1.0,2.0,,86.762491444216295,,,,29.0,,,,,1.0,R7952838,MAP69834040
22200840,ROS,0.0,18.0,2.0,1.0,33.0,86.751540041067756,,87.334702258726892,,25.0,,,,2.0,2.0,R5973751,ROS22200840
15141429,ROS,1.0,20.0,1.0,2.0,33.0,86.7460643394935,84.83504449007529,87.099247091033533,22.0,4.0,7.65,3.0,3.0,4.0,4.0,R2087569,ROS15141429
17974222,MAP,0.0,14.0,1.0,2.0,,86.743326488706359,,,,28.0,,,,,2.0,R1137200,MAP17974222
31156114,MAP,1.0,11.0,2.0,2.0,34.0,86.732375085557834,,86.962354551676938,,24.0,,,,2.0,2.0,R5714218,MAP31156114
31989791,MAP,0.0,17.0,1.0,2.0,23.0,86.726899383983579,,,,27.0,,,,,2.0,R6444042,MAP31989791
6804844,MAP,1.0,13.0,1.0,2.0,24.0,86.721423682409309,,86.973305954825463,,28.0,8.41666666666667,4.0,2.0,2.0,2.0,R2901804,MAP6804844
20147440,ROS,0.0,16.0,1.0,2.0,34.0,86.721423682409309,80.744695414099937,86.967830253251194,22.0,5.0,4.08333333333333,5.0,1.0,5.0,4.0,R2709337,ROS20147440
11099004,ROS,1.0,21.0,1.0,2.0,23.0,86.721423682409309,,,,29.0,,,,,1.0,R4131479,ROS11099004
95398862,MAP,0.0,18.0,1.0,2.0,,86.718685831622182,,87.772758384668037,,26.0,5.15,4.0,4.0,3.0,2.0,R5795331,MAP95398862
11207908,ROS,1.0,16.0,1.0,2.0,33.0,86.71594798083504,,,,30.0,,,,,1.0,R8568698,ROS11207908
50301549,MAP,0.0,11.0,1.0,2.0,34.0,86.713210130047912,,89.032169746748806,,30.0,6.08333333333333,5.0,1.0,1.0,1.0,R7698208,MAP50301549
68792357,MAP,1.0,15.0,1.0,2.0,,86.713210130047912,,,,28.0,,,,,1.0,R9107479,MAP68792357
10100998,ROS,1.0,12.0,1.0,2.0,33.0,86.710472279260784,,,,27.0,,,,,1.0,R4113071,ROS10100998
27560777,MAP,0.0,14.0,1.0,2.0,23.0,86.699520876112246,,88.83504449007529,,28.0,6.05,3.0,4.0,1.0,1.0,R9940994,MAP27560777
47619873,MAP,0.0,18.0,1.0,2.0,33.0,86.69404517453799,,,,29.0,,,,,1.0,R3727746,MAP47619873
21155774,ROS,0.0,22.0,1.0,2.0,33.0,86.683093771389466,,86.918548939082825,,27.0,5.0,2.0,4.0,1.0,1.0,R9476842,ROS21155774
50101659,MAP,1.0,13.0,1.0,2.0,34.0,86.672142368240927,,89.352498288843265,,27.0,6.91666666666667,4.0,3.0,1.0,1.0,R6415047,MAP50101659
6129174,MAP,1.0,8.0,2.0,2.0,33.0,86.672142368240927,,,,26.0,,,,,1.0,R7176509,MAP6129174
21120287,ROS,0.0,19.0,1.0,2.0,33.0,86.666666666666671,,86.814510609171805,,28.0,3.83333333333333,3.0,2.0,1.0,1.0,R4105026,ROS21120287
25974431,MAP,0.0,16.0,1.0,2.0,33.0,86.66392881587953,,,,29.0,,,,,2.0,R9301124,MAP25974431
73026243,ROS,0.0,20.0,1.0,2.0,34.0,86.66392881587953,,,,28.0,,,,,1.0,R6305442,ROS73026243
71537723,MAP,1.0,12.0,1.0,2.0,33.0,86.661190965092402,,,,28.0,,,,,1.0,R7992210,MAP71537723
21411611,ROS,0.0,20.0,1.0,2.0,33.0,86.647501711156735,,,,28.0,,,,,1.0,R2915833,ROS21411611
50303145,MAP,0.0,16.0,1.0,2.0,33.0,86.64202600958248,,87.21149897330595,,26.0,14.5,3.0,2.0,2.0,2.0,R5131375,MAP50303145
42680008,MAP,0.0,17.0,1.0,2.0,33.0,86.636550308008211,86.636550308008211,87.132101300479121,9.0,9.0,5.91666666666667,1.0,4.0,5.0,4.0,R1768130,MAP42680008
27242962,MAP,1.0,20.0,1.0,2.0,23.0,86.631074606433955,,87.32648870636551,,29.0,6.0,3.0,3.0,1.0,1.0,R8062004,MAP27242962
22000374,ROS,0.0,19.0,2.0,2.0,33.0,86.622861054072558,85.64544832306639,,25.0,24.0,,,,,2.0,R2363953,ROS22000374
50105725,MAP,1.0,17.0,1.0,2.0,23.0,86.617385352498289,,87.466119096509246,,27.0,21.6333333333333,4.0,3.0,2.0,3.0,R6057469,MAP50105725
16446147,MAP,0.0,16.0,1.0,2.0,34.0,86.611909650924019,,,,29.0,,,,,2.0,R8495483,MAP16446147
42180189,MAP,0.0,16.0,1.0,2.0,,86.609171800136892,,,,30.0,,,,,1.0,R9494460,MAP42180189
57835666,MAP,1.0,14.0,1.0,2.0,34.0,86.600958247775495,83.069130732375086,86.71594798083504,24.0,7.5,14.3333333333333,4.0,2.0,4.0,4.0,R1682700,MAP57835666
65608216,MAP,1.0,18.0,1.0,2.0,34.0,86.600958247775495,,,,28.0,,,,,2.0,R4222202,MAP65608216
77180612,MAP,0.0,12.0,1.0,2.0,33.0,86.595482546201225,,86.707734428473643,,9.0,7.66666666666667,5.0,1.0,5.0,4.0,R8944014,MAP77180612
27865599,MAP,0.0,14.0,1.0,2.0,23.0,86.592744695414098,,,,23.0,,,,,1.0,R1684768,MAP27865599
62693953,MAP,0.0,15.0,1.0,2.0,,86.592744695414098,,,,26.0,,,,,1.0,R6368167,MAP62693953
21272396,ROS,0.0,18.0,1.0,2.0,23.0,86.570841889117048,,87.200547570157426,,28.0,4.56666666666667,1.0,4.0,1.0,1.0,R4841941,ROS21272396
33501827,MAP,1.0,16.0,1.0,2.0,24.0,86.562628336755651,84.648870636550313,87.129363449691994,21.0,15.0,9.5,5.0,1.0,4.0,4.0,R9170872,MAP33501827
34204567,ROS,1.0,18.0,1.0,2.0,33.0,86.562628336755651,84.596851471594803,,15.0,2.0,,,,,5.0,R8296233,ROS34204567
90254005,MAP,0.0,13.0,1.0,2.0,23.0,86.557152635181382,,,,30.0,,,,,1.0,R3807752,MAP90254005
89614402,MAP,0.0,22.0,1.0,2.0,33.0,86.546201232032857,,87.419575633127991,,30.0,5.58333333333333,4.0,1.0,1.0,1.0,R8724814,MAP89614402
49766153,MAP,0.0,12.0,1.0,2.0,34.0,86.546201232032857,85.552361396303908,87.383983572895275,15.0,26.0,,,,2.0,2.0,R2739811,MAP49766153
10518782,ROS,1.0,22.0,1.0,2.0,33.0,86.53798767967146,84.531143052703626,87.567419575633124,25.0,27.0,9.0,5.0,1.0,4.0,4.0,R6862468,ROS10518782
10394182,ROS,1.0,23.0,1.0,2.0,33.0,86.53251197809719,,86.896646132785762,,29.0,6.66666666666667,4.0,1.0,1.0,1.0,R3201576,ROS10394182
55177253,MAP,1.0,16.0,1.0,2.0,33.0,86.529774127310063,,87.011635865845307,,26.0,8.75,3.0,2.0,2.0,1.0,R2420066,MAP55177253
17073194,ROS,1.0,18.0,7.0,2.0,33.0,86.527036276522935,85.511293634496923,,13.0,16.0,,,,,5.0,R2386856,ROS17073194
13942030,MAP,1.0,20.0,1.0,2.0,,86.527036276522935,,,,29.0,,,,,1.0,R1439814,MAP13942030
20602974,ROS,0.0,19.0,1.0,2.0,33.0,86.518822724161538,,86.910335386721428,,30.0,5.0,4.0,2.0,1.0,1.0,R5992638,ROS20602974
6893229,ROS,1.0,23.0,7.0,2.0,33.0,86.505133470225871,,,,28.0,,,,,1.0,R7672533,ROS6893229
56214739,MAP,1.0,18.0,1.0,2.0,33.0,86.502395619438744,84.522929500342229,,21.0,19.0,,,,,4.0,R2206840,MAP56214739
50103831,MAP,1.0,21.0,1.0,2.0,33.0,86.499657768651602,,90+,,30.0,,,,1.0,1.0,R9628479,MAP50103831
21408652,ROS,0.0,19.0,1.0,2.0,23.0,86.499657768651602,,87.622176591375776,,30.0,6.28333333333333,5.0,1.0,1.0,1.0,R3523546,ROS21408652
11258675,ROS,1.0,16.0,1.0,2.0,33.0,86.494182067077347,,87.247091033538666,,29.0,6.25,3.0,4.0,1.0,1.0,R3511800,ROS11258675
20224208,ROS,0.0,21.0,1.0,2.0,33.0,86.48596851471595,,,,29.0,,,,,1.0,R8310752,ROS20224208
20105242,ROS,0.0,18.0,1.0,2.0,33.0,86.483230663928822,,87.285420944558524,,29.0,7.5,3.0,4.0,1.0,1.0,R1218460,ROS20105242
59195633,ROS,1.0,27.0,1.0,2.0,,86.477754962354553,,,,26.0,,,,,2.0,R6879829,ROS59195633
53023034,ROS,0.0,24.0,1.0,2.0,33.0,86.475017111567425,,,,27.0,,,,,2.0,R6902652,ROS53023034
10502798,ROS,1.0,18.0,1.0,2.0,34.0,86.472279260780283,85.494866529774129,87.383983572895275,24.0,24.0,4.5,5.0,1.0,4.0,4.0,R6555891,ROS10502798
20610726,ROS,0.0,18.0,1.0,2.0,33.0,86.466803559206028,,86.978781656399732,,30.0,3.5,3.0,4.0,1.0,1.0,R3607578,ROS20610726
20940035,ROS,0.0,16.0,1.0,2.0,24.0,86.455852156057489,,,,28.0,,,,,2.0,R1802780,ROS20940035
20355470,ROS,0.0,21.0,1.0,2.0,33.0,86.444900752908964,,,,29.0,,,,,2.0,R2094255,ROS20355470
90076229,MAP,0.0,20.0,1.0,1.0,33.0,86.444900752908964,,,,29.0,,,,,2.0,R7827592,MAP90076229
74223004,ROS,0.0,20.0,1.0,2.0,,86.442162902121837,,,,21.0,,,,,4.0,R7246162,ROS74223004
50106578,MAP,0.0,14.0,1.0,2.0,33.0,86.439425051334709,,86.647501711156735,,30.0,28.25,4.0,2.0,1.0,1.0,R4990009,MAP50106578
35458631,MAP,1.0,12.0,1.0,2.0,33.0,86.439425051334709,86.439425051334709,86.587268993839842,20.0,20.0,9.25,2.0,2.0,4.0,4.0,R4406826,MAP35458631
58531593,MAP,0.0,20.0,1.0,2.0,33.0,86.436687200547567,,,,28.0,,,,,1.0,R8787539,MAP58531593
20249897,ROS,0.0,18.0,1.0,2.0,33.0,86.42847364818617,,87.301848049281318,,25.0,16.7166666666667,3.0,4.0,2.0,2.0,R4415805,ROS20249897
50104972,MAP,0.0,13.0,1.0,2.0,34.0,86.422997946611915,85.587953456536624,86.970568104038335,15.0,9.0,5.91666666666667,5.0,1.0,4.0,4.0,R8793306,MAP50104972
50400835,MAP,1.0,14.0,1.0,2.0,23.0,86.395619438740582,,86.702258726899387,,29.0,3.88333333333333,1.0,4.0,1.0,1.0,R5850046,MAP50400835
10873038,ROS,0.0,20.0,1.0,2.0,33.0,86.381930184804929,,,,22.0,,,,,2.0,R8231330,ROS10873038
90559953,MAP,0.0,17.0,1.0,2.0,33.0,86.37645448323066,,,,30.0,,,,,1.0,R3133866,MAP90559953
51826377,MAP,0.0,14.0,1.0,2.0,23.0,86.373716632443532,,86.598220396988367,,29.0,6.5,2.0,4.0,1.0,1.0,R8113560,MAP51826377
2732911,MAP,0.0,16.0,1.0,2.0,,86.373716632443532,,,,25.0,,,,,2.0,R4472766,MAP2732911
71356048,MAP,1.0,16.0,1.0,2.0,33.0,86.373716632443532,,,,28.0,,,,,1.0,R7883314,MAP71356048
21411909,ROS,0.0,18.0,1.0,2.0,33.0,86.368240930869263,83.340177960301162,,21.0,0.0,,,,,4.0,R8506232,ROS21411909
58657524,ROS,0.0,20.0,1.0,2.0,34.0,86.368240930869263,,,,29.0,,,,,1.0,R8735071,ROS58657524
75169847,MAP,0.0,17.0,1.0,2.0,23.0,86.365503080082135,,88.479123887748116,,24.0,6.16666666666667,5.0,1.0,2.0,2.0,R8266864,MAP75169847
50101235,MAP,0.0,16.0,1.0,2.0,33.0,86.360027378507866,,87.028062970568101,,27.0,,,,1.0,1.0,R6962385,MAP50101235
20447343,ROS,0.0,19.0,1.0,2.0,34.0,86.35455167693361,77.065023956194381,88.279260780287473,25.0,11.0,10.1666666666667,5.0,1.0,4.0,4.0,R5518725,ROS20447343
23354613,MAP,0.0,18.0,1.0,2.0,34.0,86.349075975359341,86.349075975359341,,24.0,24.0,,,,,4.0,R8025169,MAP23354613
75262623,MAP,0.0,19.0,1.0,2.0,34.0,86.340862422997944,,,,29.0,,,,,1.0,R2570598,MAP75262623
25423683,MAP,0.0,12.0,1.0,2.0,23.0,86.318959616700894,,86.370978781656405,,0.0,,,,6.0,2.0,R8091554,MAP25423683
11159965,ROS,1.0,24.0,1.0,2.0,23.0,86.316221765913753,77.33607118412047,86.932238193018478,24.0,0.0,8.66666666666667,5.0,1.0,4.0,4.0,R2294544,ROS11159965
39009384,MAP,0.0,16.0,1.0,2.0,,86.3025325119781,,,,28.0,,,,,1.0,R3279369,MAP39009384
56954014,MAP,0.0,12.0,1.0,2.0,,86.294318959616703,,,,28.0,,,,,1.0,R1351866,MAP56954014
22809217,MAP,0.0,22.0,1.0,2.0,33.0,86.286105407255306,,,,22.0,,,,,2.0,R3680324,MAP22809217
20390027,ROS,0.0,14.0,1.0,2.0,34.0,86.272416153319639,,87.241615331964411,,2.0,5.0,5.0,1.0,4.0,4.0,R9137173,ROS20390027
21126085,ROS,0.0,20.0,1.0,2.0,33.0,86.272416153319639,,86.910335386721428,,29.0,2.25,4.0,2.0,1.0,1.0,R7578585,ROS21126085
10255456,ROS,1.0,8.0,1.0,2.0,33.0,86.269678302532512,85.275838466803563,87.227926078028744,21.0,20.0,15.0833333333333,1.0,1.0,4.0,4.0,R4578447,ROS10255456
20139850,ROS,0.0,24.0,1.0,2.0,33.0,86.261464750171115,,86.318959616700894,,27.0,3.83333333333333,4.0,4.0,2.0,2.0,R8799615,ROS20139850
30456409,MAP,1.0,12.0,1.0,2.0,33.0,86.258726899383987,,,,26.0,,,,,1.0,R4731011,MAP30456409
9351224,MAP,1.0,14.0,1.0,2.0,33.0,86.245037645448321,,89.256673511293641,,14.0,17.25,4.0,2.0,4.0,4.0,R6283436,MAP9351224
59497970,MAP,0.0,13.0,2.0,2.0,23.0,86.245037645448321,,,,27.0,,,,,2.0,R2789531,MAP59497970
20278324,ROS,0.0,14.0,1.0,2.0,24.0,86.242299794661193,,,,26.0,,,,,2.0,R5850371,ROS20278324
60324967,MAP,0.0,15.0,1.0,2.0,,86.242299794661193,,,,28.0,,,,,2.0,R9819454,MAP60324967
55309029,ROS,0.0,12.0,1.0,1.0,33.0,86.228610540725526,84.134154688569467,,17.0,10.0,,,,,4.0,R4018544,ROS55309029
75140768,ROS,0.0,18.0,1.0,2.0,,86.223134839151271,,,,28.0,,,,,1.0,R5285938,ROS75140768
10442701,ROS,1.0,8.0,1.0,2.0,33.0,86.214921286789874,84.082135523613957,86.247775496235448,20.0,18.0,3.66666666666667,3.0,4.0,4.0,4.0,R3627269,ROS10442701
28010966,MAP,0.0,16.0,1.0,2.0,33.0,86.206707734428477,,,,30.0,,,,,1.0,R7186172,MAP28010966
50401714,MAP,0.0,16.0,3.0,2.0,33.0,86.184804928131413,83.044490075290895,90+,26.0,18.2142857142857,,,,4.0,4.0,R7812759,MAP50401714
11320292,MAP,1.0,16.0,1.0,2.0,,86.179329226557158,,,,27.0,,,,,1.0,R8849032,MAP11320292
26334803,MAP,0.0,12.0,1.0,2.0,34.0,86.176591375770016,81.23203285420945,,22.0,2.0,,,,,4.0,R1693412,MAP26334803
95914848,MAP,0.0,12.0,1.0,2.0,33.0,86.176591375770016,,,,21.0,,,,,2.0,R4486795,MAP95914848
86947750,MAP,1.0,17.0,1.0,2.0,33.0,86.173853524982889,,86.748802190280628,,28.0,,,,2.0,2.0,R2640591,MAP86947750
50401002,MAP,0.0,13.0,1.0,2.0,33.0,86.173853524982889,,86.294318959616703,,29.0,6.03333333333333,4.0,2.0,1.0,1.0,R3477250,MAP50401002
49070444,MAP,0.0,12.0,1.0,2.0,33.0,86.171115674195761,,,,28.0,,,,,1.0,R9911559,MAP49070444
70421820,ROS,0.0,18.0,1.0,2.0,33.0,86.168377823408619,,90+,,22.0,7.75,5.0,1.0,2.0,2.0,R4240155,ROS70421820
11119101,ROS,1.0,12.0,1.0,2.0,33.0,86.165639972621491,,86.869267624914443,,22.0,20.8333333333333,4.0,1.0,2.0,2.0,R1444762,ROS11119101
21125818,ROS,0.0,22.0,1.0,2.0,33.0,86.160164271047222,,90+,,28.0,8.2,2.0,3.0,2.0,2.0,R5530814,ROS21125818
86094238,ROS,0.0,20.0,1.0,2.0,33.0,86.149212867898697,,86.863791923340173,,23.0,9.5,2.0,3.0,4.0,4.0,R1228253,ROS86094238
65084674,MAP,0.0,19.0,1.0,2.0,33.0,86.1409993155373,,,,30.0,,,,,1.0,R9210286,MAP65084674
50107169,MAP,0.0,13.0,1.0,2.0,33.0,86.138261464750173,,86.494182067077347,,26.0,3.25,4.0,2.0,1.0,1.0,R4197631,MAP50107169
61649229,ROS,0.0,20.0,1.0,2.0,33.0,86.138261464750173,,,,25.0,,,,,2.0,R7967126,ROS61649229
93787649,MAP,1.0,12.0,1.0,2.0,33.0,86.132785763175903,,86.35455167693361,,27.0,4.25,1.0,2.0,5.0,5.0,R8186418,MAP93787649
42721592,MAP,0.0,16.0,1.0,2.0,33.0,86.127310061601648,,,,28.0,,,,,1.0,R8114154,MAP42721592
12365619,MAP,1.0,23.0,1.0,2.0,33.0,86.121834360027378,,87.419575633127991,,0.0,7.88333333333333,6.0,1.0,4.0,4.0,R1154454,MAP12365619
15690969,MAP,0.0,17.0,1.0,2.0,33.0,86.119096509240251,,86.959616700889796,,30.0,,,,2.0,2.0,R3911268,MAP15690969
50408239,MAP,0.0,16.0,1.0,2.0,33.0,86.108145106091712,,87.978097193702936,,28.0,8.05,2.0,2.0,1.0,1.0,R9001803,MAP50408239
20124321,ROS,0.0,18.0,1.0,2.0,23.0,86.108145106091712,,86.674880219028068,,29.0,1.58333333333333,4.0,1.0,3.0,2.0,R3426726,ROS20124321
66523086,MAP,0.0,12.0,1.0,2.0,33.0,86.097193702943187,,,,29.0,,,,,1.0,R6495356,MAP66523086
85584353,MAP,0.0,18.0,1.0,2.0,23.0,86.08898015058179,,87.32101300479124,,28.0,11.7333333333333,3.0,4.0,1.0,1.0,R2944503,MAP85584353
24348651,MAP,0.0,18.0,1.0,2.0,34.0,86.078028747433265,,,,30.0,,,,,1.0,R1568281,MAP24348651
50405042,MAP,1.0,14.0,1.0,2.0,34.0,86.075290896646138,,90+,,29.0,9.0,5.0,2.0,1.0,1.0,R4470253,MAP50405042
50410283,MAP,0.0,19.0,1.0,2.0,34.0,86.069815195071868,,86.275154004106781,,19.0,6.41666666666667,4.0,1.0,4.0,4.0,R2386521,MAP50410283
20936061,ROS,0.0,21.0,1.0,2.0,34.0,86.03696098562628,,,,30.0,,,,,1.0,R7606588,ROS20936061
77034013,MAP,1.0,13.0,1.0,2.0,33.0,86.03696098562628,,,,27.0,,,,,1.0,R5813216,MAP77034013
59671554,MAP,0.0,15.0,1.0,2.0,33.0,86.026009582477755,,87.578370978781663,,27.0,,,,1.0,1.0,R4033950,MAP59671554
78195885,MAP,0.0,8.0,1.0,2.0,33.0,86.026009582477755,,87.137577002053391,,9.0,,,,4.0,4.0,R4060002,MAP78195885
37135411,ROS,0.0,18.0,1.0,2.0,33.0,86.026009582477755,,,,30.0,,,,,1.0,R6935348,ROS37135411
41828674,MAP,1.0,18.0,1.0,2.0,33.0,86.017796030116358,,86.956878850102669,,29.0,20.75,3.0,2.0,1.0,1.0,R5486471,MAP41828674
55820335,MAP,0.0,12.0,1.0,2.0,33.0,86.009582477754961,83.687885010266939,87.345653661875431,21.0,8.0,12.5,5.0,1.0,4.0,4.0,R5690684,MAP55820335
20863565,ROS,0.0,17.0,1.0,2.0,33.0,86.004106776180691,,,,30.0,,,,,1.0,R4583060,ROS20863565
70761163,ROS,0.0,20.0,1.0,2.0,33.0,86.004106776180691,,,,28.0,,,,,1.0,R1634048,ROS70761163
72324068,MAP,0.0,16.0,1.0,2.0,33.0,86.001368925393564,,90+,,25.0,,,,2.0,2.0,R4026719,MAP72324068
22202022,ROS,0.0,18.0,2.0,2.0,33.0,86.001368925393564,81.900068446269685,86.48596851471595,21.0,7.0,3.0,5.0,1.0,4.0,4.0,R1121548,ROS22202022
41731170,MAP,0.0,9.0,1.0,1.0,33.0,85.990417522245039,,,,21.0,,,,,2.0,R2084242,MAP41731170
78193153,ROS,0.0,18.0,1.0,2.0,33.0,85.98494182067077,,,,30.0,,,,,1.0,R9071109,ROS78193153
34962204,MAP,1.0,12.0,1.0,2.0,33.0,85.973990417522245,,87.279945242984255,,26.0,7.05,3.0,3.0,1.0,1.0,R2373966,MAP34962204
62720059,MAP,0.0,16.0,1.0,2.0,33.0,85.973990417522245,,86.743326488706359,,25.7142857142857,8.58333333333333,,,3.0,2.0,R2910338,MAP62720059
53772202,MAP,0.0,16.0,1.0,2.0,33.0,85.973990417522245,,86.203969883641335,,29.0,6.58333333333333,1.0,4.0,1.0,1.0,R5541746,MAP53772202
63986591,MAP,0.0,18.0,1.0,2.0,33.0,85.973990417522245,,,,30.0,,,,,1.0,R5391177,MAP63986591
50402305,MAP,1.0,16.0,1.0,2.0,33.0,85.96303901437372,77.152635181382621,86.7460643394935,29.0,24.0,5.36666666666667,3.0,2.0,4.0,4.0,R9217749,MAP50402305
10425642,ROS,1.0,12.0,1.0,2.0,33.0,85.957563312799451,,86.787132101300486,,1.0,3.66666666666667,5.0,1.0,4.0,4.0,R1711177,ROS10425642
69924281,MAP,0.0,12.0,1.0,2.0,34.0,85.943874058863798,,87.389459274469544,,9.0,6.46666666666667,5.0,1.0,4.0,4.0,R5691943,MAP69924281
28776557,MAP,0.0,19.0,1.0,2.0,34.0,85.935660506502401,84.991101984941821,,24.0,22.0,,,,,4.0,R6333748,MAP28776557
22297917,ROS,0.0,18.0,2.0,2.0,34.0,85.935660506502401,82.781656399726216,,26.0,25.0,,,,,4.0,R8167086,ROS22297917
42826974,MAP,0.0,15.0,1.0,2.0,33.0,85.927446954141004,84.898015058179325,86.524298425735793,10.0,2.0,9.5,5.0,1.0,4.0,4.0,R5307279,MAP42826974
15707133,ROS,1.0,22.0,1.0,2.0,33.0,85.927446954141004,84.950034223134836,86.308008213552355,28.0,28.0,4.15,5.0,2.0,4.0,2.0,R9815218,ROS15707133
11430815,ROS,1.0,25.0,1.0,2.0,34.0,85.919233401779607,84.903490759753595,86.587268993839842,22.0,11.0,1.25,1.0,1.0,4.0,4.0,R1801421,ROS11430815
11630129,ROS,1.0,24.0,1.0,2.0,33.0,85.919233401779607,,,,28.0,,,,,1.0,R4498651,ROS11630129
15702926,ROS,1.0,20.0,1.0,2.0,34.0,85.916495550992465,81.98494182067077,86.313483915126625,19.0,12.8571428571429,16.4166666666667,5.0,1.0,4.0,4.0,R5863936,ROS15702926
26498416,MAP,0.0,12.0,1.0,2.0,33.0,85.916495550992465,,86.168377823408619,,30.0,3.56666666666667,3.0,4.0,1.0,1.0,R6233041,MAP26498416
50101361,MAP,0.0,12.0,1.0,2.0,33.0,85.913757700205338,,88.407939767282684,,28.8,4.08333333333333,5.0,2.0,2.0,2.0,R4705333,MAP50101361
21174303,ROS,0.0,20.0,1.0,2.0,33.0,85.913757700205338,,86.513347022587268,,26.0,9.08333333333333,4.0,4.0,1.0,1.0,R8375980,ROS21174303
8481297,MAP,1.0,17.0,1.0,2.0,33.0,85.913757700205338,,,,28.0,,,,,1.0,R2032239,MAP8481297
82736939,MAP,1.0,20.0,1.0,2.0,33.0,85.913757700205338,,,,30.0,,,,,1.0,R8870215,MAP82736939
24621071,ROS,0.0,20.0,1.0,2.0,33.0,85.91101984941821,,,,30.0,,,,,1.0,R9242728,ROS24621071
21114905,ROS,0.0,18.0,1.0,2.0,,85.908281998631068,,86.305270362765228,,28.0,,,,2.0,2.0,R7407558,ROS21114905
20221273,ROS,0.0,16.0,1.0,2.0,33.0,85.908281998631068,,86.247775496235448,,28.0,4.08333333333333,4.0,2.0,1.0,1.0,R7462671,ROS20221273
59756266,MAP,1.0,16.0,1.0,2.0,33.0,85.908281998631068,,,,28.0,,,,,1.0,R8559279,MAP59756266
21362537,MAP,1.0,17.0,1.0,2.0,34.0,85.900068446269685,81.875427789185494,86.19301848049281,20.0,9.0,5.08333333333333,5.0,2.0,4.0,4.0,R2167020,MAP21362537
15483818,ROS,1.0,21.0,1.0,2.0,23.0,85.889117043121146,,86.179329226557158,,28.0,6.36666666666667,3.0,3.0,2.0,2.0,R6370138,ROS15483818
64997850,MAP,0.0,12.0,1.0,2.0,33.0,85.869952087611225,,,,24.0,,,,,2.0,R3037070,MAP64997850
34185763,MAP,1.0,16.0,1.0,2.0,33.0,85.864476386036955,,,,30.0,,,,,2.0,R2649127,MAP34185763
70836715,MAP,0.0,16.0,1.0,2.0,33.0,85.8590006844627,,87.961670088980156,,27.0,,,,,1.0,R1455474,MAP70836715
64308417,MAP,0.0,15.0,1.0,2.0,,85.856262833675558,,,,28.0,,,,,1.0,R5196943,MAP64308417
90047792,MAP,0.0,10.0,1.0,2.0,,85.850787132101303,,,,25.0,,,,,2.0,R1578189,MAP90047792
31291350,MAP,1.0,12.0,1.0,1.0,33.0,85.842573579739906,84.725530458590001,86.201232032854207,19.0,17.0,7.83333333333333,4.0,1.0,4.0,4.0,R7586085,MAP31291350
95373147,MAP,0.0,14.0,1.0,2.0,33.0,85.839835728952778,,,,26.0,,,,,1.0,R6174970,MAP95373147
61074758,MAP,1.0,16.0,1.0,2.0,33.0,85.837097878165636,84.859685147159482,,26.0,26.0,,,,,2.0,R7345615,MAP61074758
13755811,ROS,0.0,20.0,1.0,2.0,24.0,85.809719370294317,,,,29.0,,,,,1.0,R2450215,ROS13755811
46291609,MAP,0.0,14.0,1.0,2.0,33.0,85.798767967145793,,87.592060232717316,,24.0,7.41666666666667,4.0,2.0,2.0,2.0,R4590536,MAP46291609
50401264,MAP,0.0,14.0,1.0,2.0,33.0,85.787816563997268,,86.190280629705683,,29.0,5.83333333333333,4.0,1.0,2.0,2.0,R2645101,MAP50401264
10580684,ROS,1.0,20.0,1.0,2.0,34.0,85.785078713210126,,86.042436687200549,,27.0,7.08333333333333,4.0,2.0,1.0,1.0,R6690475,ROS10580684
11275158,ROS,1.0,13.0,1.0,2.0,24.0,85.779603011635871,,86.461327857631758,,1.0,19.0,3.0,3.0,5.0,5.0,R5160590,ROS11275158
19114228,MAP,1.0,12.0,2.0,2.0,34.0,85.776865160848729,83.49897330595482,,28.0,24.0,,,,,4.0,R2290748,MAP19114228
10572120,ROS,1.0,22.0,1.0,2.0,24.0,85.760438056125935,82.600958247775495,86.398357289527723,29.0,27.0,2.25,5.0,3.0,3.0,1.0,R2544925,ROS10572120
20882194,ROS,0.0,18.0,1.0,2.0,34.0,85.757700205338807,75.78644763860369,86.182067077344286,25.0,0.0,6.0,5.0,1.0,4.0,4.0,R8463496,ROS20882194
74203334,MAP,0.0,13.0,1.0,2.0,33.0,85.757700205338807,,85.790554414784395,,22.0,6.25,4.0,1.0,3.0,3.0,R2871843,MAP74203334
34204855,MAP,0.0,11.0,1.0,2.0,33.0,85.757700205338807,,,,23.0,,,,,2.0,R6350772,MAP34204855
20465129,ROS,0.0,18.0,1.0,2.0,23.0,85.738535249828885,,86.234086242299796,,26.0,,,,1.0,1.0,R2467016,ROS20465129
52940446,MAP,0.0,14.0,1.0,2.0,33.0,85.735797399041758,,87.370294318959623,,26.0,4.25,5.0,1.0,2.0,2.0,R4480046,MAP52940446
59407454,ROS,0.0,20.0,1.0,2.0,34.0,85.727583846680361,,,,30.0,,,,,1.0,R2554603,ROS59407454
61315420,ROS,0.0,20.0,1.0,2.0,33.0,85.727583846680361,,,,29.0,,,,,2.0,R9002497,ROS61315420
27902629,MAP,1.0,18.0,1.0,2.0,,85.722108145106091,,,,30.0,,,,,1.0,R5498777,MAP27902629
21181988,ROS,0.0,16.0,1.0,2.0,23.0,85.711156741957566,,90+,,29.0,3.08333333333333,4.0,2.0,1.0,1.0,R3837901,ROS21181988
21138877,ROS,0.0,12.0,1.0,2.0,33.0,85.6974674880219,79.679671457905542,86.548939082819984,26.0,27.0,4.83333333333333,3.0,4.0,2.0,2.0,R2793780,ROS21138877
20728617,MAP,0.0,20.0,5.0,2.0,,85.6974674880219,,,,28.0,,,,,1.0,R4823763,MAP20728617
52322864,MAP,0.0,14.0,1.0,2.0,44.0,85.681040383299106,,,,24.0,,,,,2.0,R1546207,MAP52322864
20260734,ROS,0.0,18.0,1.0,2.0,34.0,85.672826830937709,,86.811772758384663,,23.0,8.66666666666667,3.0,1.0,1.0,1.0,R2834233,ROS20260734
20207437,ROS,0.0,20.0,1.0,2.0,33.0,85.670088980150581,78.587268993839842,87.129363449691994,28.0,1.0,4.91666666666667,6.0,1.0,4.0,4.0,R2364987,ROS20207437
21172383,ROS,0.0,18.0,1.0,2.0,33.0,85.667351129363453,77.74948665297741,,20.0,4.0,,,,,4.0,R6656182,ROS21172383
77790442,MAP,1.0,17.0,1.0,2.0,33.0,85.664613278576311,,,,30.0,,,,,1.0,R7829665,MAP77790442
15144878,ROS,1.0,19.0,1.0,2.0,33.0,85.653661875427787,81.51403148528405,86.19301848049281,23.0,7.0,3.66666666666667,5.0,1.0,4.0,4.0,R6411801,ROS15144878
78905055,MAP,0.0,16.0,1.0,2.0,33.0,85.648186173853531,,87.605749486652982,,30.0,7.5,3.0,2.0,1.0,1.0,R7650779,MAP78905055
99978916,ROS,1.0,12.0,1.0,2.0,33.0,85.64544832306639,,,,29.0,,,,,1.0,R3832511,ROS99978916
10202507,ROS,1.0,18.0,1.0,2.0,34.0,85.642710472279262,85.642710472279262,85.656399726214914,22.8,22.8,20.3333333333333,4.0,2.0,5.0,4.0,R6369971,ROS10202507
20618256,ROS,0.0,18.0,1.0,2.0,33.0,85.634496919917865,,,,30.0,,,,,1.0,R1511113,ROS20618256
20904509,ROS,0.0,21.0,1.0,2.0,33.0,85.629021218343595,,85.785078713210126,,28.0,3.83333333333333,2.0,4.0,2.0,2.0,R4087581,ROS20904509
5577538,MAP,0.0,14.0,2.0,2.0,33.0,85.62354551676934,,,,26.0,,,,,2.0,R1923542,MAP5577538
20936223,ROS,0.0,16.0,1.0,2.0,34.0,85.620807665982198,,,,27.0,,,,,1.0,R5978921,ROS20936223
50402567,MAP,0.0,17.0,1.0,2.0,33.0,85.618069815195071,,86.110882956878854,,30.0,3.61666666666667,1.0,4.0,1.0,1.0,R5374583,MAP50402567
50109639,MAP,0.0,16.0,1.0,2.0,33.0,85.618069815195071,,85.790554414784395,,26.0,5.41666666666667,4.0,4.0,1.0,1.0,R5533791,MAP50109639
50108624,MAP,1.0,18.0,1.0,2.0,34.0,85.609856262833674,,85.817932922655714,,23.0,17.0,4.0,2.0,5.0,5.0,R8317760,MAP50108624
89445221,MAP,0.0,12.0,1.0,2.0,23.0,85.604380561259418,,,,30.0,,,,,1.0,R3682162,MAP89445221
11399871,ROS,1.0,16.0,1.0,2.0,23.0,85.601642710472277,84.646132785763172,86.130047912388775,18.0,12.0,6.5,3.0,4.0,4.0,4.0,R2081705,ROS11399871
21403995,ROS,0.0,12.0,1.0,2.0,33.0,85.601642710472277,83.581108829568791,86.113620807665981,27.0,15.0,21.0,3.0,1.0,4.0,4.0,R6528749,ROS21403995
62985554,MAP,0.0,12.0,1.0,2.0,33.0,85.590691307323752,82.600958247775495,85.6974674880219,15.0,2.0,4.73333333333333,5.0,1.0,4.0,4.0,R1953571,MAP62985554
59217750,MAP,1.0,12.0,1.0,1.0,33.0,85.587953456536624,85.587953456536624,88.112251882272417,15.0,15.0,8.75,4.0,2.0,4.0,4.0,R8129442,MAP59217750
95491648,MAP,1.0,19.0,1.0,2.0,33.0,85.587953456536624,,85.796030116358665,,27.0,5.58333333333333,3.0,4.0,1.0,1.0,R5259690,MAP95491648
20109020,ROS,0.0,18.0,1.0,2.0,33.0,85.577002053388085,81.546885694729639,85.667351129363453,24.0,0.0,19.25,4.0,4.0,4.0,4.0,R5064479,ROS20109020
10490993,ROS,1.0,21.0,1.0,2.0,33.0,85.568788501026688,,86.505133470225871,,27.0,7.0,5.0,2.0,1.0,1.0,R1721075,ROS10490993
10533083,ROS,1.0,20.0,1.0,2.0,33.0,85.568788501026688,,85.582477754962355,,26.0,4.0,3.0,2.0,2.0,2.0,R8489381,ROS10533083
20739944,ROS,0.0,18.0,1.0,2.0,34.0,85.552361396303908,,,,29.0,,,,,3.0,R4323713,ROS20739944
91184728,MAP,0.0,12.0,1.0,2.0,,85.544147843942511,,,,29.0,,,,,1.0,R6987466,MAP91184728
73043438,ROS,0.0,20.0,1.0,2.0,33.0,85.541409993155369,,,,28.0,,,,,1.0,R6481987,ROS73043438
11302830,ROS,1.0,23.0,1.0,2.0,34.0,85.527720739219717,84.522929500342229,85.828884325804239,27.0,27.0,1.5,3.0,2.0,4.0,4.0,R3900996,ROS11302830
4984547,MAP,1.0,18.0,1.0,2.0,33.0,85.527720739219717,,,,29.0,,,,,1.0,R2336461,MAP4984547
20968361,ROS,0.0,16.0,1.0,2.0,34.0,85.51403148528405,76.837782340862418,86.351813826146469,24.0,12.0,31.6,5.0,1.0,4.0,4.0,R5852884,ROS20968361
68015667,MAP,1.0,16.0,1.0,2.0,34.0,85.51403148528405,,85.897330595482543,,18.0,6.0,3.0,2.0,6.0,6.0,R4602424,MAP68015667
97775875,MAP,1.0,17.0,1.0,2.0,33.0,85.511293634496923,,86.861054072553046,,20.0,9.15,5.0,2.0,3.0,3.0,R2317584,MAP97775875
20752487,ROS,0.0,18.0,1.0,2.0,33.0,85.503080082135526,,,,28.0,,,,,1.0,R2111871,ROS20752487
47705812,MAP,0.0,12.0,1.0,2.0,33.0,85.489390828199859,,,,26.0,,,,,1.0,R7628782,MAP47705812
30711043,MAP,1.0,11.0,2.0,2.0,24.0,85.478439425051334,,85.831622176591381,,30.0,6.5,4.0,1.0,1.0,1.0,R7891149,MAP30711043
55338718,MAP,1.0,16.0,1.0,2.0,,85.478439425051334,,,,29.0,,,,,1.0,R5491329,MAP55338718
56416937,MAP,0.0,16.0,1.0,2.0,33.0,85.472963723477065,84.514715947980832,86.431211498973312,18.0,15.0,,,,4.0,4.0,R4853572,MAP56416937
50500550,MAP,0.0,20.0,1.0,2.0,34.0,85.470225872689937,,86.87200547570157,,26.0,5.41666666666667,5.0,1.0,2.0,2.0,R3727306,MAP50500550
88015139,MAP,0.0,18.0,1.0,2.0,23.0,85.451060917180016,,85.700205338809042,,29.0,14.3333333333333,3.0,2.0,2.0,2.0,R3538949,MAP88015139
89001197,ROS,0.0,22.0,1.0,2.0,33.0,85.445585215605746,,,,28.0,,,,,1.0,R9150636,ROS89001197
94430339,MAP,0.0,16.0,1.0,2.0,34.0,85.431895961670094,,86.603696098562622,,26.0,8.0,2.0,4.0,2.0,2.0,R9047934,MAP94430339
51791453,MAP,0.0,16.0,1.0,2.0,34.0,85.426420260095824,,86.529774127310063,,28.0,5.7,4.0,2.0,2.0,2.0,R9798367,MAP51791453
50106992,MAP,0.0,12.0,1.0,2.0,34.0,85.423682409308697,85.423682409308697,86.811772758384663,20.0,20.0,12.8833333333333,5.0,1.0,4.0,4.0,R4047989,MAP50106992
19241874,MAP,0.0,18.0,1.0,2.0,34.0,85.418206707734427,,,,27.0,,,,,1.0,R3498975,MAP19241874
14871874,MAP,0.0,12.0,1.0,2.0,22.0,85.40999315537303,,,,29.0,,,,,2.0,R6225216,MAP14871874
19362850,ROS,0.0,28.0,1.0,2.0,33.0,85.401779603011633,,,,30.0,,,,,2.0,R3544481,ROS19362850
20534423,ROS,0.0,13.0,1.0,2.0,23.0,85.399041752224505,,86.042436687200549,,27.0,6.25,4.0,4.0,1.0,1.0,R5830795,ROS20534423
35705009,MAP,1.0,8.0,1.0,2.0,33.0,85.399041752224505,85.399041752224505,85.678302532511978,21.0,21.0,,,,4.0,4.0,R2146525,MAP35705009
61490006,MAP,1.0,13.0,1.0,2.0,33.0,85.390828199863108,,86.349075975359341,,27.8571428571429,4.36666666666667,4.0,2.0,1.0,2.0,R4648335,MAP61490006
22000662,ROS,0.0,18.0,2.0,2.0,33.0,85.388090349075981,,,,28.0,,,,,1.0,R2862539,ROS22000662
83183630,ROS,0.0,20.0,1.0,2.0,33.0,85.382614647501711,,,,27.0,,,,,2.0,R8087290,ROS83183630
20472416,ROS,0.0,18.0,1.0,2.0,33.0,85.371663244353186,,,,28.0,,,,,2.0,R4985606,ROS20472416
10395197,ROS,1.0,18.0,1.0,2.0,23.0,85.368925393566045,,85.497604380561256,,26.0,5.5,3.0,2.0,1.0,1.0,R9506463,ROS10395197
43403133,MAP,1.0,0.0,1.0,1.0,33.0,85.368925393566045,,,,30.0,,,,,1.0,R3212288,MAP43403133
36010337,MAP,1.0,14.0,1.0,2.0,23.0,85.366187542778917,,86.535249828884332,,29.0,20.5,3.0,2.0,1.0,1.0,R8691081,MAP36010337
98057924,MAP,0.0,14.0,1.0,2.0,,85.363449691991789,,,,29.0,,,,,2.0,R6438615,MAP98057924
50104422,MAP,0.0,12.0,1.0,2.0,33.0,85.360711841204647,,86.346338124572213,,28.0,,2.0,4.0,1.0,1.0,R6635792,MAP50104422
95919181,MAP,1.0,16.0,1.0,2.0,33.0,85.352498288843265,,85.826146475017111,,28.0,3.25,3.0,2.0,2.0,2.0,R1977848,MAP95919181
10407154,ROS,1.0,19.0,1.0,2.0,,85.352498288843265,,,,28.0,,,,,1.0,R1479856,ROS10407154
33137549,MAP,1.0,5.0,1.0,1.0,33.0,85.33607118412047,83.323750855578368,86.127310061601648,20.0,17.0,7.75,4.0,2.0,5.0,6.0,R8581711,MAP33137549
9215361,MAP,1.0,21.0,1.0,2.0,33.0,85.330595482546201,,,,29.0,,,,,1.0,R1137860,MAP9215361
79626445,ROS,0.0,20.0,1.0,2.0,33.0,85.322381930184804,,,,30.0,,,,,1.0,R1632200,ROS79626445
10222853,ROS,1.0,20.0,1.0,2.0,34.0,85.319644079397676,,85.776865160848729,,1.0,4.5,5.0,1.0,4.0,5.0,R2895885,ROS10222853
25254826,MAP,0.0,20.0,1.0,2.0,34.0,85.316906228610534,,85.612594113620801,,28.0,,,,2.0,2.0,R1892997,MAP25254826
39484737,MAP,1.0,13.0,1.0,2.0,33.0,85.30595482546201,,86.291581108829575,,27.0,8.73333333333333,1.0,3.0,3.0,1.0,R5739959,MAP39484737
22200390,ROS,0.0,18.0,2.0,2.0,33.0,85.300479123887754,81.136208076659827,,26.0,18.0,,,,,4.0,R8869278,ROS22200390
20983950,ROS,0.0,16.0,1.0,2.0,34.0,85.295003422313485,82.091718001368932,,25.0,19.0,,,,,4.0,R2394136,ROS20983950
10277308,ROS,1.0,18.0,1.0,2.0,34.0,85.292265571526357,,85.979466119096514,,28.0,2.16666666666667,4.0,2.0,1.0,1.0,R7840275,ROS10277308
24680888,MAP,1.0,16.0,1.0,2.0,34.0,85.281314168377818,77.267624914442166,86.168377823408619,23.0,3.10344827586207,11.5,5.0,1.0,4.0,4.0,R3209518,MAP24680888
34779151,ROS,1.0,22.0,1.0,2.0,33.0,85.267624914442166,,86.3025325119781,,25.0,4.5,2.0,4.0,1.0,2.0,R7423003,ROS34779151
22100963,ROS,0.0,18.0,2.0,2.0,44.0,85.256673511293641,78.203969883641335,86.35455167693361,27.0,2.0,,,,4.0,4.0,R6948783,ROS22100963
20934591,ROS,0.0,12.0,1.0,1.0,33.0,85.251197809719372,73.218343600273784,85.64544832306639,25.0,17.0,6.91666666666667,3.0,4.0,6.0,6.0,R7654915,ROS20934591
53216051,ROS,0.0,20.0,1.0,2.0,,85.251197809719372,,,,30.0,,,,,1.0,R9009285,ROS53216051
1211411,ROS,1.0,12.0,1.0,2.0,,85.248459958932244,,85.549623545516766,,24.0,6.5,1.0,4.0,4.0,4.0,R2626559,ROS1211411
83902667,MAP,0.0,5.0,1.0,1.0,33.0,85.240246406570847,85.240246406570847,,19.0,19.0,,,,,4.0,R8929608,MAP83902667
85666580,MAP,0.0,11.0,1.0,2.0,33.0,85.223819301848053,,85.278576317590691,,4.0,3.91666666666667,5.0,1.0,4.0,4.0,R6536134,MAP85666580
10901987,ROS,1.0,20.0,1.0,2.0,34.0,85.215605749486656,,85.850787132101303,,27.0,10.6333333333333,4.0,2.0,2.0,2.0,R9596785,ROS10901987
21125782,ROS,0.0,18.0,1.0,2.0,34.0,85.210130047912386,77.160848733744004,86.058863791923343,24.0,1.0,19.8333333333333,5.0,2.0,4.0,4.0,R5214048,ROS21125782
20254588,ROS,0.0,18.0,1.0,2.0,33.0,85.201916495550989,,86.086242299794662,,30.0,12.9166666666667,5.0,1.0,1.0,1.0,R6913259,ROS20254588
10989297,MAP,0.0,16.0,1.0,2.0,34.0,85.201916495550989,82.19301848049281,,25.0,17.0,,,,,4.0,R5650977,MAP10989297
75124326,MAP,0.0,17.0,1.0,2.0,,85.196440793976734,,,,30.0,,,,,1.0,R9194814,MAP75124326
15111013,ROS,1.0,20.0,1.0,2.0,23.0,85.182751540041068,,86.277891854893909,,28.0,,,,1.0,1.0,R3033054,ROS15111013
10557081,ROS,1.0,20.0,1.0,2.0,33.0,85.177275838466798,,85.322381930184804,,30.0,5.0,3.0,2.0,2.0,2.0,R9088015,ROS10557081
29629849,MAP,0.0,20.0,1.0,2.0,34.0,85.166324435318273,,86.239561943874065,,0.0,6.96666666666667,5.0,1.0,4.0,4.0,R5379193,MAP29629849
72347501,MAP,0.0,18.0,1.0,2.0,33.0,85.166324435318273,,,,27.0,,,,,2.0,R7589962,MAP72347501
80592317,MAP,0.0,14.0,1.0,2.0,23.0,85.163586584531146,,88.005475701574269,,28.0,8.73333333333333,4.0,4.0,1.0,1.0,R6803109,MAP80592317
21151608,ROS,0.0,18.0,1.0,2.0,33.0,85.144421629021224,,85.894592744695416,,29.0,11.5,4.0,1.0,1.0,1.0,R8976116,ROS21151608
20474300,ROS,0.0,18.0,1.0,2.0,34.0,85.136208076659827,80.988364134154693,86.349075975359341,20.0,5.0,6.03333333333333,5.0,1.0,4.0,4.0,R6266062,ROS20474300
20559986,ROS,0.0,18.0,1.0,2.0,34.0,85.136208076659827,,,,26.0,,,,,2.0,R6003163,ROS20559986
2066684,MAP,0.0,13.0,1.0,2.0,,85.125256673511288,,,,26.0,,,,,2.0,R1921819,MAP2066684
92928376,MAP,0.0,16.0,1.0,2.0,33.0,85.125256673511288,,,,28.0,,,,,1.0,R1465932,MAP92928376
11165535,ROS,1.0,20.0,1.0,2.0,33.0,85.108829568788508,,86.231348391512668,,28.0,10.8333333333333,3.0,2.0,1.0,1.0,R4361022,ROS11165535
20901448,ROS,0.0,18.0,1.0,2.0,33.0,85.097878165639969,,,,23.0,,,,,2.0,R4610144,ROS20901448
11240247,ROS,1.0,18.0,1.0,2.0,33.0,85.095140314852841,85.095140314852841,85.114305270362763,,24.0,5.0,5.0,2.0,4.0,4.0,R9180445,ROS11240247
14393933,MAP,1.0,18.0,1.0,2.0,34.0,85.089664613278572,,86.817248459958932,,27.0,25.4166666666667,4.0,1.0,1.0,1.0,R3030177,MAP14393933
50104684,MAP,1.0,18.0,1.0,2.0,33.0,85.086926762491444,,85.379876796714584,,28.0,4.0,5.0,2.0,2.0,2.0,R6487961,MAP50104684
24747976,MAP,0.0,12.0,1.0,2.0,33.0,85.084188911704317,,90+,,26.0,21.75,5.0,2.0,2.0,2.0,R9557117,MAP24747976
15493842,ROS,0.0,18.0,1.0,2.0,23.0,85.081451060917175,,85.267624914442166,,27.0,10.8666666666667,1.0,4.0,2.0,2.0,R8361391,ROS15493842
22204592,ROS,0.0,20.0,2.0,2.0,33.0,85.07597535934292,,,,25.0,,,,,2.0,R1267376,ROS22204592
10116694,ROS,1.0,20.0,1.0,2.0,23.0,85.073237508555778,82.154688569472967,86.116358658453109,25.0,21.0,5.75,4.0,2.0,4.0,4.0,R2808995,ROS10116694
89546375,MAP,1.0,13.0,1.0,2.0,33.0,85.065023956194381,,85.694729637234772,,25.0,5.83333333333333,5.0,2.0,2.0,2.0,R3864948,MAP89546375
19651714,MAP,0.0,15.0,1.0,2.0,,85.065023956194381,,,,25.0,,,,,2.0,R6746761,MAP19651714
22200426,ROS,0.0,19.0,2.0,2.0,34.0,85.056810403832998,,,,25.0,,,,,2.0,R7272735,ROS22200426
24597324,MAP,0.0,12.0,1.0,2.0,,85.051334702258728,,,,24.0,,,,,2.0,R1842617,MAP24597324
49676048,MAP,0.0,16.0,1.0,2.0,33.0,85.040383299110204,,85.533196440793972,,28.0,5.25,4.0,3.0,1.0,1.0,R1476864,MAP49676048
45662506,MAP,0.0,16.0,1.0,2.0,,85.032169746748806,,,,30.0,,,,,1.0,R5526990,MAP45662506
45487881,ROS,0.0,17.0,1.0,2.0,23.0,85.023956194387409,,,,30.0,,,,,1.0,R2730845,ROS45487881
48280200,ROS,0.0,18.0,1.0,2.0,33.0,85.021218343600268,,,,29.0,,,,,1.0,R8477865,ROS48280200
75458387,MAP,0.0,12.0,1.0,2.0,23.0,85.021218343600268,,,,29.0,,,,,1.0,R2042682,MAP75458387
21158709,ROS,0.0,20.0,1.0,2.0,34.0,85.01848049281314,,85.752224503764552,,25.0,9.0,5.0,1.0,4.0,4.0,R5285043,ROS21158709
8245033,MAP,0.0,16.0,1.0,2.0,33.0,85.015742642026012,,,,27.0,,,,,1.0,R1637705,MAP8245033
14050539,MAP,1.0,18.0,1.0,2.0,24.0,85.01300479123887,,,,30.0,,,,,1.0,R4539324,MAP14050539
11681508,ROS,1.0,16.0,1.0,2.0,34.0,84.982888432580424,,85.817932922655714,,27.0,6.16666666666667,4.0,2.0,1.0,1.0,R6312023,ROS11681508
11399321,ROS,1.0,23.0,1.0,2.0,23.0,84.977412731006154,82.028747433264883,86.915811088295683,20.0,25.0,2.33333333333333,1.0,4.0,3.0,2.0,R5196723,ROS11399321
76878571,MAP,0.0,11.0,2.0,2.0,33.0,84.969199178644757,84.969199178644757,86.32443531827515,20.0,20.0,,,,,4.0,R5883392,MAP76878571
80686912,MAP,1.0,19.0,1.0,2.0,,84.963723477070502,,,,25.0,,,,,1.0,R2903082,MAP80686912
6073025,MAP,0.0,13.0,1.0,2.0,33.0,84.955509924709105,,85.407255304585902,,27.0,8.5,3.0,1.0,1.0,1.0,R2577726,MAP6073025
75726430,ROS,0.0,18.0,1.0,1.0,33.0,84.955509924709105,,,,29.0,,,,,1.0,R8895061,ROS75726430
75161029,MAP,1.0,14.0,1.0,2.0,23.0,84.952772073921977,,,,29.0,,,,,1.0,R1752363,MAP75161029
46178577,MAP,0.0,10.0,1.0,2.0,33.0,84.94455852156058,,85.900068446269685,,25.0,37.55,3.0,2.0,2.0,2.0,R8458768,MAP46178577
15420223,ROS,1.0,20.0,1.0,2.0,33.0,84.936344969199183,79.89596167008898,85.355236139630392,30.0,16.0,7.41666666666667,1.0,4.0,4.0,4.0,R9585968,ROS15420223
21113864,ROS,0.0,18.0,1.0,2.0,33.0,84.933607118412041,76.895277207392198,85.360711841204647,28.0,25.0,3.58333333333333,3.0,2.0,4.0,4.0,R8826799,ROS21113864
20767628,ROS,0.0,16.0,1.0,2.0,23.0,84.930869267624914,,86.836413415468854,,30.0,17.0,1.0,4.0,2.0,2.0,R3910349,ROS20767628
50406633,MAP,0.0,16.0,1.0,2.0,33.0,84.917180013689247,83.958932238193015,85.686516084873375,11.0,10.0,3.5,4.0,1.0,4.0,4.0,R8704018,MAP50406633
10100600,ROS,1.0,21.0,1.0,2.0,34.0,84.908966461327864,,,,30.0,,,,,1.0,R8578821,ROS10100600
41941382,MAP,0.0,12.0,1.0,2.0,24.0,84.903490759753595,,,,26.0,,,,,1.0,R2262997,MAP41941382
15138884,ROS,1.0,20.0,1.0,2.0,23.0,84.900752908966467,,85.834360027378509,,30.0,7.66666666666667,1.0,4.0,1.0,1.0,R6743664,ROS15138884
15738428,ROS,1.0,20.0,1.0,2.0,33.0,84.900752908966467,,85.201916495550989,,29.0,2.33333333333333,1.0,3.0,1.0,1.0,R4575675,ROS15738428
20971294,ROS,0.0,18.0,1.0,2.0,33.0,84.89253935660507,,,,25.0,,,,,2.0,R5903780,ROS20971294
20968659,ROS,0.0,18.0,1.0,2.0,33.0,84.884325804243673,,,,26.0,,,,,1.0,R1993513,ROS20968659
68977784,MAP,1.0,19.0,1.0,2.0,23.0,84.878850102669404,,,,29.0,,,,,1.0,R6558883,MAP68977784
11467746,ROS,1.0,12.0,1.0,2.0,33.0,84.870636550308006,,84.925393566050644,,22.0,3.36666666666667,2.0,4.0,2.0,2.0,R3917022,ROS11467746
60833355,MAP,1.0,17.0,1.0,2.0,,84.859685147159482,,,,27.0,,,,,1.0,R6866044,MAP60833355
91804757,MAP,0.0,12.0,1.0,2.0,33.0,84.856947296372354,,85.133470225872685,,,6.25,5.0,1.0,4.0,4.0,R4673194,MAP91804757
21140119,ROS,0.0,20.0,1.0,2.0,33.0,84.854209445585212,,85.483915126625604,,29.0,3.41666666666667,4.0,1.0,1.0,1.0,R7978618,ROS21140119
90536384,MAP,0.0,17.0,1.0,2.0,33.0,84.851471594798085,,,,28.0,,,,,1.0,R5674359,MAP90536384
22200138,ROS,0.0,21.0,2.0,2.0,34.0,84.845995893223815,,,,28.0,,,,,2.0,R3756741,ROS22200138
20973638,ROS,0.0,21.0,1.0,2.0,34.0,84.837782340862418,,,,29.0,,,,,1.0,R4419596,ROS20973638
17345449,MAP,0.0,12.0,1.0,2.0,33.0,84.821355236139624,78.81998631074606,85.705681040383297,28.0,27.0,43.55,4.0,1.0,2.0,2.0,R2873681,MAP17345449
49429845,MAP,0.0,12.0,1.0,2.0,33.0,84.818617385352496,81.719370294318963,85.448323066392888,24.0,17.0,3.75,3.0,2.0,4.0,4.0,R5539880,MAP49429845
96177193,MAP,1.0,14.0,1.0,2.0,23.0,84.799452429842574,,,,27.0,,,,,1.0,R2700141,MAP96177193
11609672,ROS,1.0,10.0,1.0,1.0,34.0,84.796714579055447,,86.269678302532512,,27.0,17.75,4.0,2.0,1.0,1.0,R9500594,ROS11609672
68611261,MAP,0.0,18.0,1.0,2.0,33.0,84.796714579055447,,,,30.0,,,,,1.0,R8049436,MAP68611261
10284569,ROS,1.0,24.0,1.0,2.0,23.0,84.785763175906908,,,,30.0,,,,,1.0,R8836817,ROS10284569
76992870,MAP,0.0,9.0,1.0,1.0,33.0,84.777549623545511,,,,28.0,,,,,1.0,R8697405,MAP76992870
53355949,MAP,0.0,12.0,1.0,2.0,34.0,84.758384668035589,82.76796714579055,85.185489390828195,19.0,6.0,6.58333333333333,5.0,1.0,4.0,4.0,R8256306,MAP53355949
20964295,ROS,0.0,16.0,1.0,2.0,34.0,84.755646817248461,83.397672826830942,86.061601642710471,25.0,19.0,19.4166666666667,5.0,1.0,4.0,2.0,R1627792,ROS20964295
15373321,MAP,0.0,10.0,1.0,2.0,23.0,84.755646817248461,84.755646817248461,84.952772073921977,6.0,6.0,38.0833333333333,5.0,1.0,4.0,4.0,R6364701,MAP15373321
22101004,ROS,0.0,3.0,2.0,1.0,34.0,84.752908966461334,82.718685831622182,85.694729637234772,18.0,5.0,23.0,5.0,1.0,4.0,4.0,R4102814,ROS22101004
10495100,ROS,1.0,16.0,1.0,2.0,34.0,84.752908966461334,,84.832306639288163,,3.0,3.5,5.0,1.0,4.0,4.0,R3955111,ROS10495100
95281012,MAP,1.0,18.0,1.0,2.0,33.0,84.747433264887064,,,,29.0,,,,,1.0,R9619830,MAP95281012
90224563,MAP,0.0,16.0,1.0,2.0,33.0,84.744695414099937,,,,29.0,,,,,1.0,R9739993,MAP90224563
22209547,ROS,0.0,14.0,2.0,2.0,33.0,84.739219712525667,,,,24.0,,,,,1.0,R3811456,ROS22209547
90021936,MAP,0.0,13.0,1.0,2.0,34.0,84.739219712525667,,,,27.0,,,,,1.0,R6709591,MAP90021936
22925798,ROS,1.0,22.0,1.0,2.0,,84.73648186173854,,85.360711841204647,,22.0,15.1666666666667,1.0,4.0,3.0,2.0,R6814706,ROS22925798
49295635,ROS,0.0,18.0,7.0,1.0,33.0,84.725530458590001,,85.286789869952088,,29.0,13.6666666666667,4.0,3.0,2.0,2.0,R8767513,ROS49295635
21193770,ROS,0.0,20.0,1.0,2.0,23.0,84.722792607802873,79.731690622861052,,23.0,0.0,,,,,4.0,R2908472,ROS21193770
20372539,ROS,0.0,18.0,1.0,2.0,44.0,84.720054757015745,81.785078713210126,85.639972621492134,25.0,14.0,3.66666666666667,5.0,1.0,4.0,4.0,R7821063,ROS20372539
50403860,MAP,1.0,19.0,1.0,2.0,33.0,84.717316906228604,,85.601642710472277,,27.0,11.1666666666667,1.0,2.0,1.0,1.0,R3987433,MAP50403860
70883578,MAP,1.0,12.0,1.0,2.0,33.0,84.717316906228604,,85.35797399041752,,24.0,4.5,3.0,2.0,1.0,1.0,R6728038,MAP70883578
20917694,ROS,0.0,21.0,1.0,2.0,34.0,84.714579055441476,81.516769336071178,85.62354551676934,28.0,9.0,11.2333333333333,4.0,2.0,4.0,4.0,R1527980,ROS20917694
66219083,MAP,0.0,14.0,1.0,2.0,,84.711841204654348,,,,30.0,,,,,1.0,R6187535,MAP66219083
4941596,MAP,0.0,13.0,1.0,2.0,23.0,84.706365503080079,,,,29.0,,,,,1.0,R9264477,MAP4941596
39184672,MAP,1.0,12.0,2.0,2.0,,84.700889801505824,84.700889801505824,85.158110882956876,21.0,21.0,,,,4.0,4.0,R8955166,MAP39184672
66406040,MAP,1.0,16.0,1.0,2.0,22.0,84.67898699520876,,85.91101984941821,,28.0,6.0,3.0,4.0,1.0,1.0,R3811781,MAP66406040
38967303,MAP,0.0,11.0,1.0,2.0,33.0,84.67898699520876,,84.832306639288163,,28.0,6.5,3.0,4.0,1.0,1.0,R3143439,MAP38967303
76621666,MAP,0.0,17.0,1.0,2.0,24.0,84.67898699520876,,,,29.0,,,,,1.0,R5630286,MAP76621666
11426391,ROS,1.0,21.0,2.0,2.0,33.0,84.676249144421632,84.676249144421632,,21.0,21.0,,,,,4.0,R2782963,ROS11426391
52311825,MAP,1.0,14.0,1.0,2.0,33.0,84.670773442847363,80.643394934976044,85.431895961670094,23.0,22.0,7.58333333333333,3.0,4.0,2.0,2.0,R7915228,MAP52311825
80713720,ROS,0.0,22.0,1.0,2.0,33.0,84.665297741273108,,,,25.0,,,,,1.0,R4207016,ROS80713720
24141372,MAP,0.0,16.0,1.0,2.0,33.0,84.65708418891171,,85.256673511293641,,29.0,6.36666666666667,3.0,2.0,1.0,1.0,R2636782,MAP24141372
10536568,ROS,1.0,19.0,1.0,2.0,33.0,84.640657084188916,,84.988364134154693,,28.0,15.1666666666667,1.0,3.0,1.0,1.0,R7721691,ROS10536568
71598000,MAP,0.0,20.0,7.0,1.0,,84.640657084188916,,,,25.0,,,,,2.0,R2661981,MAP71598000
14817724,ROS,1.0,20.0,1.0,2.0,33.0,84.629705681040377,,,,30.0,,,,,1.0,R5363326,ROS14817724
50410319,MAP,1.0,18.0,1.0,2.0,34.0,84.62696783025325,81.639972621492134,84.845995893223815,25.0,1.0,3.91666666666667,5.0,1.0,4.0,4.0,R5965031,MAP50410319
2950975,MAP,0.0,16.0,1.0,2.0,33.0,84.6050650239562,,,,29.0,,,,,1.0,R7649952,MAP2950975
22180455,ROS,0.0,20.0,2.0,1.0,33.0,84.599589322381931,,,,30.0,,,,,1.0,R8739102,ROS22180455
59356512,MAP,0.0,14.0,1.0,2.0,,84.599589322381931,,,,28.0,,,,,1.0,R9644039,MAP59356512
86910081,MAP,0.0,15.0,2.0,2.0,24.0,84.583162217659137,,,,27.0,,,,,2.0,R5170058,MAP86910081
38090333,MAP,0.0,12.0,1.0,2.0,33.0,84.57494866529774,,,,29.0,,,,,2.0,R1706229,MAP38090333
33118460,MAP,1.0,8.0,1.0,2.0,33.0,84.572210814510612,,85.262149212867897,,27.0,,,,2.0,2.0,R3579020,MAP33118460
63198723,MAP,0.0,19.0,1.0,2.0,44.0,84.558521560574945,84.558521560574945,84.67898699520876,24.0,24.0,10.25,4.0,2.0,4.0,4.0,R1958521,MAP63198723
20258528,ROS,0.0,18.0,1.0,2.0,33.0,84.555783709787818,,,,29.0,,,,,1.0,R6291601,ROS20258528
41635233,MAP,0.0,16.0,2.0,2.0,34.0,84.55304585900069,83.534565366187536,,26.0,23.0,,,,,4.0,R6068511,MAP41635233
5859529,MAP,0.0,13.0,1.0,2.0,33.0,84.55304585900069,,,,27.0,,,,,1.0,R2896699,MAP5859529
50107457,MAP,1.0,12.0,1.0,2.0,24.0,84.547570157426421,84.547570157426421,85.344284736481868,17.0,17.0,3.5,5.0,2.0,4.0,4.0,R7795573,MAP50107457
24310553,MAP,0.0,12.0,1.0,2.0,33.0,84.544832306639293,,84.750171115674192,,28.75,3.83333333333333,3.0,4.0,1.0,1.0,R3176125,MAP24310553
90387747,MAP,0.0,13.0,1.0,2.0,33.0,84.528405201916499,,,,27.0,,,,,2.0,R8712623,MAP90387747
3430444,MAP,0.0,13.0,1.0,2.0,23.0,84.517453798767974,,84.911704312114992,,17.0,14.75,3.0,1.0,6.0,6.0,R6284795,MAP3430444
10100150,ROS,1.0,26.0,2.0,2.0,24.0,84.514715947980832,84.514715947980832,84.684462696783029,22.0,22.0,11.0,4.0,2.0,4.0,4.0,R2249549,ROS10100150
18740882,MAP,0.0,12.0,1.0,2.0,33.0,84.514715947980832,,,,29.0,,,,,1.0,R2806042,MAP18740882
59306274,MAP,0.0,14.0,1.0,2.0,23.0,84.509240246406577,,85.971252566735117,,24.0,,,,2.0,2.0,R1640580,MAP59306274
81639479,MAP,0.0,16.0,1.0,2.0,33.0,84.506502395619435,,85.333333333333329,,30.0,,,,,1.0,R6792245,MAP81639479
86408244,MAP,1.0,18.0,1.0,2.0,23.0,84.484599589322386,,84.804928131416844,,26.0,20.5,3.0,2.0,2.0,2.0,R2124216,MAP86408244
7937644,ROS,0.0,18.0,1.0,2.0,33.0,84.484599589322386,,,,28.0,,,,,2.0,R4960850,ROS7937644
37017884,MAP,0.0,12.0,1.0,2.0,,84.484599589322386,,,,29.0,,,,,1.0,R5258006,MAP37017884
10395359,ROS,1.0,22.0,1.0,2.0,34.0,84.479123887748116,,85.251197809719372,,30.0,5.0,2.0,2.0,1.0,1.0,R8240424,ROS10395359
21002100,ROS,0.0,20.0,1.0,2.0,23.0,84.479123887748116,,,,29.0,,,,,1.0,R8387406,ROS21002100
50109189,MAP,0.0,15.0,1.0,2.0,23.0,84.476386036960989,,85.073237508555778,,29.0,6.75,3.0,4.0,1.0,1.0,R6171213,MAP50109189
58542820,ROS,0.0,20.0,1.0,2.0,33.0,84.473648186173847,,85.355236139630392,,30.0,8.0,4.0,2.0,1.0,1.0,R8470182,ROS58542820
80606718,MAP,0.0,16.0,1.0,2.0,34.0,84.470910335386719,77.158110882956876,84.763860369609858,21.0,0.0,6.16666666666667,6.0,1.0,4.0,4.0,R7972749,MAP80606718
15113169,ROS,1.0,21.0,1.0,2.0,33.0,84.465434633812464,,84.824093086926766,,29.0,5.5,4.0,2.0,1.0,1.0,R8180874,ROS15113169
72830557,MAP,0.0,13.0,1.0,2.0,33.0,84.465434633812464,,,,22.0,,,,,2.0,R7439985,MAP72830557
11455792,ROS,1.0,21.0,1.0,2.0,33.0,84.459958932238195,,85.130732375085557,,28.0,5.0,2.0,4.0,2.0,2.0,R6587113,ROS11455792
23074480,ROS,0.0,20.0,1.0,2.0,33.0,84.459958932238195,,,,30.0,,,,,1.0,R8401470,ROS23074480
77239958,MAP,1.0,13.0,1.0,2.0,33.0,84.457221081451067,,85.01848049281314,,28.0,5.66666666666667,2.0,3.0,1.0,1.0,R6698302,MAP77239958
34204981,MAP,0.0,13.0,1.0,1.0,23.0,84.440793976728273,,,,20.0,,,,,6.0,R6124810,MAP34204981
22001253,ROS,0.0,20.0,2.0,2.0,23.0,84.435318275154003,,,,30.0,,,,,1.0,R6459885,ROS22001253
20239863,ROS,0.0,21.0,1.0,2.0,33.0,84.424366872005479,,85.46201232032854,,28.0,11.9166666666667,4.0,2.0,2.0,2.0,R4887632,ROS20239863
85508351,MAP,1.0,20.0,1.0,2.0,33.0,84.424366872005479,,84.895277207392198,,29.0,9.66666666666667,3.0,4.0,1.0,1.0,R1498848,MAP85508351
81403249,MAP,1.0,16.0,1.0,2.0,33.0,84.424366872005479,,,,26.7857142857143,,,,,2.0,R4320056,MAP81403249
95453354,MAP,0.0,12.0,1.0,2.0,33.0,84.418891170431209,,84.659822039698838,,29.0,5.46666666666667,3.0,1.0,1.0,1.0,R6016948,MAP95453354
8587260,MAP,1.0,16.0,1.0,2.0,34.0,84.405201916495557,,,,26.0,,,,,2.0,R6490746,MAP8587260
98430933,MAP,1.0,12.0,1.0,2.0,33.0,84.402464065708415,,84.958247775496233,,13.0,7.41666666666667,3.0,4.0,4.0,4.0,R2375704,MAP98430933
18308066,MAP,1.0,20.0,1.0,2.0,,84.399726214921287,,,,27.0,,,,,2.0,R9209354,MAP18308066
5321052,ROS,1.0,16.0,7.0,2.0,33.0,84.386036960985621,,,,28.0,,,,,1.0,R8671845,ROS5321052
15548986,MAP,0.0,16.0,1.0,2.0,33.0,84.369609856262841,,,,30.0,,,,,1.0,R6902872,MAP15548986
70830179,ROS,0.0,18.0,1.0,2.0,34.0,84.364134154688571,80.377823408624224,,26.0,20.0,,,,,2.0,R4125717,ROS70830179
51039226,MAP,0.0,13.0,1.0,2.0,33.0,84.364134154688571,,,,29.0,,,,,1.0,R7785675,MAP51039226
61344957,MAP,0.0,12.0,1.0,2.0,33.0,84.347707049965777,,84.73100616016427,,30.0,9.41666666666667,4.0,3.0,1.0,1.0,R7920516,MAP61344957
89815569,ROS,0.0,19.0,1.0,2.0,23.0,84.342231348391508,,,,28.0,,,,,2.0,R8503915,ROS89815569
18942080,MAP,0.0,14.0,1.0,2.0,23.0,84.331279945242983,,86.239561943874065,,29.0,,,,1.0,1.0,R7347348,MAP18942080
20683921,ROS,0.0,16.0,1.0,2.0,44.0,84.317590691307331,,85.379876796714584,,26.0,5.83333333333333,3.0,3.0,1.0,1.0,R1236313,ROS20683921
41228878,MAP,1.0,12.0,1.0,2.0,23.0,84.317590691307331,,,,21.4285714285714,,,,,3.0,R6945466,MAP41228878
50302428,MAP,0.0,12.0,1.0,2.0,33.0,84.312114989733061,,84.665297741273108,,18.0,3.0,5.0,1.0,4.0,4.0,R1039781,MAP50302428
16716896,MAP,1.0,16.0,1.0,2.0,33.0,84.309377138945933,,,,29.0,,,,,1.0,R5276284,MAP16716896
22100387,ROS,0.0,14.0,2.0,2.0,33.0,84.309377138945933,,,,27.0,,,,,1.0,R6659629,ROS22100387
10395061,ROS,1.0,21.0,1.0,2.0,33.0,84.306639288158792,,,,30.0,,,,,1.0,R2550807,ROS10395061
51864085,MAP,0.0,15.0,1.0,2.0,34.0,84.295687885010267,81.004791238877488,85.278576317590691,19.0,8.0,6.95,5.0,1.0,4.0,4.0,R5274446,MAP51864085
20774339,ROS,0.0,16.0,1.0,2.0,33.0,84.290212183435997,,84.558521560574945,,28.0,4.5,2.0,3.0,2.0,2.0,R8044591,ROS20774339
9542645,MAP,1.0,17.0,1.0,2.0,33.0,84.279260780287473,,,,26.0,,,,,2.0,R8939166,MAP9542645
20279627,ROS,0.0,18.0,1.0,2.0,33.0,84.26557152635182,84.26557152635182,,26.0,26.0,,,,,4.0,R7866160,ROS20279627
93966278,MAP,0.0,16.0,1.0,2.0,34.0,84.26557152635182,,,,30.0,,,,,1.0,R7866940,MAP93966278
33332646,MAP,0.0,17.0,1.0,2.0,34.0,84.254620123203281,84.254620123203281,89.026694045174537,25.0,25.0,15.6666666666667,4.0,1.0,4.0,4.0,R6998518,MAP33332646
40915696,MAP,1.0,19.0,1.0,2.0,23.0,84.251882272416154,,,,29.0,,,,,1.0,R3121780,MAP40915696
61595488,MAP,0.0,12.0,1.0,2.0,33.0,84.246406570841884,,,,19.0,,,,,2.0,R7297696,MAP61595488
26337838,ROS,0.0,20.0,1.0,2.0,33.0,84.238193018480487,,84.695414099931554,,27.0,9.08333333333333,3.0,4.0,1.0,1.0,R1571406,ROS26337838
11086171,MAP,0.0,18.0,1.0,2.0,,84.238193018480487,,,,30.0,,,,,1.0,R2868408,MAP11086171
50502606,MAP,0.0,12.0,1.0,2.0,33.0,84.22997946611909,,85.557837097878163,,25.0,9.75,4.0,3.0,2.0,2.0,R4960630,MAP50502606
68914513,MAP,0.0,15.0,1.0,2.0,33.0,84.22997946611909,,84.476386036960989,,26.0,10.2833333333333,3.0,3.0,1.0,1.0,R3623803,MAP68914513
3700779,MAP,1.0,16.0,1.0,2.0,33.0,84.227241615331963,,84.498288843258038,,27.0,,,,1.0,1.0,R3877278,MAP3700779
82317494,MAP,1.0,12.0,1.0,2.0,33.0,84.219028062970565,81.368925393566045,84.320328542094458,22.0,21.0,5.75,5.0,2.0,4.0,4.0,R5693901,MAP82317494
20730959,ROS,0.0,16.0,1.0,2.0,23.0,84.208076659822041,,85.163586584531146,,28.0,3.25,3.0,2.0,1.0,1.0,R2703808,ROS20730959
20115276,ROS,0.0,16.0,1.0,2.0,34.0,84.205338809034913,84.205338809034913,85.023956194387409,25.0,25.0,13.6333333333333,4.0,1.0,4.0,4.0,R9329742,ROS20115276
65082780,MAP,1.0,12.0,1.0,2.0,33.0,84.205338809034913,,84.254620123203281,,24.0,,,,1.0,1.0,R4938863,MAP65082780
90429110,MAP,1.0,16.0,1.0,2.0,33.0,84.17796030116358,,86.64202600958248,,28.0,,,,2.0,2.0,R9016646,MAP90429110
51650969,MAP,0.0,15.0,1.0,2.0,33.0,84.17796030116358,83.178644763860376,85.01848049281314,21.0,11.0,8.33333333333333,4.0,2.0,4.0,4.0,R8542703,MAP51650969
23335372,MAP,0.0,18.0,1.0,2.0,,84.175222450376452,,,,27.0,,,,,1.0,R3992276,MAP23335372
20455807,ROS,0.0,18.0,1.0,2.0,33.0,84.172484599589325,,84.755646817248461,,30.0,5.83333333333333,2.0,3.0,2.0,2.0,R2237803,ROS20455807
43485807,MAP,1.0,16.0,1.0,2.0,33.0,84.167008898015055,,84.700889801505824,,25.0,4.08333333333333,3.0,1.0,4.0,4.0,R8971831,MAP43485807
45524047,MAP,0.0,14.0,1.0,2.0,,84.167008898015055,,,,29.0,,,,,1.0,R1713460,MAP45524047
60871487,MAP,0.0,13.0,1.0,2.0,34.0,84.156057494866531,,84.728268309377142,,22.0,7.08333333333333,5.0,2.0,2.0,2.0,R5690244,MAP60871487
20297403,ROS,0.0,20.0,1.0,2.0,34.0,84.153319644079403,74.102669404517457,85.242984257357975,26.0,18.0,17.4166666666667,4.0,2.0,4.0,5.0,R5022259,ROS20297403
50404163,MAP,0.0,15.0,1.0,2.0,23.0,84.147843942505133,,89.01300479123887,,29.0,11.15,4.0,4.0,1.0,1.0,R9145673,MAP50404163
50106604,MAP,1.0,10.0,1.0,2.0,33.0,84.147843942505133,,84.780287474332653,,23.0,,,,2.0,2.0,R5377680,MAP50106604
20223455,ROS,0.0,16.0,1.0,2.0,33.0,84.145106091718006,,84.394250513347018,,25.0,23.0,5.0,1.0,2.0,6.0,R5082982,ROS20223455
31183595,MAP,0.0,15.0,1.0,2.0,,84.139630390143736,,,,28.0,,,,,1.0,R9069463,MAP31183595
20214850,ROS,0.0,21.0,1.0,2.0,34.0,84.136892539356609,82.154688569472967,84.807665982203972,21.0,15.0,4.41666666666667,5.0,1.0,4.0,4.0,R2197944,ROS20214850
10263208,ROS,1.0,18.0,1.0,2.0,23.0,84.120465434633815,,84.257357973990423,,21.7241379310345,14.1166666666667,4.0,3.0,2.0,1.0,R5647192,ROS10263208
28875429,ROS,1.0,22.0,1.0,2.0,,84.114989733059545,,,,27.0,,,,,2.0,R1890604,ROS28875429
82647965,MAP,1.0,10.0,1.0,2.0,33.0,84.10403832991102,,,,28.0,,,,,1.0,R1815670,MAP82647965
10100862,ROS,1.0,14.0,1.0,2.0,34.0,84.090349075975354,,84.216290212183438,,26.0,10.7333333333333,2.0,4.0,1.0,1.0,R3840906,ROS10100862
99693576,MAP,0.0,14.0,1.0,2.0,33.0,84.084873374401099,,,,28.0,,,,,1.0,R6031029,MAP99693576
26277139,MAP,0.0,18.0,1.0,2.0,,84.076659822039701,,,,28.0,,,,,1.0,R3467912,MAP26277139
20643329,ROS,0.0,22.0,1.0,2.0,33.0,84.068446269678304,83.091033538672136,84.824093086926766,25.0,24.0,5.0,4.0,1.0,4.0,4.0,R1834662,ROS20643329
50303019,MAP,0.0,16.0,1.0,2.0,33.0,84.05749486652978,,90+,,30.0,5.61666666666667,4.0,2.0,1.0,1.0,R8361846,MAP50303019
71558084,MAP,0.0,16.0,1.0,2.0,33.0,84.024640657084191,,,,30.0,,,,,1.0,R9193555,MAP71558084
95127085,MAP,1.0,16.0,1.0,2.0,34.0,84.021902806297064,,,,22.0,,,,,2.0,R8527737,MAP95127085
25779758,MAP,1.0,10.0,1.0,2.0,34.0,84.013689253935667,,84.895277207392198,,9.0,,,,4.0,4.0,R3008855,MAP25779758
10205532,ROS,1.0,24.0,1.0,2.0,44.0,84.010951403148525,,85.210130047912386,,28.0,14.8,4.0,1.0,1.0,1.0,R7339628,ROS10205532
2904677,MAP,0.0,12.0,1.0,2.0,33.0,84.010951403148525,,,,30.0,,,,,1.0,R1225376,MAP2904677
10071296,MAP,1.0,12.0,1.0,2.0,,84.002737850787128,,,,26.0,,,,,2.0,R4108123,MAP10071296
11652071,ROS,1.0,17.0,1.0,2.0,33.0,83.997262149212872,83.036276522929498,84.906228610540722,23.0,19.0,4.25,3.0,1.0,5.0,5.0,R1521786,ROS11652071
63818202,MAP,0.0,14.0,1.0,2.0,23.0,83.980835044490078,,84.662559890485966,,30.0,11.5,3.0,4.0,1.0,1.0,R4241294,MAP63818202
17044379,ROS,0.0,22.0,1.0,2.0,23.0,83.956194387405887,,,,26.0,,,,,1.0,R9561811,ROS17044379
54104440,MAP,1.0,16.0,1.0,2.0,33.0,83.937029431895965,,84.881587953456531,,26.0,6.25,4.0,2.0,2.0,2.0,R9764427,MAP54104440
20187042,ROS,0.0,18.0,1.0,2.0,33.0,83.931553730321696,83.931553730321696,84.347707049965777,22.0,22.0,12.9166666666667,3.0,2.0,4.0,5.0,R6847727,ROS20187042
27083391,MAP,1.0,12.0,1.0,2.0,33.0,83.920602327173171,,85.015742642026012,,27.0,51.65,4.0,4.0,1.0,1.0,R5797959,MAP27083391
15176592,ROS,1.0,18.0,1.0,2.0,33.0,83.912388774811774,,84.208076659822041,,29.0,6.25,4.0,1.0,1.0,1.0,R2575548,ROS15176592
9669681,MAP,0.0,13.0,1.0,2.0,,83.89596167008898,,,,30.0,,,,,1.0,R4084604,MAP9669681
50300796,MAP,1.0,16.0,1.0,2.0,34.0,83.879534565366185,,84.39151266255989,,0.0,,,,4.0,4.0,R5416735,MAP50300796
97006937,MAP,0.0,12.0,1.0,2.0,44.0,83.87405886379193,,84.479123887748116,,23.0,5.5,3.0,3.0,2.0,2.0,R6536689,MAP97006937
95439194,MAP,0.0,14.0,1.0,2.0,23.0,83.87405886379193,,,,30.0,,,,,1.0,R3742712,MAP95439194
94722642,MAP,0.0,18.0,1.0,2.0,33.0,83.871321013004788,,84.648870636550313,,26.0,13.0333333333333,3.0,4.0,2.0,2.0,R7143693,MAP94722642
15146050,ROS,1.0,22.0,1.0,2.0,34.0,83.863107460643391,,83.931553730321696,,26.0,5.5,5.0,1.0,1.0,1.0,R4505264,ROS15146050
20986435,ROS,0.0,18.0,1.0,2.0,33.0,83.854893908281994,,84.572210814510612,,29.0,,,,2.0,2.0,R1213410,ROS20986435
33721225,MAP,0.0,12.0,1.0,2.0,33.0,83.854893908281994,,,,30.0,,,,,1.0,R9120487,MAP33721225
21113576,ROS,0.0,16.0,1.0,2.0,33.0,83.846680355920597,,85.002053388090346,,23.0,17.8333333333333,4.0,2.0,2.0,2.0,R9282435,ROS21113576
43169148,MAP,1.0,18.0,1.0,2.0,33.0,83.843942505133469,,,,30.0,,,,,1.0,R4403834,MAP43169148
81185560,MAP,1.0,17.0,1.0,2.0,33.0,83.841204654346342,,,,29.0,,,,,1.0,R8216924,MAP81185560
65384603,MAP,1.0,12.0,1.0,2.0,33.0,83.835728952772072,,84.347707049965777,,28.0,,,,1.0,1.0,R9210846,MAP65384603
20229253,ROS,0.0,20.0,1.0,2.0,34.0,83.819301848049278,83.819301848049278,,25.0,25.0,,,,,4.0,R5639032,ROS20229253
99147061,MAP,1.0,18.0,1.0,2.0,,83.819301848049278,,,,29.0,,,,,1.0,R1158030,MAP99147061
56090689,MAP,1.0,20.0,1.0,2.0,33.0,83.813826146475023,,,,30.0,,,,,1.0,R2546763,MAP56090689
20800682,ROS,0.0,16.0,1.0,2.0,33.0,83.808350444900753,,84.752908966461334,,30.0,5.75,3.0,4.0,1.0,1.0,R6231758,ROS20800682
64336939,MAP,0.0,12.0,1.0,2.0,34.0,83.805612594113626,78.453114305270361,,20.0,0.0,,,,,4.0,R9404253,MAP64336939
15769713,MAP,0.0,14.0,1.0,2.0,,83.797399041752229,,,,30.0,,,,,1.0,R2620240,MAP15769713
20252720,ROS,0.0,16.0,1.0,2.0,34.0,83.789185489390832,83.789185489390832,84.470910335386719,25.0,25.0,4.08333333333333,3.0,2.0,4.0,4.0,R2582129,ROS20252720
98096223,MAP,0.0,12.0,1.0,2.0,33.0,83.780971937029435,83.780971937029435,84.635181382614647,23.0,23.0,15.6333333333333,4.0,2.0,4.0,4.0,R1113373,MAP98096223
23634846,MAP,0.0,11.0,1.0,2.0,33.0,83.772758384668037,,85.062286105407253,,22.0,,,,1.0,1.0,R6128721,MAP23634846
22001091,ROS,0.0,16.0,2.0,2.0,34.0,83.76454483230664,75.564681724845997,83.78644763860369,28.0,21.0,2.5,5.0,1.0,5.0,5.0,R8519782,ROS22001091
10473384,ROS,1.0,18.0,1.0,2.0,33.0,83.761806981519513,,83.871321013004788,,26.0,5.08333333333333,3.0,4.0,1.0,1.0,R2881301,ROS10473384
21001221,ROS,0.0,20.0,1.0,2.0,34.0,83.759069130732371,79.832991101984945,,23.0,6.0,,,,,4.0,R5018775,ROS21001221
51985809,ROS,0.0,20.0,1.0,2.0,,83.759069130732371,,,,27.0,,,,,1.0,R3811676,ROS51985809
6131380,MAP,0.0,16.0,1.0,2.0,33.0,83.756331279945243,,,,30.0,,,,,1.0,R9732105,MAP6131380
22454720,MAP,0.0,12.0,1.0,2.0,33.0,83.753593429158116,75.860369609856264,84.62149212867898,26.0,14.0,,,,4.0,4.0,R3517444,MAP22454720
84088280,ROS,0.0,22.0,1.0,2.0,33.0,83.750855578370974,,,,30.0,,,,,1.0,R3738458,ROS84088280
55683878,MAP,0.0,14.0,1.0,2.0,,83.728952772073924,,84.172484599589325,,10.0,9.41666666666667,3.0,2.0,5.0,4.0,R5893410,MAP55683878
78290979,MAP,0.0,14.0,1.0,2.0,,83.726214921286797,,,,11.0,,,,,4.0,R2384898,MAP78290979
46552753,ROS,0.0,19.0,1.0,2.0,33.0,83.723477070499655,,87.26351813826146,,26.0,18.3333333333333,5.0,1.0,2.0,2.0,R1281198,ROS46552753
16854481,MAP,0.0,12.0,1.0,2.0,,83.71252566735113,,,,29.0,,,,,1.0,R8235356,MAP16854481
10267798,ROS,1.0,18.0,1.0,2.0,33.0,83.701574264202605,82.685831622176593,84.637919233401774,25.0,16.0,13.6666666666667,4.0,1.0,4.0,4.0,R2346589,ROS10267798
75122018,ROS,0.0,20.0,1.0,2.0,23.0,83.698836413415464,,,,29.0,,,,,1.0,R8547648,ROS75122018
87433637,ROS,1.0,20.0,1.0,2.0,33.0,83.690622861054067,81.733059548254616,,23.0,22.0,,,,,2.0,R5022584,ROS87433637
89645797,MAP,0.0,12.0,1.0,2.0,33.0,83.687885010266939,,84.139630390143736,,21.4285714285714,,,,4.0,4.0,R3019907,MAP89645797
81716101,ROS,0.0,18.0,1.0,2.0,,83.685147159479811,,,,30.0,,,,,1.0,R6892162,ROS81716101
37997363,MAP,0.0,11.0,1.0,2.0,34.0,83.682409308692669,,,,20.0,,,,,2.0,R9677270,MAP37997363
50109053,MAP,1.0,13.0,1.0,2.0,33.0,83.674195756331287,83.674195756331287,85.886379192334019,23.0,23.0,,,,4.0,4.0,R7914294,MAP50109053
20974517,ROS,0.0,20.0,1.0,2.0,33.0,83.674195756331287,,83.8384668035592,,27.0,3.71666666666667,3.0,4.0,1.0,2.0,R1770216,ROS20974517
21000892,ROS,0.0,21.0,1.0,2.0,33.0,83.652292950034223,,,,30.0,,,,,1.0,R4602199,ROS21000892
10485914,ROS,1.0,16.0,1.0,2.0,33.0,83.644079397672826,,84.435318275154003,,0.0,6.0,4.0,3.0,4.0,4.0,R1466631,ROS10485914
20972759,ROS,0.0,23.0,1.0,2.0,33.0,83.644079397672826,80.082135523613957,83.800136892539356,23.0,9.64285714285714,14.75,5.0,2.0,4.0,5.0,R2923773,ROS20972759
88922125,ROS,1.0,26.0,1.0,2.0,33.0,83.644079397672826,,,,30.0,,,,,1.0,R5403845,ROS88922125
11335695,ROS,1.0,20.0,1.0,2.0,33.0,83.638603696098556,,84.301163586584536,,28.0,4.0,1.0,4.0,1.0,1.0,R8970027,ROS11335695
63380023,MAP,0.0,18.0,1.0,2.0,44.0,83.638603696098556,,,,19.0,,,,,4.0,R6930178,MAP63380023
96843556,ROS,0.0,17.0,1.0,2.0,23.0,83.638603696098556,,,,28.0,,,,,1.0,R4293532,ROS96843556
20164059,ROS,0.0,16.0,1.0,2.0,34.0,83.635865845311429,82.776180698151947,84.156057494866531,23.0,22.0,10.6666666666667,5.0,1.0,4.0,4.0,R5625663,ROS20164059
51250891,ROS,0.0,20.0,1.0,2.0,34.0,83.633127994524301,,,,26.0,,,,,2.0,R9482059,ROS51250891
72931025,MAP,0.0,16.0,1.0,2.0,24.0,83.627652292950032,,,,30.0,,,,,1.0,R1014260,MAP72931025
90593045,ROS,0.0,18.0,1.0,2.0,,83.624914442162904,82.650239561943877,,25.0,19.0,,,,,4.0,R9393399,ROS90593045
46110487,MAP,1.0,14.0,1.0,2.0,33.0,83.611225188227237,,,,27.0,,,,,2.0,R1334052,MAP46110487
83721144,MAP,0.0,17.0,1.0,2.0,33.0,83.60848733744011,79.233401779603014,90+,25.0,7.0,,,,,4.0,R7284471,MAP83721144
43661249,ROS,0.0,18.0,1.0,2.0,33.0,83.60848733744011,,,,30.0,,,,,1.0,R4041565,ROS43661249
985084,ROS,0.0,21.0,1.0,2.0,34.0,83.605749486652982,,,,30.0,,,,,1.0,R1852175,ROS985084
10042633,MAP,0.0,13.0,1.0,2.0,44.0,83.605749486652982,,,,23.0,,,,,1.0,R2912061,MAP10042633
52509923,MAP,0.0,16.0,1.0,2.0,33.0,83.594798083504443,,84.158795345653658,,26.0,4.4,3.0,3.0,1.0,1.0,R7796947,MAP52509923
10264637,ROS,1.0,25.0,1.0,2.0,33.0,83.592060232717316,,,,29.0,,,,,1.0,R4637063,ROS10264637
68217991,MAP,0.0,19.0,1.0,2.0,33.0,83.586584531143046,,,,27.0,,,,,1.0,R4205163,MAP68217991
20712597,ROS,0.0,16.0,1.0,2.0,23.0,83.581108829568791,,84.580424366872009,,30.0,6.0,4.0,2.0,1.0,1.0,R1573024,ROS20712597
82728899,MAP,0.0,18.0,1.0,2.0,23.0,83.578370978781663,,83.868583162217661,,27.0,7.41666666666667,3.0,4.0,1.0,2.0,R4061141,MAP82728899
28044600,MAP,0.0,2.0,1.0,1.0,33.0,83.572895277207394,,,,14.0,,,,,4.0,R1121768,MAP28044600
65499271,MAP,0.0,16.0,1.0,2.0,34.0,83.5564681724846,,,,28.0,,,,,1.0,R8813029,MAP65499271
17219510,MAP,0.0,14.0,1.0,2.0,34.0,83.55099247091033,,84.876112251882276,,24.0,5.25,4.0,1.0,2.0,2.0,R3400726,MAP17219510
11313031,ROS,1.0,21.0,1.0,2.0,34.0,83.55099247091033,,84.082135523613957,,24.0,16.0,4.0,1.0,2.0,2.0,R6752758,ROS11313031
79576932,MAP,0.0,15.0,1.0,2.0,33.0,83.55099247091033,,,,30.0,,,,,1.0,R7532454,MAP79576932
20264512,ROS,0.0,12.0,1.0,2.0,33.0,83.545516769336075,,84.429842573579734,,28.0,10.05,3.0,3.0,1.0,1.0,R6896528,ROS20264512
51622573,MAP,0.0,12.0,1.0,2.0,33.0,83.545516769336075,,,,29.0,,,,,2.0,R6763680,MAP51622573
75507759,MAP,0.0,8.0,1.0,1.0,,83.545516769336075,,,,29.0,,,,,1.0,R1869976,MAP75507759
76733461,MAP,0.0,15.0,1.0,2.0,44.0,83.540041067761805,82.757015742642025,83.857631759069136,14.0,4.0,6.33333333333333,5.0,1.0,4.0,5.0,R9176076,MAP76733461
27143252,ROS,1.0,20.0,1.0,2.0,,83.540041067761805,,,,24.0,,,,,2.0,R3818359,ROS27143252
46105408,MAP,0.0,15.0,1.0,2.0,33.0,83.534565366187536,,84.208076659822041,,27.0,7.38333333333333,4.0,3.0,2.0,2.0,R7354254,MAP46105408
11624423,ROS,1.0,13.0,1.0,1.0,33.0,83.531827515400408,82.472279260780283,84.05749486652978,16.0,22.0,5.71666666666667,3.0,4.0,5.0,5.0,R4184741,ROS11624423
16268497,MAP,0.0,16.0,1.0,2.0,,83.531827515400408,,,,28.0,,,,,1.0,R8150405,MAP16268497
11241702,ROS,1.0,12.0,1.0,2.0,33.0,83.529089664613281,,,,25.0,,,,,1.0,R9605136,ROS11241702
20285459,ROS,0.0,18.0,1.0,2.0,33.0,83.520876112251884,,83.893223819301852,,29.0,,,,2.0,2.0,R8724254,ROS20285459
20996621,ROS,0.0,17.0,1.0,2.0,33.0,83.509924709103359,,84.1615331964408,,29.0,3.5,4.0,3.0,1.0,1.0,R5158294,ROS20996621
47348119,MAP,1.0,17.0,1.0,2.0,33.0,83.509924709103359,,,,30.0,,,,,1.0,R8639950,MAP47348119
11464261,ROS,1.0,16.0,1.0,2.0,23.0,83.507186858316217,,84.372347707049968,,24.0,4.0,1.0,4.0,4.0,4.0,R7207154,ROS11464261
93504106,MAP,0.0,11.0,1.0,2.0,34.0,83.507186858316217,,84.268309377138948,,21.0,6.0,4.0,1.0,2.0,2.0,R4657974,MAP93504106
64831489,MAP,0.0,22.0,1.0,2.0,34.0,83.504449007529089,78.513347022587268,84.254620123203281,24.0,4.0,,,,4.0,4.0,R7308770,MAP64831489
21002498,ROS,0.0,19.0,1.0,2.0,33.0,83.49897330595482,,,,29.0,,,,,1.0,R3700932,ROS21002498
55585885,MAP,0.0,18.0,1.0,2.0,23.0,83.490759753593423,,85.412731006160158,,26.0,5.13333333333333,3.0,4.0,1.0,1.0,R6452102,MAP55585885
37700720,MAP,0.0,12.0,1.0,2.0,33.0,83.490759753593423,,,,29.0,,,,,1.0,R9956876,MAP37700720
89515666,MAP,0.0,12.0,1.0,2.0,23.0,83.485284052019168,,,,29.0,,,,,1.0,R3081821,MAP89515666
21412590,ROS,0.0,30.0,1.0,2.0,33.0,83.482546201232026,,,,30.0,,,,,1.0,R8733233,ROS21412590
18948888,MAP,0.0,19.0,1.0,2.0,33.0,83.479808350444898,,,,30.0,,,,,1.0,R2766078,MAP18948888
10577337,ROS,1.0,21.0,1.0,2.0,33.0,83.477070499657771,,84.303901437371664,,29.0,18.5,3.0,4.0,1.0,1.0,R8351613,ROS10577337
20179164,ROS,0.0,16.0,1.0,2.0,33.0,83.474332648870643,83.474332648870643,83.728952772073924,8.0,8.0,5.33333333333333,3.0,4.0,6.0,5.0,R4482444,ROS20179164
10976490,ROS,1.0,15.0,1.0,2.0,33.0,83.468856947296374,,84.156057494866531,,25.0,6.5,4.0,2.0,1.0,1.0,R7256280,ROS10976490
80195562,ROS,0.0,18.0,1.0,2.0,33.0,83.468856947296374,,,,28.0,,,,,1.0,R2919524,ROS80195562
21157370,ROS,0.0,18.0,1.0,2.0,34.0,83.466119096509246,,85.095140314852841,,28.0,4.83333333333333,4.0,2.0,1.0,1.0,R2649907,ROS21157370
15179365,ROS,1.0,20.0,1.0,2.0,34.0,83.466119096509246,78.491444216290219,83.644079397672826,20.0,17.0,3.0,3.0,1.0,4.0,4.0,R9453274,ROS15179365
21268322,ROS,0.0,18.0,1.0,2.0,34.0,83.455167693360707,,,,28.0,,,,,1.0,R1701839,ROS21268322
11626867,MAP,1.0,16.0,1.0,2.0,,83.433264887063658,82.3025325119781,,25.0,23.0,,,,,4.0,R3535622,MAP11626867
51789085,MAP,0.0,16.0,1.0,2.0,,83.427789185489388,,,,30.0,,,,,1.0,R8004779,MAP51789085
70344350,MAP,0.0,12.0,2.0,2.0,,83.42505133470226,,,,29.0,,,,,1.0,R4286846,MAP70344350
9391376,MAP,0.0,16.0,1.0,2.0,34.0,83.422313483915133,,84.416153319644081,,27.6,6.06666666666667,2.0,2.0,2.0,2.0,R1188174,MAP9391376
40714791,MAP,1.0,19.0,1.0,2.0,,83.422313483915133,,,,26.0,,,,,1.0,R1062922,MAP40714791
13633244,MAP,0.0,18.0,1.0,2.0,33.0,83.419575633127991,,,,27.0,,,,,2.0,R3118345,MAP13633244
10460587,ROS,1.0,21.0,1.0,2.0,33.0,83.408624229979466,,84.364134154688571,,29.0,3.66666666666667,3.0,2.0,2.0,2.0,R4249236,ROS10460587
22756805,MAP,1.0,16.0,1.0,2.0,,83.405886379192339,,,,26.0,,,,,4.0,R3355464,MAP22756805
20260860,ROS,0.0,18.0,1.0,2.0,33.0,83.383983572895275,,,,30.0,,,,,1.0,R1466851,ROS20260860
16235506,MAP,0.0,16.0,1.0,2.0,33.0,83.381245722108147,,,,29.0,,,,,1.0,R5671472,MAP16235506
20963866,ROS,0.0,21.0,1.0,2.0,44.0,83.37850787132102,75.529089664613281,83.635865845311429,20.0,0.0,16.6833333333333,6.0,1.0,4.0,4.0,R1538032,ROS20963866
66754397,MAP,1.0,20.0,1.0,2.0,34.0,83.375770020533878,,84.030116358658447,,6.0,3.25,5.0,2.0,4.0,4.0,R2488731,MAP66754397
72560222,MAP,0.0,12.0,1.0,2.0,33.0,83.370294318959623,,83.958932238193015,,28.0,6.5,3.0,3.0,1.0,1.0,R6776130,MAP72560222
58955821,ROS,0.0,21.0,1.0,2.0,33.0,83.364818617385353,,,,29.0,,,,,2.0,R3699743,ROS58955821
10447620,ROS,1.0,15.0,2.0,2.0,33.0,83.34291581108829,76.336755646817252,84.117727583846687,12.0,9.0,4.0,3.0,3.0,5.0,5.0,R6163593,ROS10447620
41296604,MAP,0.0,12.0,1.0,2.0,33.0,83.334702258726892,83.334702258726892,84.005475701574269,18.0,18.0,,,,,4.0,R1728318,MAP41296604
50102952,MAP,1.0,12.0,1.0,2.0,33.0,83.329226557152637,,83.383983572895275,,28.0,6.0,3.0,2.0,3.0,2.0,R9328823,MAP50102952
28035843,MAP,1.0,22.0,2.0,2.0,,83.285420944558524,,,,25.0,,,,,2.0,R5095327,MAP28035843
97411796,ROS,0.0,18.0,1.0,2.0,33.0,83.274469541409999,,86.494182067077347,,30.0,8.25,2.0,2.0,2.0,2.0,R3438797,ROS97411796
79455082,MAP,0.0,14.0,1.0,2.0,33.0,83.274469541409999,,,,30.0,,,,,1.0,R8789262,MAP79455082
61322267,ROS,0.0,18.0,1.0,2.0,34.0,83.271731690622858,,,,30.0,,,,,1.0,R3978569,ROS61322267
73146926,MAP,0.0,14.0,1.0,2.0,34.0,83.260780287474333,82.168377823408619,84.331279945242983,24.0,24.0,12.6666666666667,5.0,1.0,2.0,2.0,R7310856,MAP73146926
23538323,ROS,0.0,24.0,1.0,2.0,33.0,83.258042436687205,,,,28.0,,,,,1.0,R1464908,ROS23538323
11408227,ROS,1.0,22.0,1.0,2.0,33.0,83.252566735112936,,,,19.0,,,,,2.0,R3257490,ROS11408227
22282488,ROS,0.0,18.0,2.0,2.0,24.0,83.244353182751539,78.086242299794662,,,20.0,,,,,4.0,R4044997,ROS22282488
16351663,ROS,0.0,18.0,1.0,2.0,,83.233401779603014,,,,30.0,,,,,1.0,R8892419,ROS16351663
45929458,ROS,0.0,18.0,1.0,2.0,,83.233401779603014,,,,27.0,,,,,1.0,R4803072,ROS45929458
1266704,MAP,0.0,18.0,1.0,2.0,23.0,83.230663928815886,,,,28.0,,,,,1.0,R2342903,MAP1266704
11677958,ROS,0.0,21.0,1.0,2.0,34.0,83.219712525667347,,,,28.0,,,,,1.0,R1284960,ROS11677958
20845941,ROS,0.0,18.0,1.0,2.0,34.0,83.214236824093092,81.207392197125259,,23.0,10.0,,,,,4.0,R5594563,ROS20845941
17677642,ROS,0.0,18.0,1.0,2.0,,83.200547570157426,,84.060232717316907,,29.0,,,,1.0,1.0,R1895329,ROS17677642
20993308,ROS,0.0,14.0,1.0,2.0,33.0,83.197809719370298,,83.367556468172481,,26.0,1.0,1.0,4.0,1.0,1.0,R4570065,ROS20993308
90544000,MAP,0.0,16.0,1.0,2.0,24.0,83.192334017796028,,83.685147159479811,,27.0,,,,,2.0,R5723077,MAP90544000
22000824,ROS,0.0,21.0,2.0,2.0,34.0,83.186858316221759,,,,30.0,,,,,1.0,R1346023,ROS22000824
10825396,ROS,1.0,25.0,1.0,2.0,34.0,83.181382614647504,,84.216290212183438,,27.0,,,,1.0,1.0,R5731802,ROS10825396
82366015,MAP,0.0,20.0,1.0,2.0,24.0,83.181382614647504,,,,29.0,,,,,2.0,R3411658,MAP82366015
20968947,ROS,0.0,16.0,1.0,2.0,33.0,83.16495550992471,,,,30.0,,,,,1.0,R4225414,ROS20968947
49724793,MAP,0.0,14.0,1.0,2.0,,83.16495550992471,,,,28.0,,,,,2.0,R9669110,MAP49724793
55385157,MAP,0.0,12.0,1.0,2.0,,83.151266255989043,,83.260780287474333,,20.0,,,,2.0,2.0,R4566141,MAP55385157
20969790,ROS,0.0,18.0,1.0,2.0,33.0,83.140314852840518,,,,30.0,,,,,1.0,R2095409,ROS20969790
20416210,ROS,0.0,10.0,1.0,2.0,33.0,83.134839151266263,76.709103353867221,83.975359342915809,28.0,30.0,7.91666666666667,2.0,4.0,2.0,2.0,R5636935,ROS20416210
56696733,MAP,1.0,16.0,1.0,2.0,23.0,83.134839151266263,,83.945242984257362,,9.0,4.71666666666667,4.0,2.0,4.0,4.0,R9459258,MAP56696733
69866926,MAP,0.0,13.0,1.0,2.0,34.0,83.132101300479121,77.097878165639969,84.10403832991102,20.0,3.0,7.0,6.0,1.0,4.0,4.0,R7737688,MAP69866926
63861449,MAP,0.0,11.0,1.0,2.0,33.0,83.129363449691994,83.129363449691994,83.592060232717316,16.0,16.0,,,,4.0,4.0,R7131062,MAP63861449
10551157,ROS,1.0,22.0,1.0,2.0,33.0,83.126625598904866,,85.18001368925394,,30.0,8.58333333333333,3.0,1.0,2.0,2.0,R4147686,ROS10551157
95868799,MAP,0.0,20.0,1.0,2.0,34.0,83.115674195756327,,,,27.0,,,,,1.0,R2493354,MAP95868799
50407800,MAP,0.0,14.0,1.0,2.0,33.0,83.10746064339493,,84.038329911019844,,26.0,5.75,4.0,2.0,1.0,1.0,R3896155,MAP50407800
3971682,MAP,1.0,14.0,1.0,2.0,33.0,83.10746064339493,,83.898699520876107,,25.0,,,,2.0,2.0,R1518236,MAP3971682
9391790,MAP,1.0,14.0,2.0,2.0,24.0,83.104722792607802,,84.21355236139631,,23.0,,,,3.0,2.0,R1460657,MAP9391790
11446647,ROS,1.0,21.0,1.0,2.0,34.0,83.101984941820675,82.121834360027378,,22.0,11.0,,,,,4.0,R3332236,ROS11446647
8832456,ROS,0.0,16.0,1.0,2.0,33.0,83.093771389459278,,,,28.0,,,,,1.0,R4110314,ROS8832456
11200645,ROS,1.0,16.0,1.0,2.0,33.0,83.071868583162214,,83.728952772073924,,29.0,4.25,4.0,2.0,1.0,1.0,R6114572,ROS11200645
28120589,MAP,0.0,16.0,1.0,2.0,34.0,83.069130732375086,,,,29.0,,,,,1.0,R3323817,MAP28120589
61640072,MAP,0.0,20.0,1.0,2.0,33.0,83.069130732375086,,,,29.0,,,,,1.0,R3797822,MAP61640072
68674694,MAP,0.0,18.0,1.0,2.0,,83.05544147843942,,,,29.0,,,,,2.0,R7676224,MAP68674694
11377505,ROS,0.0,16.0,1.0,2.0,34.0,83.049965776865164,,83.66050650239562,,2.0,35.4166666666667,5.0,1.0,4.0,4.0,R4017510,ROS11377505
11259428,ROS,1.0,21.0,1.0,2.0,44.0,83.036276522929498,81.100616016427111,83.94798083504449,19.0,12.0,39.0,5.0,1.0,4.0,4.0,R6046862,ROS11259428
10438999,ROS,1.0,27.0,1.0,2.0,33.0,83.030800821355243,,83.304585900068446,,28.0,5.58333333333333,4.0,4.0,1.0,1.0,R8760165,ROS10438999
20151388,ROS,0.0,16.0,1.0,2.0,33.0,83.030800821355243,79.991786447638603,83.266255989048602,27.0,16.0,5.41666666666667,5.0,1.0,4.0,4.0,R2716798,ROS20151388
5001777,MAP,0.0,16.0,1.0,2.0,33.0,83.030800821355243,,,,28.0,,,,,1.0,R7449663,MAP5001777
5672910,MAP,1.0,20.0,1.0,2.0,,83.028062970568101,,,,29.0,,,,,1.0,R7181677,MAP5672910
24242426,MAP,0.0,16.0,1.0,2.0,34.0,83.014373716632448,,,,28.0,,,,,1.0,R4860268,MAP24242426
48192539,MAP,0.0,13.0,1.0,2.0,34.0,83.014373716632448,,,,28.0,,,,,1.0,R6077485,MAP48192539
36785659,MAP,1.0,22.0,1.0,2.0,,83.000684462696782,,,,27.0,,,,,2.0,R6936047,MAP36785659
7299965,ROS,0.0,16.0,1.0,2.0,34.0,82.995208761122512,80.043805612594113,,21.0,20.0,,,,,5.0,R7810571,ROS7299965
50105275,MAP,1.0,12.0,1.0,2.0,34.0,82.98699520876113,,83.485284052019168,,10.0,23.0,5.0,1.0,4.0,4.0,R6842662,MAP50105275
6608444,ROS,0.0,20.0,1.0,2.0,33.0,82.98151950718686,,,,30.0,,,,,1.0,R6110996,ROS6608444
62404688,MAP,1.0,16.0,1.0,2.0,33.0,82.978781656399732,,84.024640657084191,,29.0,4.5,3.0,2.0,1.0,1.0,R9395022,MAP62404688
79769959,MAP,0.0,12.0,2.0,2.0,33.0,82.973305954825463,,,,25.0,,,,,2.0,R6905319,MAP79769959
10684501,ROS,1.0,18.0,1.0,2.0,34.0,82.965092402464066,82.965092402464066,83.132101300479121,21.0,21.0,7.33333333333333,5.0,1.0,4.0,5.0,R3722356,ROS10684501
97749823,MAP,0.0,12.0,1.0,2.0,23.0,82.956878850102669,,,,28.0,,,,,1.0,R8120921,MAP97749823
10490579,ROS,1.0,18.0,1.0,2.0,34.0,82.945927446954144,,83.811088295687881,,15.0,12.0,2.0,2.0,4.0,4.0,R7103651,ROS10490579
39304782,MAP,0.0,16.0,1.0,2.0,34.0,82.945927446954144,,,,29.0,,,,,1.0,R8347919,MAP39304782
22201305,ROS,0.0,14.0,2.0,2.0,33.0,82.926762491444222,,83.693360711841208,,28.0,,,,2.0,2.0,R9227532,ROS22201305
4169712,ROS,0.0,22.0,1.0,2.0,33.0,82.92402464065708,,83.600273785078713,,30.0,,,,1.0,1.0,R4325226,ROS4169712
75149339,MAP,0.0,20.0,1.0,2.0,,82.907597535934286,,,,28.0,,,,,1.0,R1308829,MAP75149339
10218177,ROS,1.0,21.0,1.0,2.0,34.0,82.904859685147159,,,,30.0,,,,,1.0,R1627467,ROS10218177
20399274,ROS,0.0,16.0,1.0,2.0,33.0,82.888432580424364,,83.43052703627653,,29.0,9.78333333333333,4.0,1.0,1.0,1.0,R3292822,ROS20399274
50112274,MAP,0.0,12.0,1.0,2.0,33.0,82.885694729637237,,90+,,26.0,11.3333333333333,5.0,1.0,2.0,2.0,R5463918,MAP50112274
46561196,MAP,0.0,15.0,1.0,2.0,33.0,82.87748117727584,,,,29.0,,,,,1.0,R3673418,MAP46561196
50105563,MAP,0.0,16.0,1.0,2.0,33.0,82.869267624914443,,83.071868583162214,,1.0,4.75,5.0,1.0,5.0,5.0,R9405287,MAP50105563
21411459,ROS,0.0,18.0,1.0,2.0,34.0,82.866529774127315,,83.110198494182072,,29.0,,3.0,1.0,1.0,1.0,R9053141,ROS21411459
22813029,MAP,1.0,16.0,1.0,2.0,33.0,82.863791923340173,81.834360027378509,85.615331964407943,24.0,26.7857142857143,21.75,3.0,4.0,4.0,2.0,R5642922,MAP22813029
69545186,MAP,0.0,13.0,1.0,2.0,,82.863791923340173,,,,29.0,,,,,1.0,R6086024,MAP69545186
20947550,ROS,0.0,18.0,1.0,2.0,34.0,82.858316221765918,73.612594113620801,83.383983572895275,23.0,0.0,3.11666666666667,4.0,1.0,4.0,4.0,R6025812,ROS20947550
20431061,ROS,0.0,16.0,1.0,2.0,33.0,82.858316221765918,,83.030800821355243,,28.0,,,,2.0,2.0,R5747239,ROS20431061
10029352,MAP,0.0,16.0,1.0,2.0,33.0,82.844626967830251,,,,27.0,,,,,2.0,R4712469,MAP10029352
11118510,ROS,1.0,20.0,1.0,2.0,33.0,82.830937713894599,,83.047227926078023,,29.0,66.0,2.0,1.0,1.0,1.0,R3848833,ROS11118510
11466579,ROS,1.0,21.0,1.0,2.0,33.0,82.81998631074606,,83.066392881587959,,25.0,2.5,4.0,2.0,2.0,2.0,R5694375,ROS11466579
29399378,MAP,0.0,18.0,1.0,2.0,33.0,82.817248459958932,,,,27.0,,,,,1.0,R7426655,MAP29399378
86471999,MAP,1.0,16.0,1.0,2.0,23.0,82.809034907597535,,83.523613963039011,,27.6,5.0,3.0,1.0,2.0,2.0,R8678293,MAP86471999
96915597,MAP,0.0,16.0,1.0,2.0,23.0,82.806297056810408,,,,29.0,,,,,1.0,R5768954,MAP96915597
10205244,ROS,1.0,16.0,1.0,2.0,33.0,82.803559206023266,,82.965092402464066,,28.0,15.6166666666667,3.0,1.0,1.0,1.0,R8054504,ROS10205244
87410220,MAP,0.0,16.0,1.0,2.0,33.0,82.784394250513344,,84.306639288158792,,28.0,7.08333333333333,2.0,2.0,1.0,2.0,R8444624,MAP87410220
78331049,MAP,0.0,14.0,1.0,2.0,33.0,82.776180698151947,,,,27.0,,,,,1.0,R5618977,MAP78331049
90496931,MAP,1.0,12.0,2.0,2.0,33.0,82.765229295003422,,83.567419575633124,,24.0,,,,1.0,1.0,R4656835,MAP90496931
81009555,ROS,0.0,18.0,1.0,2.0,33.0,82.765229295003422,,,,28.0,,,,,1.0,R2193928,ROS81009555
10100574,ROS,1.0,21.0,1.0,2.0,33.0,82.754277891854898,,83.537303216974678,,29.0,22.25,4.0,4.0,1.0,1.0,R5924065,ROS10100574
50406057,MAP,1.0,20.0,1.0,2.0,33.0,82.751540041067756,,83.186858316221759,,27.0,6.08333333333333,3.0,4.0,2.0,2.0,R2045909,MAP50406057
24051131,MAP,0.0,18.0,1.0,2.0,33.0,82.751540041067756,,,,28.0,,,,,1.0,R1677072,MAP24051131
15470309,ROS,1.0,22.0,1.0,2.0,33.0,82.740588637919231,81.609856262833674,82.956878850102669,26.0,28.0,,,,2.0,2.0,R9187568,ROS15470309
8205143,ROS,1.0,16.0,1.0,2.0,,82.740588637919231,,,,27.0,,,,,1.0,R6029058,ROS8205143
10228075,ROS,1.0,21.0,1.0,2.0,33.0,82.735112936344976,,,,29.0,,,,,2.0,R7331686,ROS10228075
11659334,ROS,1.0,17.0,1.0,2.0,33.0,82.724161533196437,,,,30.0,,,,,1.0,R9308467,ROS11659334
47955338,MAP,0.0,12.0,1.0,2.0,33.0,82.721423682409309,,,,27.0,,,,,1.0,R2458922,MAP47955338
20220420,ROS,0.0,20.0,1.0,2.0,23.0,82.718685831622182,,83.485284052019168,,29.0,5.33333333333333,3.0,2.0,1.0,1.0,R7015810,ROS20220420
94370928,ROS,0.0,12.0,1.0,1.0,33.0,82.718685831622182,,83.345653661875431,,30.0,8.5,2.0,2.0,1.0,1.0,R5347871,ROS94370928
20569910,ROS,0.0,16.0,1.0,2.0,33.0,82.713210130047912,,83.745379876796719,,30.0,6.75,2.0,4.0,2.0,2.0,R9072353,ROS20569910
20276430,ROS,0.0,20.0,1.0,2.0,34.0,82.704996577686515,78.620123203285416,,23.0,1.0,,,,,5.0,R9286671,ROS20276430
21171080,ROS,0.0,21.0,1.0,2.0,33.0,82.683093771389466,78.674880219028068,82.822724161533202,24.0,17.0,3.33333333333333,5.0,2.0,4.0,4.0,R6912665,ROS21171080
92374030,ROS,1.0,16.0,1.0,2.0,,82.677618069815196,,,,29.0,,,,,1.0,R8819118,ROS92374030
50104710,MAP,0.0,12.0,1.0,1.0,34.0,82.666666666666671,,83.244353182751539,,30.0,6.95,1.0,1.0,1.0,1.0,R1207203,MAP50104710
89912411,MAP,0.0,14.0,1.0,2.0,33.0,82.666666666666671,,,,28.0,,,,,1.0,R9622940,MAP89912411
28875005,MAP,0.0,14.0,1.0,2.0,33.0,82.66392881587953,,,,24.6428571428571,,,,,1.0,R2572556,MAP28875005
22887653,MAP,0.0,12.0,1.0,2.0,23.0,82.655715263518132,,,,30.0,,,,,1.0,R4648000,MAP22887653
13743579,MAP,0.0,12.0,1.0,2.0,23.0,82.652977412731005,,84.002737850787128,,28.0,,,,1.0,1.0,R5804902,MAP13743579
93435488,MAP,1.0,17.0,1.0,2.0,34.0,82.650239561943877,,,,29.0,,,,,1.0,R3302972,MAP93435488
89110129,ROS,1.0,17.0,1.0,2.0,,82.644763860369608,,82.989733059548257,,27.0,,,,2.0,2.0,R8322838,ROS89110129
35463458,MAP,0.0,14.0,2.0,2.0,34.0,82.644763860369608,,,,30.0,,,,,1.0,R2266353,MAP35463458
10669174,ROS,1.0,18.0,1.0,2.0,33.0,82.64202600958248,,82.978781656399732,,26.0,7.33333333333333,3.0,4.0,2.0,2.0,R4641987,ROS10669174
93014211,MAP,0.0,12.0,2.0,2.0,33.0,82.64202600958248,,,,29.0,,,,,1.0,R3521813,MAP93014211
33360294,MAP,0.0,18.0,1.0,2.0,33.0,82.639288158795353,,,,29.0,,,,,1.0,R6579168,MAP33360294
81810992,MAP,0.0,20.0,1.0,2.0,33.0,82.639288158795353,,,,30.0,,,,,1.0,R6562147,MAP81810992
94092977,MAP,1.0,19.0,1.0,2.0,24.0,82.636550308008211,82.636550308008211,82.713210130047912,7.0,7.0,5.71666666666667,3.0,1.0,4.0,4.0,R3776872,MAP94092977
79411152,MAP,0.0,12.0,1.0,2.0,33.0,82.636550308008211,,,,26.0,,,,,2.0,R4536227,MAP79411152
90805280,MAP,1.0,16.0,1.0,2.0,23.0,82.631074606433955,,,,29.0,,,,,1.0,R1667514,MAP90805280
20952827,ROS,0.0,19.0,1.0,1.0,33.0,82.625598904859686,,,,29.0,,,,,1.0,R9008471,ROS20952827
98566448,ROS,1.0,20.0,1.0,2.0,,82.622861054072558,,,,29.0,,,,,1.0,R6842222,ROS98566448
4862682,MAP,0.0,16.0,1.0,2.0,33.0,82.620123203285416,,,,29.0,,,,,2.0,R8517499,MAP4862682
20524813,ROS,0.0,18.0,1.0,2.0,33.0,82.609171800136892,,,,29.0,,,,,1.0,R9263778,ROS20524813
7660182,ROS,0.0,20.0,1.0,2.0,,82.606433949349764,,,,26.7857142857143,,,,,3.0,R8250102,ROS7660182
9108223,MAP,1.0,16.0,1.0,2.0,33.0,82.606433949349764,,,,29.0,,,,,1.0,R1957937,MAP9108223
20368989,MAP,1.0,19.0,1.0,2.0,33.0,82.600958247775495,,,,29.0,,,,,1.0,R5830020,MAP20368989
10516212,MAP,0.0,13.0,1.0,2.0,33.0,82.598220396988367,,,,30.0,,,,,1.0,R2668664,MAP10516212
20141228,ROS,0.0,16.0,1.0,2.0,34.0,82.595482546201225,,83.537303216974678,,25.0,6.0,5.0,1.0,4.0,4.0,R7987257,ROS20141228
7053099,MAP,0.0,18.0,1.0,2.0,33.0,82.5845311430527,,,,27.0,,,,,1.0,R9683827,MAP7053099
18584660,ROS,0.0,18.0,1.0,2.0,33.0,82.581793292265573,,,,30.0,,,,,1.0,R5471418,ROS18584660
90821208,MAP,0.0,16.0,1.0,2.0,33.0,82.576317590691303,,83.76454483230664,,28.0,7.28333333333333,2.0,4.0,2.0,2.0,R7496731,MAP90821208
96612533,MAP,0.0,14.0,1.0,2.0,23.0,82.568104038329906,,,,27.0,,,,,1.0,R9484237,MAP96612533
65685223,MAP,0.0,21.0,1.0,2.0,33.0,82.565366187542779,,,,30.0,,,,,1.0,R4082311,MAP65685223
20232474,ROS,0.0,16.0,1.0,2.0,34.0,82.551676933607112,,83.162217659137582,,10.0,7.5,5.0,1.0,4.0,4.0,R4087141,ROS20232474
36951779,MAP,0.0,14.0,1.0,2.0,23.0,82.546201232032857,82.546201232032857,83.178644763860376,2.0,2.0,5.9,4.0,1.0,6.0,4.0,R3814553,MAP36951779
20984965,ROS,0.0,9.0,1.0,2.0,33.0,82.53251197809719,,83.427789185489388,,26.0,6.25,4.0,4.0,2.0,2.0,R2162850,ROS20984965
78010047,MAP,1.0,19.0,1.0,2.0,23.0,82.507871321012999,,,,29.0,,,,,1.0,R3656379,MAP78010047
10101291,ROS,1.0,15.0,1.0,2.0,23.0,82.48049281314168,,83.397672826830942,,22.0,7.58333333333333,3.0,4.0,2.0,2.0,R4012015,ROS10101291
20557128,ROS,0.0,18.0,1.0,2.0,34.0,82.466803559206028,,82.789869952087614,,29.0,12.9666666666667,5.0,2.0,1.0,1.0,R6112514,ROS20557128
6630618,MAP,1.0,16.0,1.0,2.0,,82.466803559206028,,,,29.0,,,,,1.0,R5571775,MAP6630618
14782198,MAP,1.0,16.0,1.0,2.0,,82.466803559206028,,,,29.0,,,,,1.0,R6538427,MAP14782198
11030909,ROS,1.0,20.0,1.0,2.0,34.0,82.464065708418886,79.471594798083501,83.323750855578368,14.0,0.0,3.0,5.0,1.0,4.0,4.0,R5972167,ROS11030909
10885370,ROS,1.0,23.0,1.0,2.0,34.0,82.453114305270361,,82.885694729637237,,28.0,6.08333333333333,1.0,3.0,1.0,1.0,R3160138,ROS10885370
49297367,MAP,1.0,20.0,1.0,2.0,33.0,82.453114305270361,,,,27.0,,,,,1.0,R3812600,MAP49297367
71651572,ROS,0.0,18.0,1.0,2.0,33.0,82.453114305270361,,,,29.0,,,,,1.0,R8606599,ROS71651572
21000504,ROS,0.0,20.0,1.0,2.0,33.0,82.450376454483234,,85.916495550992465,,30.0,6.25,3.0,3.0,1.0,1.0,R8860977,ROS21000504
10262879,MAP,0.0,13.0,1.0,2.0,,82.444900752908964,,,,29.0,,,,,1.0,R9787100,MAP10262879
20327084,ROS,0.0,15.0,1.0,2.0,33.0,82.414784394250518,,82.82546201232033,,25.0,3.5,4.0,4.0,1.0,1.0,R8955491,ROS20327084
20895027,ROS,0.0,14.0,1.0,2.0,34.0,82.406570841889121,,,,29.0,,,,,1.0,R5560518,ROS20895027
94828877,MAP,1.0,6.0,2.0,2.0,33.0,82.398357289527723,,82.770704996577692,,5.0,10.5,5.0,1.0,4.0,4.0,R5508487,MAP94828877
10524640,ROS,1.0,18.0,1.0,2.0,34.0,82.395619438740582,,83.540041067761805,,27.0,5.08333333333333,4.0,2.0,2.0,2.0,R4526434,ROS10524640
95845256,MAP,0.0,18.0,1.0,2.0,33.0,82.392881587953454,,,,30.0,,,,,1.0,R8040800,MAP95845256
21002524,ROS,0.0,18.0,1.0,2.0,33.0,82.387405886379199,82.387405886379199,84.440793976728273,25.0,25.0,10.5833333333333,1.0,4.0,4.0,4.0,R6346298,ROS21002524
20487369,ROS,0.0,18.0,1.0,2.0,23.0,82.381930184804929,,82.893908281998634,,29.0,4.0,4.0,2.0,2.0,2.0,R5356410,ROS20487369
52939119,MAP,1.0,19.0,1.0,2.0,33.0,82.370978781656405,,,,25.0,,,,,2.0,R2300018,MAP52939119
20983400,ROS,0.0,16.0,1.0,2.0,33.0,82.368240930869263,,82.934976043805619,,28.0,3.16666666666667,4.0,2.0,1.0,2.0,R9245150,ROS20983400
52764842,MAP,0.0,12.0,1.0,2.0,33.0,82.360027378507866,,82.529774127310063,,0.0,6.33333333333333,2.0,4.0,4.0,4.0,R8130934,MAP52764842
35527647,ROS,0.0,16.0,1.0,2.0,33.0,82.357289527720738,,,,29.0,,,,,1.0,R7807681,ROS35527647
56603444,ROS,0.0,25.0,1.0,2.0,23.0,82.357289527720738,,,,30.0,,,,,1.0,R1184043,ROS56603444
50400709,MAP,0.0,13.0,1.0,2.0,33.0,82.35455167693361,82.35455167693361,87.32648870636551,12.0,12.0,7.16666666666667,5.0,1.0,4.0,4.0,R8072902,MAP50400709
48331728,MAP,0.0,14.0,1.0,2.0,33.0,82.346338124572213,,82.71594798083504,,27.0,6.58333333333333,2.0,4.0,1.0,1.0,R6692433,MAP48331728
81274534,MAP,0.0,17.0,1.0,2.0,33.0,82.340862422997944,80.28747433264887,,26.0,20.0,,,,,4.0,R7280235,MAP81274534
482428,MAP,0.0,12.0,1.0,2.0,23.0,82.321697467488022,,83.690622861054067,,30.0,3.93333333333333,4.0,4.0,1.0,1.0,R3978789,MAP482428
73658187,MAP,0.0,10.0,2.0,2.0,33.0,82.305270362765228,,,,30.0,,,,,1.0,R5585364,MAP73658187
11630679,ROS,1.0,15.0,1.0,2.0,33.0,82.288843258042434,,,,21.0,,,,,2.0,R8513148,ROS11630679
10203224,ROS,1.0,12.0,1.0,2.0,33.0,82.277891854893909,,83.252566735112936,,30.0,7.25,0.0,2.0,1.0,1.0,R4531942,ROS10203224
9896826,MAP,0.0,13.0,2.0,2.0,33.0,82.277891854893909,,,,28.0,,,,,1.0,R3675141,MAP9896826
11466605,ROS,1.0,21.0,1.0,2.0,24.0,82.275154004106781,80.210814510609168,,25.0,23.0,,,,,4.0,R8940763,ROS11466605
50402017,MAP,0.0,12.0,1.0,2.0,33.0,82.272416153319639,,82.691307323750863,,25.0,6.58333333333333,4.0,2.0,2.0,2.0,R6132310,MAP50402017
37664443,ROS,0.0,16.0,7.0,2.0,,82.253251197809718,,,,17.0,,,,,4.0,R9802653,ROS37664443
11656273,ROS,1.0,12.0,1.0,2.0,33.0,82.25051334702259,,82.954140999315541,,25.0,5.75,5.0,1.0,1.0,1.0,R1229732,ROS11656273
13885104,MAP,0.0,16.0,1.0,2.0,34.0,82.25051334702259,,,,29.0,,,,,2.0,R1290282,MAP13885104
14958056,ROS,0.0,17.0,1.0,2.0,33.0,82.234086242299796,,,,28.0,,,,,1.0,R1376612,ROS14958056
32114650,MAP,0.0,18.0,2.0,2.0,34.0,82.234086242299796,,,,28.0,,,,,1.0,R5595042,MAP32114650
36997205,MAP,0.0,12.0,1.0,2.0,33.0,82.228610540725526,,82.915811088295683,,26.0,,,,2.0,2.0,R8261034,MAP36997205
71291394,MAP,0.0,11.0,1.0,2.0,34.0,82.228610540725526,,,,30.0,,,,,1.0,R3191751,MAP71291394
10665684,MAP,0.0,12.0,1.0,2.0,34.0,82.223134839151271,,,,29.0,,,,,1.0,R2984650,MAP10665684
37164236,ROS,0.0,20.0,1.0,2.0,33.0,82.220396988364129,,,,28.0,,,,,2.0,R9393404,ROS37164236
53792846,MAP,0.0,16.0,1.0,2.0,,82.212183436002732,,,,30.0,,,,,1.0,R9019183,MAP53792846
85479109,MAP,0.0,22.0,1.0,2.0,,82.212183436002732,,,,28.0,,,,,1.0,R7349526,MAP85479109
86923888,ROS,0.0,18.0,1.0,2.0,23.0,82.203969883641335,,,,30.0,,,,,1.0,R5755179,ROS86923888
46229419,MAP,1.0,13.0,1.0,1.0,33.0,82.190280629705683,,83.811088295687881,,27.0,,,,,1.0,R5977997,MAP46229419
20738353,ROS,0.0,16.0,1.0,2.0,33.0,82.190280629705683,,,,28.0,,,,,1.0,R3496357,ROS20738353
24951704,MAP,0.0,12.0,1.0,2.0,33.0,82.182067077344286,,,,29.0,,,,,1.0,R1540443,MAP24951704
59826313,MAP,1.0,16.0,1.0,2.0,,82.182067077344286,,,,28.0,,,,,2.0,R5258991,MAP59826313
50103967,MAP,1.0,16.0,1.0,2.0,33.0,82.173853524982889,,82.231348391512668,,30.0,12.5333333333333,2.0,4.0,2.0,2.0,R1435458,MAP50103967
40983260,MAP,0.0,14.0,2.0,2.0,33.0,82.173853524982889,,,,29.0,,,,,1.0,R6500121,MAP40983260
78300592,MAP,0.0,16.0,1.0,2.0,,82.173853524982889,,,,30.0,,,,,1.0,R9183217,MAP78300592
9790439,MAP,0.0,23.0,1.0,2.0,24.0,82.168377823408619,82.168377823408619,,21.0,21.0,,,,,4.0,R1523639,MAP9790439
46808242,MAP,1.0,19.0,1.0,2.0,33.0,82.162902121834364,,,,28.0,,,,,1.0,R1905819,MAP46808242
68030544,MAP,0.0,15.0,1.0,2.0,,82.160164271047222,,,,26.0,,,,,1.0,R1255185,MAP68030544
55931125,ROS,0.0,30.0,1.0,2.0,23.0,82.157426420260094,,,,29.0,,,,,1.0,R4910790,ROS55931125
21119086,ROS,0.0,20.0,1.0,2.0,23.0,82.151950718685825,,,,29.0,,,,,1.0,R7403867,ROS21119086
94205114,MAP,0.0,12.0,1.0,2.0,33.0,82.149212867898697,,82.433949349760439,,28.0,,,,1.0,1.0,R7188570,MAP94205114
18301541,MAP,0.0,12.0,1.0,2.0,23.0,82.14647501711157,,,,29.0,,,,,1.0,R1004922,MAP18301541
20904347,ROS,0.0,18.0,1.0,2.0,34.0,82.1409993155373,,82.891170431211492,,24.0,5.0,4.0,1.0,4.0,4.0,R3170141,ROS20904347
33027,MAP,0.0,14.0,1.0,2.0,33.0,82.135523613963045,,,,29.0,,,,,1.0,R9330894,MAP33027
93609902,ROS,0.0,18.0,6.0,1.0,,82.130047912388775,,,,29.0,,,,,2.0,R4222082,ROS93609902
34383507,ROS,0.0,16.0,1.0,2.0,33.0,82.127310061601648,,,,30.0,,,,,1.0,R5697587,ROS34383507
78916544,MAP,0.0,15.0,1.0,2.0,23.0,82.121834360027378,,,,26.0,,,,,1.0,R6385206,MAP78916544
24250430,ROS,1.0,21.0,1.0,2.0,34.0,82.119096509240251,,,,28.0,,,,,1.0,R8459247,ROS24250430
33943805,MAP,1.0,25.0,2.0,2.0,,82.097193702943187,,,,25.0,,,,,2.0,R4352603,MAP33943805
44982723,MAP,0.0,20.0,1.0,2.0,,82.083504449007535,,,,28.0,,,,,1.0,R7015925,MAP44982723
20046260,MAP,0.0,13.0,2.0,2.0,33.0,82.061601642710471,,,,26.0,,,,,1.0,R8420357,MAP20046260
68815227,MAP,0.0,16.0,1.0,2.0,,82.061601642710471,,,,29.0,,,,,1.0,R7967346,MAP68815227
88799920,MAP,0.0,14.0,1.0,2.0,34.0,82.061601642710471,,,,28.0,,,,,2.0,R2653596,MAP88799920
20907534,MAP,0.0,12.0,1.0,2.0,34.0,82.047912388774819,82.047912388774819,82.403832991101979,22.0,22.0,6.5,5.0,1.0,4.0,4.0,R4854051,MAP20907534
20695263,ROS,0.0,13.0,1.0,2.0,33.0,82.042436687200549,,,,26.0,,,,,2.0,R8864888,ROS20695263
10430919,ROS,1.0,16.0,1.0,2.0,44.0,82.03696098562628,,82.655715263518132,,8.27586206896552,,,,4.0,4.0,R9959973,ROS10430919
21232118,ROS,0.0,16.0,1.0,2.0,34.0,82.031485284052025,,82.1409993155373,,21.0,5.25,4.0,4.0,4.0,4.0,R7546158,ROS21232118
21159840,ROS,0.0,16.0,1.0,2.0,44.0,82.020533880903486,,82.710472279260784,,16.0,2.16666666666667,5.0,1.0,4.0,4.0,R7770387,ROS21159840
5375330,MAP,0.0,12.0,1.0,2.0,33.0,82.017796030116358,,,,27.6,,,,,2.0,R4791184,MAP5375330
90133029,MAP,0.0,18.0,1.0,2.0,34.0,82.004106776180691,,,,30.0,,,,,1.0,R7268031,MAP90133029
82520217,MAP,0.0,15.0,1.0,2.0,33.0,81.998631074606436,,,,16.0,,,,,2.0,R8001012,MAP82520217
96095092,MAP,0.0,12.0,1.0,2.0,23.0,81.993155373032167,,82.409308692676248,,29.0,5.93333333333333,1.0,4.0,1.0,1.0,R3824126,MAP96095092
21401399,ROS,0.0,23.0,1.0,2.0,34.0,81.987679671457911,,82.422997946611915,,26.0,3.83333333333333,3.0,1.0,1.0,1.0,R5280213,ROS21401399
95330358,MAP,0.0,12.0,1.0,2.0,33.0,81.98494182067077,,83.362080766598226,,30.0,7.91666666666667,3.0,4.0,1.0,1.0,R5130901,MAP95330358
21073,ROS,0.0,22.0,1.0,2.0,34.0,81.976728268309373,,83.60848733744011,,16.0,8.01666666666667,6.0,1.0,4.0,4.0,R2765939,ROS21073
51157141,ROS,1.0,22.0,1.0,2.0,33.0,81.968514715947975,,,,27.0,,,,,1.0,R1840104,ROS51157141
21101658,ROS,0.0,25.0,1.0,2.0,33.0,81.954825462012323,,83.290896646132779,,30.0,5.58333333333333,2.0,2.0,1.0,1.0,R2645096,ROS21101658
62780871,ROS,1.0,13.0,1.0,2.0,33.0,81.952087611225181,,,,28.0,,,,,2.0,R7440702,ROS62780871
45832530,ROS,0.0,22.0,1.0,2.0,34.0,81.946611909650926,,,,27.0,,,,,1.0,R8737699,ROS45832530
37866777,ROS,0.0,20.0,1.0,2.0,23.0,81.943874058863798,,,,30.0,,,,,1.0,R2079734,ROS37866777
9841821,MAP,1.0,16.0,1.0,2.0,34.0,81.941136208076657,,82.855578370978776,,0.0,4.3,6.0,1.0,4.0,4.0,R7583108,MAP9841821
50403158,MAP,0.0,14.0,1.0,2.0,33.0,81.935660506502401,,87.515400410677614,,29.0,,,,1.0,1.0,R8881812,MAP50403158
94852511,MAP,0.0,16.0,1.0,2.0,33.0,81.935660506502401,,82.209445585215605,,24.0,6.5,4.0,3.0,3.0,2.0,R5260417,MAP94852511
38512942,ROS,0.0,18.0,1.0,2.0,,81.932922655715259,,,,29.0,,,,,1.0,R5446659,ROS38512942
21104269,ROS,0.0,20.0,1.0,2.0,33.0,81.930184804928132,,82.422997946611915,,27.0,,,,2.0,2.0,R7964134,ROS21104269
9110853,ROS,0.0,19.0,1.0,2.0,23.0,81.927446954141004,,,,30.0,,,,,1.0,R2527111,ROS9110853
11389397,ROS,1.0,21.0,1.0,2.0,33.0,81.924709103353862,,82.433949349760439,,28.0,6.0,3.0,4.0,1.0,1.0,R2393217,ROS11389397
20660226,ROS,0.0,16.0,1.0,2.0,23.0,81.913757700205338,81.01300479123887,82.636550308008211,22.0,23.0,6.0,4.0,2.0,5.0,5.0,R7099690,ROS20660226
71560290,MAP,1.0,19.0,1.0,2.0,33.0,81.91101984941821,,,,30.0,,,,,2.0,R3089198,MAP71560290
74174632,MAP,0.0,12.0,1.0,2.0,33.0,81.91101984941821,,,,29.0,,,,,1.0,R4720634,MAP74174632
49428128,MAP,1.0,16.0,1.0,2.0,34.0,81.908281998631068,,,,28.0,,,,,1.0,R7433236,MAP49428128
85266386,MAP,0.0,12.0,1.0,2.0,33.0,81.908281998631068,,,,26.0,,,,,1.0,R7809314,MAP85266386
8072948,MAP,0.0,14.0,1.0,2.0,,81.902806297056813,80.665297741273108,,,18.0,,,,,4.0,R3737759,MAP8072948
20535564,ROS,0.0,18.0,1.0,2.0,34.0,81.900068446269685,72.804928131416844,82.699520876112246,26.0,0.0,6.75,5.0,1.0,4.0,4.0,R9255163,ROS20535564
20178447,ROS,0.0,18.0,1.0,2.0,34.0,81.891854893908288,,82.384668035592057,,28.0,13.9166666666667,4.0,4.0,2.0,2.0,R1133844,ROS20178447
50226251,MAP,0.0,14.0,1.0,2.0,33.0,81.872689938398352,81.872689938398352,,19.0,19.0,,,,,4.0,R9846946,MAP50226251
20662822,ROS,0.0,16.0,1.0,2.0,34.0,81.867214236824097,79.89048596851471,86.866529774127315,22.0,16.0,,,,4.0,4.0,R2536425,ROS20662822
43561786,ROS,0.0,19.0,1.0,2.0,,81.864476386036955,,,,28.0,,,,,1.0,R6582058,ROS43561786
16117843,ROS,0.0,16.0,1.0,2.0,34.0,81.848049281314175,,,,28.0,,,,,1.0,R9675547,ROS16117843
74284255,MAP,1.0,19.0,1.0,2.0,34.0,81.839835728952778,,82.026009582477755,,0.0,7.33333333333333,5.0,1.0,4.0,4.0,R3381702,MAP74284255
20794261,ROS,0.0,18.0,1.0,2.0,33.0,81.837097878165636,73.757700205338807,82.373716632443532,27.0,0.0,17.0,6.0,1.0,4.0,4.0,R3005978,ROS20794261
64579582,MAP,0.0,16.0,1.0,2.0,,81.837097878165636,,,,29.0,,,,,2.0,R2733382,MAP64579582
20884826,ROS,0.0,18.0,1.0,1.0,33.0,81.826146475017111,,,,29.0,,,,,2.0,R5302669,ROS20884826
11203968,ROS,0.0,24.0,1.0,2.0,,81.80698151950719,,,,30.0,,,,,1.0,R1985233,ROS11203968
33659310,MAP,1.0,16.0,1.0,2.0,33.0,81.804243668720048,,,,26.0,,,,,2.0,R1281863,MAP33659310
35850143,MAP,0.0,16.0,1.0,2.0,,81.804243668720048,,,,30.0,,,,,1.0,R4778176,MAP35850143
38881712,MAP,0.0,14.0,2.0,2.0,44.0,81.785078713210126,73.560574948665291,,25.0,18.0,,,,,4.0,R3613785,MAP38881712
57737709,ROS,0.0,16.0,1.0,2.0,34.0,81.785078713210126,,,,25.0,,,,,1.0,R3327508,ROS57737709
50502156,MAP,0.0,14.0,1.0,2.0,,81.768651608487332,,84.073921971252574,,26.0,,,,3.0,2.0,R7105279,MAP50502156
20106383,ROS,0.0,18.0,1.0,2.0,44.0,81.768651608487332,,82.464065708418886,,0.0,2.6,5.0,1.0,4.0,4.0,R3629227,ROS20106383
53682197,MAP,0.0,12.0,1.0,2.0,33.0,81.765913757700204,,82.291581108829575,,30.0,6.41666666666667,3.0,4.0,1.0,1.0,R2641525,MAP53682197
94353607,MAP,0.0,19.0,1.0,2.0,,81.754962354551679,,,,29.0,,,,,1.0,R9087976,MAP94353607
55222423,ROS,0.0,19.0,1.0,2.0,33.0,81.746748802190282,,,,29.0,,,,,2.0,R3032680,ROS55222423
36768752,MAP,1.0,12.0,1.0,2.0,,81.744010951403155,,,,27.0,,,,,2.0,R2772405,MAP36768752
21986205,MAP,0.0,17.0,1.0,2.0,33.0,81.735797399041758,,,,30.0,,,,,1.0,R5993997,MAP21986205
20998065,ROS,0.0,20.0,1.0,2.0,33.0,81.727583846680361,,81.8590006844627,,28.0,8.5,1.0,4.0,1.0,1.0,R7698313,ROS20998065
59618707,MAP,1.0,16.0,1.0,2.0,33.0,81.722108145106091,,82.543463381245715,,29.0,7.1,3.0,4.0,1.0,1.0,R2626224,MAP59618707
74343949,MAP,0.0,12.0,1.0,2.0,,81.713894592744694,,,,29.0,,,,,1.0,R4549002,MAP74343949
70939627,MAP,0.0,14.0,2.0,2.0,34.0,81.711156741957566,,84.10951403148529,,27.0,,,,1.0,1.0,R1448788,MAP70939627
13026999,MAP,0.0,16.0,1.0,2.0,33.0,81.67556468172485,,82.176591375770016,,26.0,,,,3.0,2.0,R6755740,MAP13026999
27815387,ROS,0.0,18.0,1.0,2.0,,81.67556468172485,,,,30.0,,,,,1.0,R2412346,ROS27815387
15831042,ROS,1.0,20.0,1.0,2.0,34.0,81.670088980150581,,82.031485284052025,,30.0,,,,2.0,2.0,R1979571,ROS15831042
99750664,MAP,0.0,13.0,1.0,2.0,34.0,81.664613278576311,,,,28.0,,,,,1.0,R1246651,MAP99750664
94937061,MAP,0.0,16.0,1.0,2.0,33.0,81.656399726214914,,,,29.0,,,,,1.0,R1042671,MAP94937061
65214844,MAP,0.0,14.0,1.0,2.0,33.0,81.650924024640659,,86.32443531827515,,23.5714285714286,16.75,2.0,2.0,5.0,6.0,R7418040,MAP65214844
10298957,ROS,1.0,24.0,1.0,2.0,33.0,81.648186173853531,81.648186173853531,82.370978781656405,10.0,10.0,3.93333333333333,3.0,2.0,4.0,4.0,R9679238,ROS10298957
42450388,MAP,0.0,17.0,1.0,2.0,44.0,81.642710472279262,81.642710472279262,,25.0,25.0,,,,,4.0,R2729688,MAP42450388
30751221,ROS,0.0,18.0,1.0,2.0,33.0,81.626283367556468,,,,29.0,,,,,1.0,R1168043,ROS30751221
37178462,MAP,1.0,16.0,1.0,2.0,33.0,81.618069815195071,,82.691307323750863,,28.0,7.26666666666667,2.0,4.0,1.0,1.0,R9419876,MAP37178462
20365116,ROS,0.0,18.0,1.0,2.0,24.0,81.618069815195071,,82.464065708418886,,30.0,4.0,1.0,4.0,2.0,2.0,R6691514,ROS20365116
15218541,MAP,1.0,16.0,1.0,2.0,34.0,81.618069815195071,,81.938398357289529,,28.0,8.83333333333333,4.0,2.0,1.0,1.0,R1980623,MAP15218541
21187074,ROS,0.0,22.0,1.0,2.0,33.0,81.598904859685149,,82.461327857631758,,30.0,3.58333333333333,4.0,1.0,2.0,2.0,R6589731,ROS21187074
20764143,ROS,0.0,20.0,1.0,2.0,,81.590691307323752,,,,30.0,,,,,1.0,R7406419,ROS20764143
25837301,MAP,1.0,16.0,1.0,2.0,33.0,81.579739904175227,,82.190280629705683,,28.0,9.75,4.0,1.0,2.0,2.0,R5004746,MAP25837301
18228723,ROS,0.0,24.0,1.0,2.0,,81.579739904175227,,,,29.0,,,,,4.0,R2940927,ROS18228723
83164399,MAP,0.0,12.0,1.0,2.0,33.0,81.577002053388085,73.585215605749482,82.833675564681727,11.0,7.0,8.5,4.0,4.0,5.0,5.0,R7210264,MAP83164399
36642271,MAP,0.0,8.0,2.0,2.0,,81.566050650239561,,,,25.0,,,,,4.0,R6107666,MAP36642271
75051118,ROS,0.0,21.0,1.0,2.0,33.0,81.563312799452433,,,,30.0,,,,,1.0,R5143671,ROS75051118
20236838,ROS,0.0,21.0,1.0,2.0,33.0,81.557837097878163,,82.143737166324442,,27.0,7.96666666666667,3.0,2.0,1.0,1.0,R3844037,ROS20236838
66208918,MAP,0.0,16.0,1.0,2.0,,81.552361396303908,,,,30.0,,,,,1.0,R7298840,MAP66208918
50302266,MAP,1.0,15.0,1.0,2.0,33.0,81.541409993155369,,81.618069815195071,,30.0,7.16666666666667,2.0,4.0,1.0,1.0,R5162558,MAP50302266
20953832,ROS,0.0,12.0,1.0,2.0,23.0,81.535934291581114,81.535934291581114,81.776865160848729,20.0,20.0,5.33333333333333,2.0,3.0,4.0,4.0,R3883605,ROS20953832
18219966,MAP,1.0,14.0,1.0,2.0,33.0,81.533196440793972,,82.48596851471595,,29.0,5.35,3.0,3.0,1.0,1.0,R1901673,MAP18219966
46706471,ROS,0.0,22.0,1.0,2.0,33.0,81.524982888432575,,,,24.0,,,,,2.0,R2592687,ROS46706471
11198390,ROS,1.0,22.0,1.0,2.0,33.0,81.51403148528405,,82.080766598220393,,30.0,3.0,3.0,2.0,1.0,1.0,R5073123,ROS11198390
87179008,MAP,1.0,4.0,1.0,1.0,33.0,81.508555783709781,,,,26.0,,,,,1.0,R5095092,MAP87179008
67946467,MAP,0.0,18.0,1.0,2.0,34.0,81.503080082135526,,83.044490075290895,,30.0,11.2666666666667,3.0,1.0,1.0,1.0,R9460415,MAP67946467
20917568,ROS,0.0,18.0,2.0,2.0,33.0,81.503080082135526,79.488021902806295,82.266940451745384,25.0,22.0,4.71666666666667,4.0,2.0,5.0,5.0,R2310801,ROS20917568
12338076,MAP,0.0,16.0,1.0,2.0,,81.497604380561256,,,,30.0,,,,,2.0,R7139224,MAP12338076
1878130,MAP,0.0,13.0,1.0,2.0,33.0,81.494866529774129,,,,27.0,,,,,1.0,R4740430,MAP1878130
12317427,MAP,0.0,19.0,1.0,2.0,34.0,81.492128678987001,,,,29.0,,,,,1.0,R7844411,MAP12317427
55314846,MAP,0.0,12.0,2.0,2.0,34.0,81.475701574264207,,,,29.0,,,,,1.0,R5210242,MAP55314846
10405008,ROS,1.0,24.0,1.0,2.0,33.0,81.448323066392888,81.448323066392888,81.642710472279262,11.0,11.0,4.33333333333333,3.0,2.0,6.0,4.0,R2667630,ROS10405008
74260969,MAP,1.0,20.0,1.0,2.0,,81.445585215605746,,,,30.0,,,,,2.0,R8149913,MAP74260969
50101947,MAP,0.0,12.0,1.0,2.0,33.0,81.442847364818618,,82.444900752908964,,26.0,4.5,3.0,1.0,2.0,2.0,R5589055,MAP50101947
88038410,MAP,0.0,18.0,1.0,2.0,23.0,81.431895961670094,74.466803559206028,,25.0,12.0,,,,,4.0,R9857763,MAP88038410
10202345,ROS,1.0,18.0,1.0,2.0,34.0,81.426420260095824,,81.579739904175227,,30.0,6.75,4.0,1.0,1.0,1.0,R3741788,ROS10202345
62813801,ROS,0.0,18.0,1.0,2.0,,81.420944558521555,,,,29.0,,,,,1.0,R3732369,ROS62813801
10216869,ROS,1.0,23.0,1.0,2.0,33.0,81.399041752224505,81.399041752224505,82.012320328542089,24.0,24.0,16.9166666666667,4.0,4.0,4.0,4.0,R6367248,ROS10216869
44885033,ROS,0.0,21.0,1.0,2.0,,81.396303901437378,,,,28.0,,,,,1.0,R1582443,ROS44885033
57293950,MAP,0.0,16.0,1.0,2.0,34.0,81.388090349075981,,,,28.0,,,,,1.0,R5736307,MAP57293950
50502020,MAP,0.0,14.0,1.0,2.0,23.0,81.382614647501711,,90+,,30.0,,,,1.0,1.0,R9595311,MAP50502020
52794258,ROS,1.0,21.0,1.0,2.0,,81.382614647501711,,,,28.0,,,,,2.0,R3184845,ROS52794258
92023910,MAP,0.0,12.0,1.0,2.0,33.0,81.379876796714584,81.379876796714584,82.242299794661193,9.64285714285714,9.64285714285714,5.0,3.0,2.0,4.0,4.0,R2711188,MAP92023910
99740180,MAP,1.0,18.0,1.0,2.0,,81.371663244353186,,,,26.0,,,,,2.0,R6794423,MAP99740180
28127842,MAP,0.0,12.0,1.0,2.0,44.0,81.368925393566045,,81.650924024640659,,3.0,6.0,5.0,2.0,4.0,4.0,R3707055,MAP28127842
29540773,MAP,0.0,12.0,1.0,2.0,33.0,81.366187542778917,,,,28.0,,,,,1.0,R8808406,MAP29540773
17255334,MAP,1.0,16.0,1.0,2.0,23.0,81.355236139630392,,,,30.0,,,,,1.0,R4542769,MAP17255334
92454247,MAP,0.0,9.0,1.0,1.0,33.0,81.344284736481868,,,,25.0,,,,,1.0,R6369311,MAP92454247
20779834,ROS,0.0,16.0,1.0,2.0,34.0,81.338809034907598,,82.034223134839152,,30.0,7.95,2.0,1.0,1.0,1.0,R9393519,ROS20779834
20153010,ROS,0.0,16.0,1.0,2.0,44.0,81.330595482546201,77.281314168377818,82.275154004106781,28.0,25.0,11.4166666666667,5.0,1.0,4.0,4.0,R3661447,ROS20153010
31924898,ROS,1.0,16.0,1.0,2.0,33.0,81.319644079397676,,,,26.0,,,,,2.0,R8082800,ROS31924898
10460299,ROS,1.0,18.0,1.0,2.0,33.0,81.297741273100613,,82.069815195071868,,29.0,4.25,3.0,3.0,2.0,2.0,R5243263,ROS10460299
88837803,MAP,1.0,18.0,1.0,2.0,33.0,81.297741273100613,,,,29.0,,,,,1.0,R9233529,MAP88837803
15780948,ROS,1.0,20.0,1.0,2.0,33.0,81.295003422313485,,81.809719370294317,,26.0,,,,2.0,2.0,R6347002,ROS15780948
50108174,MAP,0.0,18.0,1.0,2.0,44.0,81.289527720739216,,82.255989048596845,,30.0,11.5,3.0,1.0,1.0,1.0,R5879363,MAP50108174
21188403,ROS,0.0,21.0,1.0,2.0,33.0,81.286789869952088,,90+,,28.0,19.1666666666667,4.0,4.0,1.0,1.0,R9174458,ROS21188403
88869941,MAP,1.0,19.0,1.0,2.0,23.0,81.286789869952088,,,,28.0,,,,,1.0,R1763075,MAP88869941
20254740,ROS,0.0,21.0,1.0,2.0,33.0,81.262149212867897,,81.67556468172485,,23.0,20.8333333333333,3.0,4.0,3.0,3.0,R1067972,ROS20254740
11229148,ROS,1.0,15.0,1.0,2.0,34.0,81.262149212867897,,81.286789869952088,,1.0,4.16666666666667,4.0,2.0,5.0,5.0,R7910618,ROS11229148
27054288,MAP,0.0,17.0,1.0,2.0,33.0,81.2539356605065,,,,26.0,,,,,1.0,R4014633,MAP27054288
46396243,ROS,0.0,20.0,1.0,2.0,33.0,81.237508555783705,81.237508555783705,,25.0,25.0,,,,,4.0,R7978498,ROS46396243
13282409,MAP,0.0,12.0,1.0,2.0,34.0,81.223819301848053,,,,29.0,,,,,1.0,R5269043,MAP13282409
76647134,ROS,0.0,20.0,1.0,2.0,,81.212867898699514,,81.46748802190281,,0.0,3.25,5.0,1.0,4.0,4.0,R2830542,ROS76647134
20968235,ROS,0.0,16.0,1.0,2.0,33.0,81.212867898699514,,,,30.0,,,,,1.0,R5613367,ROS20968235
20963578,ROS,0.0,16.0,1.0,2.0,34.0,81.204654346338131,,81.91101984941821,,28.0,3.91666666666667,4.0,4.0,1.0,1.0,R6911631,ROS20963578
25031105,ROS,0.0,21.0,1.0,2.0,33.0,81.201916495550989,,,,30.0,,,,,1.0,R3531606,ROS25031105
88777780,ROS,0.0,20.0,1.0,2.0,33.0,81.201916495550989,,,,30.0,,,,,1.0,R8129777,ROS88777780
42297641,MAP,0.0,17.0,1.0,2.0,44.0,81.196440793976734,81.196440793976734,,25.0,25.0,,,,,4.0,R5295161,MAP42297641
22204880,ROS,0.0,18.0,2.0,2.0,33.0,81.193702943189592,71.017111567419576,,26.0,28.0,,,,,2.0,R9621461,ROS22204880
69169016,ROS,0.0,20.0,1.0,2.0,,81.177275838466798,,,,30.0,,,,,1.0,R6958681,ROS69169016
55598394,MAP,0.0,14.0,1.0,2.0,34.0,81.169062286105401,,,,27.0,,,,,1.0,R4593073,MAP55598394
10235948,ROS,1.0,18.0,1.0,2.0,34.0,81.163586584531146,,81.538672142368242,,0.0,11.65,5.0,1.0,4.0,4.0,R1628831,ROS10235948
72026185,MAP,0.0,13.0,1.0,2.0,33.0,81.160848733744004,,,,30.0,,,,,1.0,R6954665,MAP72026185
60747316,MAP,0.0,20.0,1.0,2.0,34.0,81.144421629021224,,83.575633127994521,,18.0,13.2,3.0,1.0,4.0,4.0,R6557859,MAP60747316
10290265,ROS,1.0,18.0,1.0,2.0,33.0,81.138945927446954,,86.403832991101979,,29.0,20.4833333333333,5.0,1.0,1.0,1.0,R4146432,ROS10290265
37470097,MAP,0.0,13.0,1.0,2.0,33.0,81.12251882272416,,90+,,28.0,6.58333333333333,5.0,1.0,1.0,1.0,R8674502,MAP37470097
68539908,MAP,1.0,16.0,1.0,2.0,33.0,81.117043121149891,,81.314168377823407,,29.0,9.58333333333333,2.0,4.0,1.0,1.0,R9677385,MAP68539908
28388569,MAP,0.0,6.0,1.0,1.0,33.0,81.111567419575636,,83.277207392197127,,27.0,,,,1.0,1.0,R6759766,MAP28388569
51225692,MAP,0.0,18.0,1.0,2.0,,81.106091718001366,,,,28.0,,,,,2.0,R7498684,MAP51225692
78527541,ROS,0.0,18.0,1.0,2.0,,81.100616016427111,,,,30.0,,,,,1.0,R8769026,ROS78527541
22203901,ROS,0.0,20.0,2.0,2.0,33.0,81.095140314852841,,,,30.0,,,,,1.0,R2370649,ROS22203901
71755101,MAP,0.0,15.0,1.0,2.0,33.0,81.086926762491444,,,,28.0,,,,,1.0,R5093149,MAP71755101
11486113,MAP,0.0,16.0,1.0,2.0,33.0,81.078713210130047,,,,28.0,,,,,1.0,R9053696,MAP11486113
20939834,ROS,0.0,18.0,1.0,2.0,33.0,81.065023956194381,,81.119780971937033,,30.0,7.55,3.0,1.0,1.0,1.0,R5689312,ROS20939834
14575759,MAP,0.0,17.0,1.0,2.0,33.0,81.054072553045856,,,,25.0,,,,,1.0,R3779084,MAP14575759
21001807,ROS,0.0,18.0,1.0,2.0,33.0,81.051334702258728,,81.815195071868587,,26.0,5.33333333333333,4.0,2.0,1.0,1.0,R4182458,ROS21001807
21172257,ROS,0.0,20.0,1.0,2.0,33.0,81.029431895961665,,,,29.0,,,,,1.0,R6666975,ROS21172257
45450112,MAP,0.0,12.0,1.0,2.0,33.0,81.021218343600268,,81.281314168377818,,23.7931034482759,5.31666666666667,3.0,4.0,1.0,6.0,R1792525,MAP45450112
52786794,ROS,0.0,18.0,1.0,2.0,33.0,81.01300479123887,,,,27.0,,,,,1.0,R2102347,ROS52786794
76731441,MAP,0.0,25.0,3.0,1.0,33.0,81.01300479123887,,,,29.0,,,,,1.0,R6877316,MAP76731441
17863982,MAP,0.0,18.0,1.0,2.0,,81.007529089664615,,,,29.0,,,,,1.0,R4300470,MAP17863982
70760860,ROS,1.0,18.0,1.0,2.0,23.0,81.004791238877488,,81.741273100616013,,28.0,,,,,1.0,R4857598,ROS70760860
58051920,MAP,0.0,20.0,1.0,2.0,33.0,80.991101984941821,,,,30.0,,,,,1.0,R4625652,MAP58051920
97478169,MAP,0.0,18.0,1.0,2.0,33.0,80.969199178644757,,,,30.0,,,,,1.0,R8506892,MAP97478169
3060782,MAP,0.0,18.0,1.0,2.0,33.0,80.955509924709105,,,,30.0,,,,,1.0,R6265478,MAP3060782
96314498,MAP,0.0,16.0,1.0,2.0,33.0,80.941820670773438,,,,28.0,,,,,1.0,R3056177,MAP96314498
82935788,MAP,0.0,16.0,1.0,2.0,,80.933607118412041,,,,28.0,,,,,1.0,R3949239,MAP82935788
29026694,MAP,0.0,16.0,2.0,2.0,33.0,80.930869267624914,,,,29.0,,,,,1.0,R4763448,MAP29026694
29462612,MAP,0.0,12.0,1.0,2.0,33.0,80.930869267624914,,,,30.0,,,,,1.0,R6766012,MAP29462612
66451045,MAP,0.0,14.0,1.0,1.0,24.0,80.906228610540722,,,,29.0,,,,,1.0,R8412417,MAP66451045
40071481,MAP,0.0,13.0,1.0,2.0,33.0,80.900752908966467,,87.08555783709788,,28.0,7.31666666666667,3.0,4.0,1.0,1.0,R1593820,MAP40071481
17827744,MAP,0.0,12.0,1.0,2.0,44.0,80.900752908966467,,,,26.0,,,,,2.0,R2752609,MAP17827744
42543978,MAP,1.0,18.0,1.0,2.0,33.0,80.898015058179325,,82.08898015058179,,27.0,6.5,4.0,1.0,1.0,1.0,R2573360,MAP42543978
20153272,ROS,0.0,20.0,1.0,2.0,33.0,80.881587953456531,,,,27.0,,,,,2.0,R3933917,ROS20153272
67872082,MAP,0.0,16.0,1.0,2.0,33.0,80.856947296372354,,81.711156741957566,,29.0,,,,1.0,1.0,R4083125,MAP67872082
20170179,ROS,0.0,24.0,1.0,2.0,33.0,80.854209445585212,76.848733744010957,90+,18.0,16.0,18.75,3.0,3.0,5.0,5.0,R9543528,ROS20170179
10208143,ROS,1.0,18.0,1.0,2.0,33.0,80.843258042436688,,81.095140314852841,,27.0,9.96666666666667,1.0,4.0,3.0,2.0,R9400562,ROS10208143
20959766,ROS,0.0,18.0,1.0,2.0,33.0,80.818617385352496,79.819301848049278,82.899383983572889,24.0,27.0,,,,3.0,3.0,R8216039,ROS20959766
29504823,MAP,0.0,22.0,1.0,2.0,33.0,80.815879534565369,,,,30.0,,,,,1.0,R7316490,MAP29504823
99982430,MAP,0.0,12.0,2.0,2.0,23.0,80.804928131416844,,,,30.0,,,,,1.0,R5304847,MAP99982430
91583467,MAP,0.0,12.0,1.0,2.0,24.0,80.769336071184114,80.769336071184114,82.904859685147159,24.0,24.0,,,,4.0,4.0,R2993304,MAP91583467
56800561,MAP,1.0,16.0,1.0,2.0,33.0,80.761122518822731,,,,30.0,,,,,2.0,R9567895,MAP56800561
86880662,MAP,0.0,16.0,1.0,2.0,23.0,80.755646817248461,,,,30.0,,,,,1.0,R6105593,MAP86880662
60512515,MAP,0.0,20.0,1.0,2.0,,80.747433264887064,,,,30.0,,,,,1.0,R7921320,MAP60512515
83004438,MAP,0.0,14.0,1.0,2.0,,80.741957563312795,,,,29.0,,,,,1.0,R1811434,MAP83004438
21001933,ROS,0.0,16.0,1.0,2.0,33.0,80.739219712525667,,80.854209445585212,,27.0,4.83333333333333,2.0,3.0,1.0,1.0,R3485645,ROS21001933
70625336,MAP,0.0,11.0,1.0,2.0,34.0,80.73648186173854,,81.497604380561256,,28.0,3.65,2.0,4.0,1.0,1.0,R3067449,MAP70625336
8323356,MAP,1.0,13.0,7.0,2.0,33.0,80.73100616016427,,82.828199863107457,,20.0,,,,2.0,1.0,R8880553,MAP8323356
20165190,ROS,0.0,20.0,1.0,2.0,33.0,80.73100616016427,,81.497604380561256,,27.0,13.0,4.0,3.0,2.0,2.0,R7123237,ROS20165190
83112293,MAP,0.0,14.0,1.0,2.0,34.0,80.722792607802873,,,,28.0,,,,,1.0,R3978909,MAP83112293
9892462,MAP,0.0,16.0,1.0,2.0,34.0,80.706365503080079,80.128678986995212,,,23.0,,,,,4.0,R3940378,MAP9892462
46816382,ROS,0.0,22.0,1.0,2.0,,80.706365503080079,,,,26.0,,,,,2.0,R2553344,ROS46816382
99746564,MAP,0.0,12.0,1.0,2.0,34.0,80.695414099931554,,81.327857631759073,,29.0,12.75,2.0,2.0,1.0,1.0,R4745715,MAP99746564
15196262,ROS,1.0,22.0,1.0,2.0,33.0,80.689938398357285,,81.163586584531146,,28.0,12.4333333333333,1.0,4.0,1.0,1.0,R1152381,ROS15196262
35521263,MAP,1.0,3.0,1.0,1.0,,80.687200547570157,,81.149897330595479,,26.0,,,,1.0,1.0,R4694364,MAP35521263
10100286,ROS,1.0,13.0,1.0,2.0,34.0,80.687200547570157,80.687200547570157,,19.0,19.0,,,,,4.0,R8947111,ROS10100286
62775766,ROS,0.0,19.0,1.0,2.0,33.0,80.676249144421632,,,,28.0,,,,,1.0,R7598276,ROS62775766
51129205,MAP,0.0,21.0,1.0,2.0,33.0,80.67351129363449,,,,29.0,,,,,1.0,R6838073,MAP51129205
83827117,ROS,0.0,17.0,1.0,2.0,33.0,80.67351129363449,,,,29.0,,,,,1.0,R9317771,ROS83827117
57978756,MAP,0.0,12.0,1.0,2.0,33.0,80.668035592060235,,81.215605749486656,,27.0,5.75,2.0,4.0,1.0,1.0,R1743384,MAP57978756
25208104,MAP,0.0,14.0,1.0,2.0,,80.659822039698838,,,,29.0,,,,,1.0,R6419623,MAP25208104
3211213,ROS,0.0,16.0,1.0,2.0,33.0,80.65708418891171,,,,28.0,,,,,1.0,R5646388,ROS3211213
20912225,ROS,0.0,18.0,1.0,2.0,33.0,80.651608487337441,,,,28.0,,,,,1.0,R3958658,ROS20912225
50409370,MAP,0.0,16.0,1.0,2.0,34.0,80.643394934976044,,80.925393566050644,,26.0,5.66666666666667,4.0,1.0,2.0,2.0,R7767837,MAP50409370
21114031,ROS,0.0,16.0,1.0,2.0,44.0,80.607802874743328,,81.034907597535934,,20.0,8.0,4.0,1.0,2.0,2.0,R5469992,ROS21114031
10479920,ROS,1.0,21.0,1.0,2.0,34.0,80.580424366872009,77.667351129363453,80.821355236139624,21.0,18.6206896551724,4.0,3.0,2.0,5.0,5.0,R8996027,ROS10479920
20152393,ROS,0.0,18.0,1.0,2.0,33.0,80.577686516084867,77.508555783709781,80.906228610540722,26.0,23.0,1.75,5.0,1.0,4.0,4.0,R9817161,ROS20152393
77970662,MAP,0.0,18.0,1.0,2.0,33.0,80.572210814510612,,81.28405201916496,,29.0,11.4166666666667,0.0,4.0,2.0,2.0,R2541268,MAP77970662
92039030,MAP,0.0,13.0,1.0,2.0,33.0,80.572210814510612,,,,28.0,,,,,1.0,R8090740,MAP92039030
39809520,MAP,0.0,11.0,1.0,1.0,23.0,80.566735112936342,,,,23.0,,,,,2.0,R5999971,MAP39809520
21293107,ROS,0.0,21.0,1.0,2.0,34.0,80.558521560574945,79.3949349760438,80.687200547570157,28.0,28.0,6.75,3.0,1.0,4.0,4.0,R9905342,ROS21293107
49507582,MAP,0.0,15.0,1.0,2.0,34.0,80.55304585900069,,81.494866529774129,,18.0,11.0,5.0,1.0,4.0,4.0,R5972272,MAP49507582
56265406,ROS,0.0,19.0,1.0,2.0,33.0,80.550308008213548,,,,30.0,,,,,1.0,R5191333,ROS56265406
21001519,ROS,0.0,21.0,1.0,2.0,34.0,80.536618754277896,,81.18001368925394,,28.0,5.75,2.0,1.0,1.0,1.0,R2803490,ROS21001519
43346919,ROS,0.0,20.0,1.0,2.0,,80.528405201916499,,,,29.0,,,,,1.0,R8139895,ROS43346919
80187972,MAP,1.0,16.0,1.0,2.0,33.0,80.522929500342229,,80.851471594798085,,30.0,6.16666666666667,4.0,2.0,2.0,2.0,R4511586,MAP80187972
1841461,MAP,0.0,17.0,1.0,2.0,33.0,80.522929500342229,,,,30.0,,,,,1.0,R3601714,MAP1841461
11448667,ROS,1.0,15.0,1.0,2.0,34.0,80.506502395619435,,80.752908966461334,,22.0,6.0,5.0,1.0,2.0,2.0,R1357515,ROS11448667
19606719,MAP,0.0,8.0,1.0,2.0,34.0,80.498288843258038,,,,27.0,,,,,1.0,R8180989,MAP19606719
20540417,ROS,0.0,18.0,1.0,2.0,33.0,80.495550992470911,,81.440109514031491,,28.0,,,,1.0,1.0,R7305128,ROS20540417
93024957,MAP,0.0,14.0,2.0,2.0,34.0,80.492813141683783,,81.138945927446954,,25.0,14.25,3.0,1.0,2.0,2.0,R5154163,MAP93024957
25423133,ROS,0.0,18.0,1.0,2.0,,80.479123887748116,,,,29.0,,,,,1.0,R8212348,ROS25423133
97778512,MAP,1.0,18.0,1.0,2.0,,80.476386036960989,,,,28.0,,,,,1.0,R2794594,MAP97778512
96306484,MAP,0.0,14.0,1.0,2.0,34.0,80.473648186173847,,,,29.0,,,,,1.0,R2562983,MAP96306484
21411297,ROS,0.0,18.0,1.0,2.0,33.0,80.470910335386719,,81.325119780971932,,29.0,2.0,4.0,2.0,1.0,1.0,R4986745,ROS21411297
71592202,MAP,1.0,17.0,1.0,2.0,34.0,80.468172484599592,,81.516769336071178,,25.0,,,,,2.0,R3285681,MAP71592202
10435090,ROS,1.0,21.0,1.0,2.0,33.0,80.457221081451067,,80.873374401095134,,8.0,8.0,3.0,3.0,5.0,4.0,R5079107,ROS10435090
91949579,MAP,0.0,14.0,1.0,2.0,33.0,80.438056125941131,,,,30.0,,,,,1.0,R3333595,MAP91949579
43462940,ROS,0.0,19.0,1.0,2.0,33.0,80.427104722792606,,,,29.0,,,,,1.0,R7834513,ROS43462940
88961000,MAP,0.0,18.0,1.0,2.0,33.0,80.418891170431209,,,,29.0,,,,,1.0,R2844571,MAP88961000
35110444,MAP,1.0,20.0,1.0,2.0,34.0,80.413415468856954,,82.600958247775495,,26.0,,,,2.0,2.0,R2726256,MAP35110444
45822920,MAP,0.0,18.0,1.0,2.0,,80.413415468856954,,,,30.0,,,,,1.0,R1017587,MAP45822920
86071821,MAP,0.0,14.0,1.0,2.0,34.0,80.405201916495557,,80.610540725530456,,29.0,5.13333333333333,3.0,4.0,2.0,2.0,R8059994,MAP86071821
48104907,MAP,0.0,16.0,1.0,2.0,,80.399726214921287,,,,30.0,,,,,1.0,R1352785,MAP48104907
82890542,MAP,0.0,18.0,1.0,2.0,24.0,80.39698836413416,,,,28.0,,,,,1.0,R5275030,MAP82890542
4968529,MAP,1.0,13.0,1.0,2.0,34.0,80.388774811772763,,,,29.0,,,,,1.0,R3878082,MAP4968529
40756151,MAP,0.0,12.0,1.0,2.0,33.0,80.375085557837096,,81.207392197125259,,30.0,4.5,1.0,4.0,1.0,1.0,R7957553,MAP40756151
54034681,MAP,0.0,16.0,1.0,2.0,23.0,80.372347707049968,,,,30.0,,,,,1.0,R7288722,MAP54034681
33411712,MAP,1.0,12.0,1.0,2.0,33.0,80.355920602327174,,80.772073921971256,,20.0,9.03333333333333,3.0,4.0,2.0,2.0,R2140101,MAP33411712
4767750,MAP,1.0,13.0,1.0,2.0,33.0,80.344969199178649,,,,29.0,,,,,1.0,R7028255,MAP4767750
20990085,ROS,0.0,16.0,1.0,2.0,33.0,80.342231348391508,,81.379876796714584,,28.0,4.83333333333333,2.0,4.0,1.0,1.0,R7715044,ROS20990085
10660639,ROS,1.0,26.0,1.0,2.0,33.0,80.334017796030111,,83.34291581108829,,30.0,31.1666666666667,3.0,4.0,1.0,1.0,R5747124,ROS10660639
10261026,ROS,1.0,25.0,1.0,2.0,33.0,80.334017796030111,,80.94455852156058,,29.0,16.6666666666667,3.0,4.0,1.0,1.0,R5816648,ROS10261026
9789526,ROS,1.0,30.0,1.0,2.0,,80.334017796030111,,,,27.0,,,,,1.0,R2011289,ROS9789526
55861780,MAP,0.0,18.0,1.0,2.0,33.0,80.331279945242983,,,,30.0,,,,,1.0,R6668373,MAP55861780
617643,MAP,0.0,14.0,1.0,2.0,33.0,80.325804243668713,,,,30.0,,,,,1.0,R2274528,MAP617643
48213489,ROS,0.0,16.0,1.0,2.0,23.0,80.325804243668713,,,,29.0,,,,,1.0,R4160034,ROS48213489
17072053,ROS,0.0,29.0,1.0,2.0,33.0,80.323066392881586,,,,29.0,,,,,1.0,R1743619,ROS17072053
11331231,ROS,1.0,22.0,1.0,2.0,33.0,80.317590691307331,,81.111567419575636,,27.0,16.0,0.0,4.0,1.0,1.0,R9818080,ROS11331231
31272569,MAP,1.0,12.0,2.0,2.0,23.0,80.309377138945933,,,,28.9655172413793,,,,,1.0,R2327822,MAP31272569
97161005,MAP,0.0,16.0,1.0,2.0,34.0,80.309377138945933,,,,26.0,,,,,2.0,R1023134,MAP97161005
21412338,ROS,0.0,18.0,1.0,2.0,23.0,80.295687885010267,79.318275154004112,81.930184804928132,17.0,13.0,45.0,1.0,4.0,4.0,4.0,R9499630,ROS21412338
22208082,ROS,0.0,19.0,2.0,1.0,,80.276522929500345,,82.190280629705683,,26.0,30.0,4.0,2.0,2.0,2.0,R6867303,ROS22208082
55025694,MAP,1.0,11.0,1.0,2.0,34.0,80.276522929500345,,,,29.0,,,,,2.0,R3848728,MAP55025694
91347203,MAP,1.0,9.0,1.0,2.0,34.0,80.26557152635182,77.297741273100613,80.878850102669404,19.0,14.0,,,,4.0,4.0,R7565815,MAP91347203
11406333,ROS,1.0,13.0,1.0,2.0,,80.246406570841884,,,,23.0,,,,,2.0,R1734850,ROS11406333
98439054,ROS,0.0,22.0,1.0,2.0,,80.246406570841884,,,,29.0,,,,,1.0,R9392030,ROS98439054
96964794,ROS,1.0,20.0,1.0,2.0,33.0,80.238193018480487,,80.711841204654348,,30.0,,,,,1.0,R2866660,ROS96964794
5296264,MAP,0.0,5.0,1.0,1.0,,80.232717316906232,,,,26.0,,,,,1.0,R2600884,MAP5296264
81822360,ROS,0.0,20.0,1.0,2.0,33.0,80.227241615331963,,,,28.0,,,,,1.0,R1674200,ROS81822360
20557542,ROS,0.0,18.0,1.0,2.0,33.0,80.210814510609168,,80.84052019164956,,20.0,4.21666666666667,4.0,2.0,4.0,4.0,R7024564,ROS20557542
20282398,ROS,0.0,18.0,1.0,2.0,34.0,80.205338809034913,,87.449691991786452,,28.0,,3.0,1.0,2.0,2.0,R4258320,ROS20282398
11453772,ROS,1.0,21.0,1.0,2.0,23.0,80.197125256673516,77.160848733744004,80.314852840520189,20.0,14.0,1.11666666666667,2.0,3.0,4.0,4.0,R3280186,ROS11453772
13258503,MAP,0.0,3.0,3.0,1.0,34.0,80.183436002737849,,84.785763175906908,,27.0,,,,1.0,1.0,R5685396,MAP13258503
5225665,MAP,0.0,18.0,1.0,2.0,33.0,80.180698151950722,,,,30.0,,,,,1.0,R4799231,MAP5225665
8604620,MAP,1.0,18.0,1.0,2.0,33.0,80.172484599589325,,84.83504449007529,,29.0,,,,,1.0,R4347200,MAP8604620
70329923,MAP,0.0,17.0,1.0,2.0,33.0,80.167008898015055,,,,29.0,,,,,1.0,R9455127,MAP70329923
9875303,ROS,0.0,28.0,1.0,2.0,33.0,80.158795345653658,,,,29.0,,,,,1.0,R7880657,ROS9875303
65838800,MAP,0.0,16.0,1.0,2.0,44.0,80.150581793292261,,82.740588637919231,,10.0,6.0,5.0,1.0,4.0,4.0,R6796261,MAP65838800
15269182,MAP,0.0,12.0,1.0,2.0,33.0,80.145106091718006,,,,26.0,,,,,1.0,R1382609,MAP15269182
10494519,ROS,1.0,18.0,1.0,2.0,33.0,80.142368240930864,77.092402464065714,80.772073921971256,23.0,15.0,3.0,2.0,3.0,4.0,4.0,R3306998,ROS10494519
71932972,MAP,1.0,25.0,1.0,2.0,33.0,80.131416837782339,,,,28.0,,,,,1.0,R9936850,MAP71932972
54572768,MAP,0.0,16.0,1.0,2.0,33.0,80.128678986995212,,,,30.0,,,,,1.0,R3593402,MAP54572768
57691260,ROS,0.0,18.0,1.0,2.0,,80.114989733059545,,,,29.0,,,,,1.0,R8841090,ROS57691260
42592599,ROS,0.0,20.0,2.0,2.0,33.0,80.112251882272417,77.108829568788508,80.755646817248461,25.0,14.0,6.91666666666667,5.0,2.0,5.0,6.0,R8477085,ROS42592599
66065365,MAP,0.0,20.0,1.0,2.0,,80.112251882272417,,,,27.0,,,,,2.0,R4617372,MAP66065365
50408527,MAP,1.0,16.0,1.0,2.0,33.0,80.106776180698148,,80.454483230663925,,26.0,,,,1.0,1.0,R8954807,MAP50408527
13064995,MAP,0.0,18.0,1.0,2.0,34.0,80.084873374401099,,,,28.0,,,,,1.0,R9229370,MAP13064995
70212461,MAP,0.0,16.0,1.0,2.0,23.0,80.084873374401099,,,,29.0,,,,,1.0,R9129453,MAP70212461
83211453,ROS,0.0,20.0,1.0,2.0,33.0,80.073921971252574,,,,29.0,,,,,1.0,R1206724,ROS83211453
25274172,MAP,1.0,17.0,1.0,2.0,,80.065708418891177,,,,29.0,,,,,1.0,R7593226,MAP25274172
51520126,MAP,1.0,12.0,1.0,2.0,33.0,80.05749486652978,,80.889801505817928,,29.0,10.9,3.0,4.0,1.0,1.0,R9794121,MAP51520126
20110221,ROS,0.0,18.0,1.0,2.0,34.0,80.049281314168383,,,,30.0,,,,1.0,2.0,R4526329,ROS20110221
10202633,ROS,1.0,30.0,1.0,2.0,34.0,80.046543463381241,,,,29.0,,,,,1.0,R4218728,ROS10202633
10916128,ROS,1.0,21.0,1.0,2.0,33.0,80.043805612594113,,,,30.0,,,,,1.0,R8674057,ROS10916128
16047796,MAP,1.0,18.0,1.0,2.0,34.0,80.041067761806985,,,,29.0,,,,,3.0,R5596181,MAP16047796
26000004,MAP,0.0,12.0,1.0,2.0,,80.032854209445588,,,,28.0,,,,,2.0,R4474384,MAP26000004
66132199,MAP,0.0,13.0,2.0,2.0,33.0,80.030116358658447,,80.424366872005479,,29.0,,,,1.0,1.0,R5133888,MAP66132199
31728786,MAP,1.0,15.0,1.0,2.0,23.0,80.019164955509922,,80.720054757015745,,27.0,8.5,4.0,4.0,1.0,1.0,R3736725,MAP31728786
1179886,MAP,0.0,6.0,1.0,1.0,33.0,80.010951403148525,,,,28.0,,,,,1.0,R8704903,MAP1179886
85029405,ROS,0.0,20.0,1.0,2.0,33.0,80.005475701574269,,,,30.0,,,,,1.0,R6430893,ROS85029405
66891689,ROS,0.0,20.0,1.0,2.0,,80.0,,,,26.0,,,,,1.0,R2236104,ROS66891689
93770190,MAP,0.0,14.0,1.0,2.0,33.0,79.991786447638603,,,,29.0,,,,,1.0,R6957877,MAP93770190
38199917,MAP,0.0,18.0,1.0,2.0,,79.986310746064333,,,,30.0,,,,,1.0,R5081178,MAP38199917
74536966,MAP,0.0,20.0,1.0,2.0,33.0,79.983572895277206,,,,29.0,,,,,1.0,R9775684,MAP74536966
66447233,MAP,1.0,12.0,1.0,2.0,33.0,79.980835044490078,,80.717316906228604,,22.0,8.98333333333333,1.0,2.0,2.0,2.0,R4068604,MAP66447233
74961945,MAP,0.0,12.0,1.0,2.0,33.0,79.972621492128681,,,,26.0,,,,,2.0,R2762052,MAP74961945
19621010,ROS,0.0,18.0,1.0,2.0,33.0,79.969883641341553,,,,29.0,,,,,1.0,R5583851,ROS19621010
54063118,MAP,0.0,18.0,1.0,2.0,,79.967145790554412,,,,30.0,,,,,1.0,R5546801,MAP54063118
20674902,ROS,0.0,16.0,1.0,2.0,34.0,79.961670088980156,77.026694045174537,80.73648186173854,22.0,12.0,6.0,5.0,1.0,4.0,4.0,R9309271,ROS20674902
24463541,MAP,0.0,14.0,2.0,2.0,33.0,79.950718685831617,,,,27.0,,,,,1.0,R1930563,MAP24463541
11310718,ROS,1.0,21.0,1.0,2.0,33.0,79.934291581108823,,80.533880903490754,,27.0,4.58333333333333,5.0,2.0,2.0,2.0,R3086211,ROS11310718
20291605,ROS,0.0,20.0,1.0,2.0,33.0,79.931553730321696,,80.479123887748116,,26.0,4.83333333333333,4.0,2.0,2.0,2.0,R3269241,ROS20291605
11409232,ROS,1.0,22.0,1.0,2.0,33.0,79.920602327173171,,80.098562628336751,,30.0,1.33333333333333,3.0,4.0,2.0,2.0,R8744945,ROS11409232
10007374,ROS,0.0,16.0,1.0,2.0,33.0,79.887748117727583,,,,29.0,,,,,1.0,R4886933,ROS10007374
10538326,ROS,1.0,20.0,1.0,2.0,33.0,79.887748117727583,,,,30.0,,,,,1.0,R4643050,ROS10538326
29244108,MAP,1.0,16.0,1.0,2.0,23.0,79.87405886379193,,,,29.0,,,,,1.0,R4504565,MAP29244108
20928183,ROS,0.0,17.0,1.0,2.0,34.0,79.868583162217661,,80.041067761806985,,28.0,24.0,4.0,2.0,1.0,1.0,R3454022,ROS20928183
11092291,ROS,1.0,22.0,1.0,2.0,34.0,79.865845311430533,,,,29.0,,,,,1.0,R8331697,ROS11092291
77631046,MAP,0.0,12.0,1.0,2.0,44.0,79.857631759069136,,85.032169746748806,,25.0,6.83333333333333,5.0,1.0,5.0,6.0,R5098644,MAP77631046
59500816,MAP,0.0,16.0,1.0,2.0,33.0,79.852156057494867,,,,28.0,,,,,1.0,R2774578,MAP59500816
28628802,MAP,0.0,18.0,1.0,2.0,23.0,79.8384668035592,,,,30.0,,,,,1.0,R9379917,MAP28628802
21213877,ROS,0.0,18.0,1.0,2.0,33.0,79.824777549623548,,,,29.0,,,,,1.0,R5046306,ROS21213877
63227551,MAP,0.0,14.0,1.0,1.0,33.0,79.824777549623548,,,,29.0,,,,,1.0,R7237523,MAP63227551
21408940,ROS,0.0,19.0,1.0,2.0,33.0,79.82203969883642,,80.087611225188226,,28.0,4.78333333333333,3.0,2.0,2.0,2.0,R6020977,ROS21408940
53932202,MAP,1.0,18.0,1.0,2.0,33.0,79.819301848049278,,,,29.0,,,,,2.0,R3017729,MAP53932202
50107321,MAP,0.0,12.0,1.0,2.0,34.0,79.816563997262151,,,,30.0,,,,,2.0,R7269285,MAP50107321
64240152,MAP,1.0,17.0,1.0,2.0,,79.811088295687881,,,,24.0,,,,,2.0,R1814206,MAP64240152
95185625,MAP,0.0,18.0,1.0,2.0,33.0,79.808350444900753,,80.985626283367552,,29.0,6.26666666666667,2.0,3.0,1.0,1.0,R9956096,MAP95185625
10537609,ROS,1.0,22.0,1.0,2.0,33.0,79.800136892539356,,82.209445585215605,,30.0,5.41666666666667,3.0,2.0,1.0,1.0,R9490004,ROS10537609
16403934,MAP,1.0,14.0,1.0,2.0,33.0,79.789185489390832,,,,28.0,,,,,1.0,R6778198,MAP16403934
97989289,MAP,0.0,12.0,1.0,2.0,,79.767282683093768,,,,30.0,,,,,1.0,R9970258,MAP97989289
73957787,MAP,0.0,12.0,1.0,2.0,33.0,79.759069130732371,,,,29.0,,,,,1.0,R1797575,MAP73957787
69011361,ROS,0.0,22.0,1.0,2.0,33.0,79.742642026009577,,,,30.0,,,,,1.0,R4190403,ROS69011361
8891975,MAP,0.0,23.0,1.0,2.0,33.0,79.739904175222449,,,,30.0,,,,,1.0,R7170070,MAP8891975
68319050,ROS,1.0,20.0,1.0,2.0,33.0,79.737166324435321,,,,29.0,,,,,2.0,R6468759,ROS68319050
10102206,ROS,1.0,12.0,1.0,2.0,33.0,79.731690622861052,,80.180698151950722,,15.0,22.3333333333333,2.0,4.0,4.0,6.0,R9551808,ROS10102206
37914710,MAP,1.0,15.0,1.0,2.0,23.0,79.731690622861052,,,,29.0,,,,,1.0,R6049414,MAP37914710
7570491,MAP,0.0,15.0,1.0,1.0,33.0,79.728952772073924,77.724845995893219,,16.0,5.0,,,,,4.0,R5597995,MAP7570491
92084459,ROS,1.0,22.0,1.0,2.0,,79.7180013689254,,,,30.0,,,,,1.0,R7412511,ROS92084459
76200101,MAP,0.0,16.0,1.0,2.0,,79.709787816564003,,,,28.0,,,,,1.0,R2282913,MAP76200101
402800,MAP,0.0,16.0,1.0,2.0,34.0,79.701574264202605,,80.65708418891171,,13.0,5.5,5.0,1.0,4.0,4.0,R1528689,MAP402800
31533749,MAP,1.0,16.0,1.0,2.0,33.0,79.701574264202605,,,,29.0,,,,,1.0,R2085276,MAP31533749
23091099,MAP,0.0,24.0,1.0,2.0,,79.682409308692669,,,,29.0,,,,,1.0,R8811176,MAP23091099
22202284,ROS,0.0,16.0,2.0,2.0,23.0,79.676933607118414,,81.215605749486656,,29.0,,,,1.0,1.0,R7156703,ROS22202284
50846303,ROS,0.0,20.0,1.0,2.0,,79.676933607118414,,,,30.0,,,,,1.0,R2739926,ROS50846303
14861002,MAP,0.0,7.0,1.0,1.0,34.0,79.671457905544145,,,,27.0,,,,,1.0,R2154910,MAP14861002
23860814,MAP,0.0,10.0,1.0,1.0,34.0,79.668720054757017,,,,28.0,,,,,1.0,R1042231,MAP23860814
74012625,MAP,0.0,18.0,1.0,2.0,33.0,79.613963039014379,,,,27.0,,,,,1.0,R5852004,MAP74012625
50105437,MAP,0.0,15.0,1.0,2.0,33.0,79.589322381930188,,80.05749486652978,,30.0,7.83333333333333,3.0,4.0,1.0,1.0,R1748114,MAP50105437
18018359,MAP,1.0,16.0,1.0,2.0,,79.589322381930188,,,,30.0,,,,,1.0,R3760225,MAP18018359
26082192,MAP,0.0,14.0,1.0,2.0,,79.572895277207394,,,,29.0,,,,,2.0,R9398014,MAP26082192
50404325,MAP,1.0,20.0,1.0,2.0,,79.561943874058869,,79.737166324435321,,25.0,,,,4.0,4.0,R2068797,MAP50404325
45352543,MAP,0.0,21.0,1.0,2.0,22.0,79.561943874058869,,,,30.0,,,,,2.0,R7828851,MAP45352543
20840310,ROS,0.0,16.0,1.0,2.0,34.0,79.548254620123203,,,,28.0,,,,,1.0,R2429032,ROS20840310
13360984,MAP,0.0,15.0,2.0,2.0,33.0,79.540041067761805,,,,28.0,,,,,1.0,R9300530,MAP13360984
35908898,MAP,0.0,14.0,1.0,2.0,33.0,79.540041067761805,,,,29.0,,,,,1.0,R9047594,MAP35908898
20968785,ROS,0.0,20.0,1.0,2.0,44.0,79.531827515400408,,,,30.0,,,,,1.0,R5324423,ROS20968785
12357443,MAP,0.0,12.0,1.0,1.0,33.0,79.526351813826153,,,,29.0,,,,,1.0,R4736516,MAP12357443
40120565,MAP,0.0,16.0,1.0,2.0,,79.523613963039011,,,,28.0,,,,,1.0,R8352752,MAP40120565
94171205,MAP,0.0,16.0,1.0,2.0,33.0,79.509924709103359,,80.26557152635182,,29.0,7.41666666666667,3.0,4.0,1.0,1.0,R6468424,MAP94171205
34378654,MAP,0.0,12.0,1.0,2.0,,79.509924709103359,,,,30.0,,,,,2.0,R3923124,MAP34378654
85534141,ROS,0.0,20.0,1.0,2.0,,79.501711156741962,,,,29.0,,,,,1.0,R9509900,ROS85534141
49452862,MAP,0.0,12.0,1.0,2.0,34.0,79.496235455167692,,80.919917864476389,,19.0,,,,4.0,4.0,R8228115,MAP49452862
31756046,MAP,0.0,16.0,1.0,2.0,33.0,79.485284052019168,,80.470910335386719,,30.0,4.36666666666667,3.0,4.0,2.0,2.0,R7325259,MAP31756046
50409406,MAP,0.0,20.0,1.0,2.0,24.0,79.466119096509246,,79.687885010266939,,30.0,7.0,2.0,1.0,1.0,1.0,R3664544,MAP50409406
86600442,MAP,0.0,12.0,1.0,2.0,23.0,79.438740588637913,,80.599589322381931,,25.0,6.5,3.0,2.0,1.0,1.0,R4932774,MAP86600442
38599661,MAP,0.0,16.0,1.0,2.0,33.0,79.433264887063658,,,,29.0,,,,,1.0,R8801278,MAP38599661
27463113,MAP,0.0,14.0,1.0,2.0,23.0,79.408624229979466,,,,30.0,,,,,1.0,R6093265,MAP27463113
44952317,MAP,0.0,14.0,1.0,2.0,33.0,79.405886379192339,,,,29.0,,,,,1.0,R9155466,MAP44952317
95702616,ROS,0.0,20.0,1.0,2.0,33.0,79.405886379192339,,,,29.0,,,,,1.0,R1027710,ROS95702616
29182641,MAP,1.0,18.0,1.0,2.0,34.0,79.389459274469544,,79.488021902806295,,27.0,,,,2.0,2.0,R4152534,MAP29182641
7985700,MAP,1.0,16.0,1.0,2.0,,79.37303216974675,,,,24.0,,,,,1.0,R2495087,MAP7985700
49845805,MAP,0.0,13.0,1.0,2.0,34.0,79.370294318959623,,,,28.0,,,,,1.0,R7979317,MAP49845805
94734696,MAP,0.0,19.0,1.0,2.0,33.0,79.370294318959623,,,,30.0,,,,,1.0,R5858428,MAP94734696
84955962,MAP,1.0,17.0,1.0,2.0,33.0,79.367556468172481,,79.49897330595482,,24.4444444444444,9.65,1.0,1.0,2.0,2.0,R1858719,MAP84955962
11474033,ROS,1.0,18.0,1.0,2.0,33.0,79.364818617385353,,80.224503764544835,,29.0,17.5,4.0,4.0,1.0,1.0,R6834722,ROS11474033
18500138,ROS,0.0,26.0,1.0,1.0,44.0,79.356605065023956,74.37645448323066,80.076659822039701,25.0,5.0,10.1666666666667,5.0,1.0,4.0,4.0,R9999240,ROS18500138
10929637,ROS,1.0,19.0,1.0,2.0,34.0,79.351129363449687,,81.300479123887754,,28.0,8.63333333333333,4.0,4.0,2.0,2.0,R1888413,ROS10929637
10401770,ROS,1.0,21.0,1.0,2.0,34.0,79.348391512662559,77.434633812457221,80.323066392881586,26.0,20.0,2.66666666666667,5.0,1.0,4.0,4.0,R1998898,ROS10401770
32514566,ROS,1.0,25.0,1.0,2.0,,79.348391512662559,,,,28.0,,,,,1.0,R3856553,ROS32514566
23526379,ROS,1.0,22.0,1.0,2.0,33.0,79.340177960301162,,,,29.0,,,,,1.0,R8292542,ROS23526379
15148520,ROS,1.0,18.0,1.0,2.0,34.0,79.334702258726892,,80.090349075975354,,17.0,4.45,5.0,1.0,4.0,5.0,R7256400,ROS15148520
28387554,MAP,1.0,16.0,1.0,2.0,,79.299110198494176,,,,30.0,,,,,1.0,R8806448,MAP28387554
69793556,ROS,0.0,17.0,1.0,2.0,,79.296372347707049,,,,30.0,,,,,1.0,R2939760,ROS69793556
62329138,ROS,0.0,16.0,1.0,2.0,33.0,79.288158795345652,,,,25.0,,,,,2.0,R2181842,ROS62329138
20550027,ROS,0.0,17.0,1.0,2.0,33.0,79.26899383983573,,80.049281314168383,,29.0,2.66666666666667,4.0,2.0,2.0,1.0,R4290320,ROS20550027
80915504,MAP,0.0,12.0,2.0,2.0,33.0,79.249828884325808,74.809034907597535,79.698836413415464,20.0,21.0,42.25,4.0,1.0,4.0,4.0,R3712238,MAP80915504
10606903,ROS,1.0,21.0,1.0,2.0,34.0,79.241615331964411,,80.210814510609168,,23.0,26.5,3.0,2.0,1.0,1.0,R2089307,ROS10606903
33100582,ROS,0.0,20.0,1.0,2.0,34.0,79.241615331964411,75.277207392197127,,23.0,10.8,,,,,5.0,R6070582,ROS33100582
67628490,MAP,0.0,12.0,1.0,2.0,33.0,79.230663928815886,,79.89048596851471,,30.0,14.7666666666667,3.0,3.0,1.0,1.0,R9931355,MAP67628490
76650481,MAP,1.0,18.0,1.0,2.0,,79.230663928815886,,,,29.0,,,,,2.0,R6893976,MAP76650481
99210431,MAP,0.0,16.0,2.0,2.0,,79.230663928815886,,,,30.0,,,,,1.0,R6010304,MAP99210431
65856136,MAP,0.0,15.0,1.0,2.0,33.0,79.219712525667347,,,,30.0,,,,,1.0,R5086013,MAP65856136
62483327,MAP,1.0,12.0,1.0,2.0,34.0,79.21697467488022,,79.307323750855574,,0.0,4.96666666666667,2.0,2.0,4.0,4.0,R4762074,MAP62483327
21305588,MAP,0.0,16.0,1.0,2.0,44.0,79.206023271731695,79.206023271731695,,16.0,16.0,,,,,4.0,R4604597,MAP21305588
16286309,ROS,0.0,20.0,1.0,2.0,,79.197809719370298,,,,30.0,,,,,1.0,R4043183,ROS16286309
98953007,MAP,0.0,12.0,1.0,2.0,34.0,79.195071868583156,79.195071868583156,80.032854209445588,21.0,21.0,6.0,4.0,2.0,4.0,4.0,R6759986,MAP98953007
50402143,MAP,0.0,16.0,1.0,2.0,24.0,79.195071868583156,,,,30.0,,,,,1.0,R8147400,MAP50402143
45986371,MAP,0.0,10.0,1.0,2.0,33.0,79.186858316221759,,,,24.0,,,,,1.0,R2958752,MAP45986371
21180423,ROS,0.0,21.0,1.0,2.0,33.0,79.178644763860376,,79.789185489390832,,22.0,11.0,3.0,3.0,1.0,1.0,R4045476,ROS21180423
20431359,ROS,0.0,20.0,1.0,2.0,34.0,79.167693360711837,,79.441478439425055,,28.0,4.5,1.0,2.0,2.0,2.0,R9225354,ROS20431359
31726180,MAP,0.0,17.0,1.0,2.0,33.0,79.16495550992471,,86.03696098562628,,25.0,10.3333333333333,5.0,1.0,1.0,1.0,R2787688,MAP31726180
23698996,ROS,0.0,18.0,1.0,2.0,23.0,79.156741957563312,,,,29.0,,,,,1.0,R3008635,ROS23698996
63514945,MAP,0.0,12.0,1.0,2.0,33.0,79.154004106776185,,,,28.0,,,,,1.0,R4194754,MAP63514945
21193068,ROS,0.0,12.0,1.0,2.0,33.0,79.134839151266263,,80.147843942505133,,24.0,8.0,2.0,2.0,3.0,2.0,R8572172,ROS21193068
84537270,MAP,0.0,13.0,1.0,2.0,,79.121149897330596,,,,29.0,,,,,1.0,R2244824,MAP84537270
20779672,ROS,0.0,18.0,1.0,2.0,34.0,79.091033538672136,,,,30.0,,,,,1.0,R4396881,ROS20779672
17413576,MAP,0.0,17.0,1.0,2.0,34.0,79.077344284736483,,,,29.0,,,,,1.0,R2475956,MAP17413576
99893592,MAP,0.0,18.0,1.0,2.0,33.0,79.069130732375086,,,,30.0,,,,,1.0,R5266831,MAP99893592
13447030,MAP,0.0,18.0,1.0,2.0,34.0,79.063655030800817,,,,28.0,,,,,2.0,R8833710,MAP13447030
21145876,ROS,0.0,20.0,1.0,2.0,33.0,79.049965776865164,,79.849418206707739,,29.0,5.81666666666667,4.0,2.0,1.0,1.0,R3078606,ROS21145876
11630705,ROS,1.0,15.0,2.0,2.0,44.0,79.047227926078023,73.051334702258728,83.496235455167692,21.0,17.0,13.8333333333333,6.0,1.0,4.0,4.0,R4262244,ROS11630705
69696730,MAP,0.0,16.0,1.0,2.0,,79.047227926078023,,,,28.0,,,,,1.0,R4359946,MAP69696730
50406769,MAP,1.0,16.0,1.0,2.0,33.0,79.041752224503767,,80.227241615331963,,29.0,,,,1.0,1.0,R2182656,MAP50406769
72163639,ROS,0.0,20.0,1.0,2.0,33.0,79.039014373716626,,,,28.0,,,,,2.0,R6716732,ROS72163639
72277580,MAP,0.0,14.0,1.0,2.0,,79.028062970568101,,,,29.0,,,,,1.0,R1779737,MAP72277580
22000400,ROS,0.0,16.0,2.0,2.0,33.0,79.022587268993846,,79.753593429158116,,28.0,15.0,2.0,2.0,1.0,2.0,R3735791,ROS22000400
17041894,MAP,0.0,21.0,1.0,2.0,33.0,79.011635865845307,,,,30.0,,,,,1.0,R9852373,MAP17041894
9032080,MAP,0.0,14.0,1.0,2.0,23.0,78.997946611909654,,80.856947296372354,,29.0,6.75,2.0,4.0,1.0,1.0,R1234575,MAP9032080
77494615,MAP,0.0,17.0,1.0,2.0,,78.989733059548257,,,,29.0,,,,,1.0,R4930601,MAP77494615
49380119,MAP,1.0,16.0,3.0,1.0,33.0,78.98699520876113,,,,29.0,,,,,1.0,R2031645,MAP49380119
70696773,MAP,0.0,14.0,2.0,2.0,34.0,78.984257357973988,,80.599589322381931,,29.0,,,,1.0,1.0,R5941104,MAP70696773
10371937,MAP,0.0,18.0,1.0,2.0,34.0,78.976043805612591,78.976043805612591,81.032169746748806,25.0,25.0,7.73333333333333,5.0,1.0,4.0,4.0,R5309342,MAP10371937
38131115,MAP,1.0,12.0,1.0,2.0,,78.962354551676938,,79.553730321697472,,27.0,30.9166666666667,3.0,2.0,1.0,1.0,R7726976,MAP38131115
28990733,MAP,0.0,12.0,1.0,2.0,,78.959616700889796,,,,27.0,,,,,1.0,R9509015,MAP28990733
37822559,MAP,0.0,23.0,6.0,1.0,,78.951403148528399,,,,30.0,,,,,1.0,R9720914,MAP37822559
50103255,MAP,0.0,10.0,1.0,2.0,33.0,78.934976043805619,,90+,,29.0,14.5,5.0,1.0,2.0,2.0,R1412995,MAP50103255
67510897,MAP,0.0,12.0,4.0,2.0,24.0,78.921286789869953,,,,29.0,,,,,1.0,R1869316,MAP67510897
99041674,MAP,1.0,16.0,1.0,1.0,33.0,78.921286789869953,,,,25.0,,,,,1.0,R8762123,MAP99041674
14184286,MAP,0.0,15.0,1.0,2.0,23.0,78.907597535934286,,79.682409308692669,,26.6666666666667,11.4166666666667,3.0,2.0,1.0,1.0,R5334541,MAP14184286
73810071,ROS,1.0,20.0,1.0,2.0,34.0,78.902121834360031,78.902121834360031,,26.0,26.0,,,,,4.0,R3448255,ROS73810071
23870000,MAP,1.0,16.0,1.0,2.0,34.0,78.896646132785762,,79.414099931553736,,13.0,3.61666666666667,5.0,1.0,4.0,4.0,R3867150,MAP23870000
50875092,ROS,0.0,20.0,1.0,2.0,,78.880219028062967,,,,29.0,,,,,2.0,R3770678,ROS50875092
67028432,ROS,0.0,16.0,1.0,2.0,,78.87748117727584,,,,29.0,,,,,1.0,R9919826,ROS67028432
10516762,ROS,1.0,18.0,1.0,2.0,33.0,78.861054072553046,,79.375770020533878,,23.0,4.85,3.0,3.0,2.0,2.0,R5234179,ROS10516762
28363718,MAP,1.0,16.0,1.0,1.0,33.0,78.855578370978776,,79.200547570157426,,9.0,5.95,4.0,1.0,4.0,4.0,R3914030,MAP28363718
61427487,ROS,0.0,20.0,1.0,2.0,,78.850102669404521,,,,28.0,,,,,2.0,R1212046,ROS61427487
89417411,ROS,1.0,21.0,1.0,2.0,,78.830937713894599,,,,29.0,,,,,1.0,R8609921,ROS89417411
20834164,ROS,0.0,17.0,1.0,2.0,33.0,78.806297056810408,,79.178644763860376,,30.0,3.0,2.0,2.0,1.0,1.0,R6476704,ROS20834164
20956867,ROS,0.0,18.0,1.0,2.0,33.0,78.773442847364819,,79.115674195756327,,30.0,18.2166666666667,3.0,4.0,1.0,1.0,R8725848,ROS20956867
53641742,MAP,0.0,14.0,2.0,2.0,34.0,78.757015742642025,,,,30.0,,,,,1.0,R8390281,MAP53641742
80170847,MAP,0.0,14.0,1.0,2.0,,78.757015742642025,,,,30.0,,,,,1.0,R8619489,MAP80170847
90581541,MAP,0.0,2.0,1.0,1.0,23.0,78.748802190280628,,,,27.0,,,,,1.0,R1071121,MAP90581541
709354,MAP,1.0,21.0,1.0,2.0,33.0,78.724161533196437,,,,30.0,,,,,1.0,R8326749,MAP709354
79355817,ROS,0.0,16.0,1.0,2.0,33.0,78.71594798083504,,,,29.0,,,,,2.0,R3747982,ROS79355817
20735030,MAP,0.0,18.0,1.0,2.0,33.0,78.704996577686515,,,,29.0,,,,,1.0,R6980678,MAP20735030
34070357,MAP,0.0,14.0,1.0,2.0,33.0,78.704996577686515,,,,27.0,,,,,2.0,R2504983,MAP34070357
20205705,ROS,0.0,19.0,1.0,2.0,33.0,78.699520876112246,,79.630390143737159,,29.0,29.5833333333333,3.0,2.0,1.0,1.0,R2678902,ROS20205705
11459282,ROS,1.0,21.0,1.0,2.0,34.0,78.69404517453799,,79.104722792607802,,9.0,4.5,1.0,2.0,5.0,5.0,R8702490,ROS11459282
10986136,ROS,1.0,18.0,1.0,2.0,34.0,78.683093771389466,,79.542778918548933,,29.0,15.0833333333333,4.0,4.0,2.0,2.0,R1752258,ROS10986136
5274286,MAP,0.0,12.0,1.0,2.0,,78.683093771389466,,,,30.0,,,,,1.0,R8936174,MAP5274286
15376482,MAP,1.0,16.0,1.0,2.0,33.0,78.680355920602324,,,,28.0,,,,,1.0,R9846051,MAP15376482
62656674,ROS,0.0,19.0,1.0,2.0,33.0,78.680355920602324,,,,30.0,,,,,1.0,R1491490,ROS62656674
12022891,ROS,1.0,23.0,1.0,2.0,,78.666666666666671,,,,30.0,,,,,1.0,R2430419,ROS12022891
45223689,MAP,1.0,10.0,7.0,2.0,33.0,78.666666666666671,,,,21.0,,,,,2.0,R7312709,MAP45223689
64505110,MAP,0.0,12.0,2.0,2.0,23.0,78.66392881587953,,,,26.0,,,,,1.0,R6276180,MAP64505110
21214206,ROS,0.0,18.0,1.0,2.0,33.0,78.652977412731005,,,,28.0,,,,,1.0,R4058366,ROS21214206
34542628,MAP,0.0,16.0,1.0,2.0,34.0,78.644763860369608,75.644079397672826,,23.0,0.0,,,,,4.0,R6525197,MAP34542628
76975135,ROS,0.0,17.0,1.0,2.0,34.0,78.644763860369608,,,,29.0,,,,,1.0,R3508805,ROS76975135
37125649,MAP,0.0,12.0,1.0,1.0,33.0,78.64202600958248,,78.674880219028068,,29.0,20.1666666666667,4.0,4.0,1.0,1.0,R7986223,MAP37125649
67867841,MAP,0.0,16.0,1.0,2.0,,78.636550308008211,,,,26.0,,,,,1.0,R4852328,MAP67867841
96741073,MAP,0.0,12.0,1.0,2.0,34.0,78.606433949349764,,,,29.0,,,,,1.0,R1205910,MAP96741073
56029116,MAP,0.0,16.0,1.0,2.0,34.0,78.603696098562622,,,,30.0,,,,,1.0,R6359748,MAP56029116
16718942,ROS,0.0,20.0,1.0,2.0,,78.559890485968509,,,,28.0,,,,,1.0,R1621158,ROS16718942
17166496,MAP,0.0,12.0,1.0,2.0,34.0,78.53798767967146,,,,27.0,,,,,1.0,R1745562,MAP17166496
37750518,MAP,0.0,18.0,1.0,2.0,34.0,78.527036276522935,,,,25.0,,,,,2.0,R5917719,MAP37750518
54519335,MAP,0.0,18.0,1.0,2.0,23.0,78.502395619438744,,,,30.0,,,,,1.0,R9172610,MAP54519335
20185734,MAP,0.0,5.0,1.0,1.0,33.0,78.499657768651602,,,,27.0,,,,,1.0,R1365340,MAP20185734
77658943,ROS,0.0,22.0,1.0,2.0,23.0,78.494182067077347,,,,28.0,,,,,1.0,R7919919,ROS77658943
70726480,MAP,0.0,16.0,1.0,2.0,33.0,78.483230663928822,,79.21697467488022,,12.0,8.78333333333333,3.0,3.0,5.0,5.0,R7391979,MAP70726480
20153984,ROS,0.0,16.0,1.0,2.0,33.0,78.483230663928822,,78.551676933607112,,29.0,24.0833333333333,4.0,1.0,1.0,1.0,R8202775,ROS20153984
8899955,MAP,0.0,16.0,1.0,2.0,34.0,78.444900752908964,,,,30.0,,,,,1.0,R9820726,MAP8899955
56300228,ROS,0.0,21.0,1.0,2.0,33.0,78.444900752908964,,,,30.0,,,,,1.0,R8183866,ROS56300228
64858250,ROS,0.0,18.0,1.0,2.0,33.0,78.42847364818617,,,,30.0,,,,,1.0,R6766347,ROS64858250
21404748,ROS,0.0,21.0,1.0,2.0,33.0,78.425735797399042,,90+,,27.0,,,,1.0,1.0,R8205107,ROS21404748
96783695,ROS,0.0,20.0,1.0,2.0,33.0,78.414784394250518,,,,29.0,,,,,1.0,R6597011,ROS96783695
33171505,ROS,0.0,22.0,1.0,2.0,33.0,78.412046543463376,,,,30.0,,,,,2.0,R3583384,ROS33171505
60346107,MAP,0.0,18.0,1.0,2.0,34.0,78.412046543463376,,,,30.0,,,,,1.0,R3686748,MAP60346107
21274730,ROS,0.0,18.0,1.0,2.0,33.0,78.403832991101979,,,,29.0,,,,,1.0,R4914716,ROS21274730
53575211,ROS,0.0,18.0,1.0,2.0,33.0,78.401095140314851,,,,29.0,,,,,1.0,R6009927,ROS53575211
32697960,MAP,0.0,16.0,1.0,2.0,34.0,78.398357289527723,,79.148528405201915,,28.0,6.38333333333333,1.0,2.0,1.0,1.0,R8367715,MAP32697960
62176713,MAP,0.0,12.0,1.0,2.0,23.0,78.395619438740582,,78.735112936344976,,29.0,15.6666666666667,2.0,2.0,2.0,2.0,R2113724,MAP62176713
77678875,MAP,1.0,17.0,1.0,2.0,,78.381930184804929,,,,28.0,,,,,1.0,R1166425,MAP77678875
10424475,ROS,1.0,22.0,2.0,2.0,44.0,78.37645448323066,77.486652977412732,78.510609171800141,24.0,26.0,4.0,3.0,2.0,5.0,5.0,R2845830,ROS10424475
91614215,ROS,0.0,17.0,1.0,2.0,33.0,78.370978781656405,,,,28.0,,,,,1.0,R8803901,ROS91614215
15227272,MAP,0.0,13.0,1.0,2.0,,78.368240930869263,,,,30.0,,,,,1.0,R2485414,MAP15227272
21671585,MAP,0.0,16.0,1.0,2.0,,78.362765229295007,,,,30.0,,,,,1.0,R4974229,MAP21671585
45637721,MAP,0.0,13.0,2.0,2.0,,78.343600273785086,,,,29.0,,,,,1.0,R9864124,MAP45637721
22207491,ROS,0.0,18.0,2.0,2.0,33.0,78.338124572210816,77.360711841204647,79.148528405201915,18.0,17.0,,,,4.0,4.0,R7276206,ROS22207491
11494091,ROS,1.0,25.0,1.0,2.0,34.0,78.316221765913753,,78.543463381245715,,30.0,6.0,4.0,3.0,1.0,1.0,R8998205,ROS11494091
50102402,MAP,0.0,13.0,1.0,2.0,,78.305270362765228,,78.726899383983579,,29.0,,,,1.0,1.0,R5428811,MAP50102402
75142238,ROS,0.0,21.0,1.0,2.0,34.0,78.3025325119781,77.188227241615337,79.195071868583156,20.0,20.0,6.53333333333333,5.0,1.0,5.0,4.0,R9443041,ROS75142238
20237131,ROS,0.0,26.0,1.0,1.0,33.0,78.253251197809718,,78.729637234770706,,27.0,13.5833333333333,0.0,4.0,2.0,2.0,R2529284,ROS20237131
50400673,MAP,0.0,23.0,1.0,2.0,23.0,78.25051334702259,,,,29.0,,,,,1.0,R2184729,MAP50400673
75005810,ROS,0.0,20.0,1.0,2.0,33.0,78.247775496235448,,,,29.0,,,,,1.0,R7911642,ROS75005810
21236608,ROS,0.0,20.0,1.0,2.0,34.0,78.220396988364129,76.227241615331963,79.014373716632448,21.0,8.75,11.0,4.0,1.0,5.0,4.0,R1583702,ROS21236608
64777164,ROS,0.0,16.0,1.0,2.0,33.0,78.214921286789874,,79.049965776865164,,28.0,21.6666666666667,1.0,2.0,1.0,1.0,R2767777,ROS64777164
65652206,MAP,1.0,16.0,1.0,2.0,33.0,78.212183436002732,,78.234086242299796,,28.0,4.51666666666667,1.0,4.0,1.0,1.0,R4260171,MAP65652206
16064431,MAP,0.0,17.0,1.0,2.0,33.0,78.19301848049281,,,,29.0,,,,,1.0,R1356921,MAP16064431
26795384,MAP,1.0,15.0,1.0,1.0,33.0,78.168377823408619,,,,25.2,,,,,3.0,R1408746,MAP26795384
82335720,MAP,0.0,14.0,1.0,2.0,34.0,78.162902121834364,,78.442162902121837,,28.0,5.8,3.0,1.0,1.0,1.0,R1951848,MAP82335720
47071819,ROS,0.0,20.0,1.0,2.0,44.0,78.162902121834364,,,,30.0,,,,,1.0,R2141460,ROS47071819
39898329,MAP,0.0,16.0,1.0,2.0,33.0,78.157426420260094,,,,29.0,,,,,1.0,R3475852,MAP39898329
83034844,MAP,0.0,15.0,1.0,2.0,34.0,78.143737166324442,,78.444900752908964,,30.0,7.45,3.0,2.0,1.0,1.0,R9781891,MAP83034844
26334777,MAP,0.0,16.0,1.0,2.0,34.0,78.138261464750173,,,,26.0,,,,,1.0,R6567862,MAP26334777
30330928,ROS,0.0,22.0,1.0,2.0,,78.138261464750173,,,,30.0,,,,,1.0,R4929664,ROS30330928
77999453,MAP,1.0,21.0,1.0,2.0,34.0,78.110882956878854,77.114305270362763,78.841889117043124,25.0,23.0,3.75,4.0,2.0,4.0,6.0,R2757104,MAP77999453
88385888,ROS,0.0,18.0,1.0,2.0,34.0,78.08898015058179,,,,29.0,,,,,1.0,R1762041,ROS88385888
40208338,MAP,0.0,16.0,1.0,2.0,,78.083504449007535,,,,29.0,,,,,1.0,R8243741,MAP40208338
21274604,ROS,0.0,18.0,1.0,2.0,34.0,78.080766598220393,,,,30.0,,,,,1.0,R8687387,ROS21274604
51817772,ROS,0.0,22.0,1.0,2.0,33.0,78.078028747433265,,,,30.0,,,,,1.0,R4319904,ROS51817772
53969269,ROS,1.0,25.0,1.0,2.0,,78.075290896646138,,,,26.0,,,,,2.0,R9206697,ROS53969269
61070844,MAP,0.0,19.0,1.0,2.0,,78.047912388774819,,,,30.0,,,,,1.0,R3520334,MAP61070844
38930922,ROS,0.0,12.0,1.0,2.0,33.0,78.031485284052025,,,,30.0,,,,,1.0,R1871727,ROS38930922
12368518,MAP,0.0,6.0,1.0,1.0,34.0,77.979466119096514,,,,23.0,,,,,2.0,R3813189,MAP12368518
20940611,ROS,0.0,18.0,1.0,2.0,33.0,77.968514715947975,,90+,,28.0,,,,1.0,1.0,R5120663,ROS20940611
45122535,MAP,0.0,8.0,1.0,2.0,44.0,77.949349760438054,,,,28.0,,,,,1.0,R5398290,MAP45122535
95048469,MAP,0.0,15.0,2.0,2.0,34.0,77.941136208076657,71.906913073237504,,22.0,13.0,,,,,4.0,R3372383,MAP95048469
204228,MAP,1.0,8.0,1.0,1.0,33.0,77.935660506502401,,,,27.0,,,,,2.0,R5893630,MAP204228
22203451,ROS,0.0,16.0,2.0,2.0,34.0,77.919233401779607,,,,25.0,,,,,1.0,R8622604,ROS22203451
30597867,MAP,0.0,11.0,2.0,2.0,33.0,77.913757700205338,,84.558521560574945,,30.0,,,,1.0,1.0,R6127022,MAP30597867
83622984,MAP,1.0,12.0,2.0,2.0,44.0,77.900068446269685,,,,17.0,,,,,2.0,R4502832,MAP83622984
8922147,MAP,0.0,14.0,1.0,1.0,,77.891854893908288,,,,29.0,,,,,1.0,R1947144,MAP8922147
57704818,MAP,0.0,19.0,1.0,2.0,,77.878165639972622,,,,30.0,,,,,1.0,R5897541,MAP57704818
41817635,ROS,0.0,18.0,1.0,1.0,33.0,77.845311430527033,,78.061601642710471,,30.0,19.0,3.0,4.0,1.0,1.0,R4367991,ROS41817635
20521752,ROS,0.0,11.0,1.0,2.0,33.0,77.793292265571523,,78.14647501711157,,30.0,8.06666666666667,3.0,3.0,1.0,1.0,R6765868,ROS20521752
52781299,MAP,0.0,21.0,1.0,2.0,33.0,77.771389459274474,,,,29.0,,,,,1.0,R6521731,MAP52781299
381112,ROS,0.0,20.0,1.0,2.0,34.0,77.765913757700204,,,,30.0,,,,,1.0,R9253105,ROS381112
28517012,MAP,0.0,18.0,1.0,2.0,33.0,77.752224503764552,,,,29.0,,,,,1.0,R9723906,MAP28517012
90942860,MAP,1.0,16.0,1.0,2.0,34.0,77.735797399041758,,77.785078713210126,,27.0,9.5,4.0,1.0,2.0,1.0,R7025378,MAP90942860
10514454,ROS,1.0,18.0,1.0,2.0,33.0,77.700205338809042,,79.534565366187536,,28.0,16.75,2.0,4.0,1.0,1.0,R4439627,ROS10514454
94974890,MAP,0.0,12.0,1.0,2.0,33.0,77.700205338809042,,78.190280629705683,,27.0,7.08333333333333,1.0,2.0,2.0,2.0,R9507497,MAP94974890
11697592,ROS,1.0,20.0,1.0,2.0,34.0,77.6974674880219,,78.32443531827515,,29.0,9.75,2.0,3.0,1.0,1.0,R2581860,ROS11697592
94716946,ROS,1.0,16.0,1.0,2.0,33.0,77.6974674880219,,,,28.0,,,,,1.0,R7847283,ROS94716946
82617423,MAP,0.0,19.0,1.0,2.0,33.0,77.691991786447645,,77.820670773442842,,29.0,39.0,5.0,1.0,1.0,1.0,R8636748,MAP82617423
4406282,MAP,0.0,14.0,2.0,2.0,33.0,77.689253935660503,,,,29.0,,,,,1.0,R4511471,MAP4406282
21213741,ROS,0.0,18.0,1.0,2.0,,77.648186173853531,,83.863107460643391,,30.0,,,,1.0,1.0,R9830624,ROS21213741
63360939,ROS,0.0,18.0,1.0,2.0,33.0,77.626283367556468,,,,29.0,,,,,1.0,R7288162,ROS63360939
56432243,ROS,0.0,16.0,1.0,2.0,33.0,77.607118412046546,75.540041067761805,77.949349760438054,21.0,14.0,7.45,5.0,1.0,4.0,4.0,R7702934,ROS56432243
20906079,ROS,0.0,19.0,1.0,2.0,23.0,77.607118412046546,76.550308008213548,77.798767967145793,23.0,16.0,9.0,3.0,2.0,4.0,5.0,R1617674,ROS20906079
43222034,MAP,0.0,16.0,1.0,2.0,,77.57152635181383,,,,30.0,,,,,1.0,R5822855,MAP43222034
26569730,MAP,0.0,12.0,1.0,2.0,33.0,77.555099247091036,,79.408624229979466,,28.0,5.81666666666667,4.0,1.0,1.0,1.0,R6578574,MAP26569730
11349821,ROS,1.0,22.0,1.0,2.0,33.0,77.555099247091036,73.568788501026688,77.798767967145793,24.0,23.0,4.91666666666667,4.0,2.0,5.0,4.0,R4847810,ROS11349821
22102145,ROS,0.0,21.0,2.0,2.0,33.0,77.555099247091036,,,,28.0,,,,,1.0,R4425363,ROS22102145
41076594,MAP,0.0,13.0,1.0,2.0,,77.552361396303908,,,,30.0,,,,,1.0,R8680379,MAP41076594
39226595,MAP,0.0,17.0,1.0,2.0,33.0,77.544147843942511,,,,29.0,,,,,1.0,R9705388,MAP39226595
50501015,MAP,0.0,12.0,1.0,2.0,34.0,77.538672142368242,,78.094455852156059,,27.0,,,,2.0,2.0,R2999833,MAP50501015
15302308,MAP,0.0,18.0,1.0,2.0,33.0,77.538672142368242,,,,28.0,,,,,1.0,R9781906,MAP15302308
68745332,MAP,1.0,12.0,1.0,2.0,33.0,77.524982888432575,,78.518822724161538,,28.0,7.91666666666667,1.0,4.0,1.0,1.0,R1660726,MAP68745332
81354615,MAP,0.0,5.0,2.0,2.0,33.0,77.51950718685832,74.464065708418886,,20.0,17.0,,,,,2.0,R7818408,MAP81354615
34524842,MAP,0.0,16.0,1.0,2.0,33.0,77.51950718685832,,,,30.0,,,,,2.0,R9613076,MAP34524842
54110146,ROS,0.0,28.0,1.0,2.0,34.0,77.511293634496923,,,,29.0,,,,,1.0,R4314069,ROS54110146
57519169,ROS,0.0,16.0,1.0,2.0,33.0,77.508555783709781,,,,30.0,,,,,1.0,R5479450,ROS57519169
21191624,ROS,0.0,17.0,1.0,2.0,33.0,77.505817932922653,,,,30.0,,,,,1.0,R2697554,ROS21191624
27552763,MAP,0.0,16.0,1.0,2.0,,77.481177275838462,,,,29.0,,,,,1.0,R1526396,MAP27552763
42744873,MAP,1.0,23.0,1.0,2.0,,77.475701574264207,,,,28.0,,,,,1.0,R5917824,MAP42744873
67185070,MAP,0.0,12.0,1.0,2.0,23.0,77.470225872689937,,77.796030116358665,,28.0,9.83333333333333,3.0,4.0,1.0,1.0,R5656511,MAP67185070
48513418,MAP,0.0,14.0,1.0,2.0,33.0,77.46748802190281,,,,29.0,,,,,1.0,R3706136,MAP48513418
66187770,ROS,0.0,25.0,2.0,2.0,34.0,77.453798767967143,,,,27.0,,,,,1.0,R9623429,ROS66187770
17668209,ROS,0.0,18.0,1.0,2.0,33.0,77.451060917180016,,,,30.0,,,,,1.0,R7443469,ROS17668209
21407935,ROS,0.0,19.0,1.0,2.0,33.0,77.448323066392888,,,,27.0,,,,,1.0,R1848031,ROS21407935
38536940,ROS,0.0,18.0,1.0,2.0,33.0,77.448323066392888,,,,29.0,,,,,1.0,R6424686,ROS38536940
37809304,MAP,0.0,16.0,1.0,2.0,33.0,77.429158110882952,,,,30.0,,,,,1.0,R8181248,MAP37809304
76054887,ROS,0.0,16.0,1.0,2.0,33.0,77.423682409308697,,,,29.0,,,,,1.0,R9249396,ROS76054887
92308774,MAP,0.0,13.0,1.0,2.0,44.0,77.423682409308697,,,,29.0,,,,,1.0,R8724369,MAP92308774
15976864,MAP,0.0,18.0,1.0,2.0,,77.418206707734427,,,,29.0,,,,,1.0,R9566316,MAP15976864
85381302,MAP,0.0,24.0,1.0,2.0,,77.40999315537303,,,,29.0,,,,,1.0,R3544261,MAP85381302
228190,MAP,0.0,22.0,1.0,2.0,33.0,77.404517453798775,,,,28.0,,,,,1.0,R8671405,MAP228190
21001483,ROS,0.0,16.0,1.0,2.0,24.0,77.396303901437378,,,,28.0,,,,,1.0,R6687470,ROS21001483
20147026,ROS,0.0,18.0,1.0,2.0,33.0,77.385352498288839,,78.031485284052025,,26.0,3.0,4.0,1.0,2.0,2.0,R3444124,ROS20147026
58326624,MAP,0.0,13.0,1.0,2.0,33.0,77.363449691991789,,,,30.0,,,,,1.0,R2151928,MAP58326624
30473144,MAP,1.0,21.0,1.0,2.0,,77.349760438056123,,,,28.0,,,,,1.0,R8722636,MAP30473144
54743671,MAP,1.0,16.0,1.0,2.0,33.0,77.347022587268995,,,,30.0,,,,,1.0,R6041587,MAP54743671
55462339,ROS,0.0,18.0,1.0,2.0,,77.347022587268995,,,,29.0,,,,,2.0,R7611216,ROS55462339
21409117,ROS,0.0,19.0,1.0,2.0,33.0,77.330595482546201,,,,29.0,,,,,1.0,R3221267,ROS21409117
34853696,MAP,1.0,12.0,1.0,1.0,33.0,77.327857631759073,,,,27.0,,,,,1.0,R2291667,MAP34853696
20131870,ROS,0.0,19.0,1.0,2.0,34.0,77.319644079397676,,90+,,29.0,12.7,5.0,1.0,2.0,2.0,R2511344,ROS20131870
3535538,MAP,0.0,16.0,1.0,2.0,,77.308692676249137,,,,28.0,,,,,1.0,R7712492,MAP3535538
10300914,ROS,1.0,18.0,1.0,2.0,33.0,77.303216974674882,,77.733059548254616,,30.0,5.91666666666667,4.0,2.0,1.0,1.0,R4289838,ROS10300914
16835690,MAP,0.0,12.0,2.0,2.0,33.0,77.270362765229294,,,,27.0,,,,,1.0,R8893118,MAP16835690
61579172,MAP,0.0,16.0,1.0,2.0,33.0,77.2539356605065,,90+,,30.0,,,,,2.0,R8907399,MAP61579172
44986637,ROS,0.0,12.0,1.0,1.0,33.0,77.248459958932244,75.293634496919921,,26.0,27.0,,,,,2.0,R7265154,ROS44986637
53727207,MAP,1.0,14.0,1.0,2.0,34.0,77.245722108145102,,,,27.0,,,,,1.0,R3665463,MAP53727207
50409668,MAP,1.0,16.0,1.0,2.0,33.0,77.223819301848053,,,,28.0,,,,,1.0,R2927024,MAP50409668
11216503,ROS,1.0,18.0,1.0,2.0,33.0,77.221081451060911,,80.134154688569467,,29.0,3.0,2.0,1.0,1.0,1.0,R5116634,ROS11216503
31578558,MAP,1.0,16.0,1.0,2.0,33.0,77.193702943189592,77.193702943189592,77.949349760438054,27.0,27.0,,,,5.0,5.0,R2917906,MAP31578558
59865900,MAP,1.0,18.0,1.0,2.0,33.0,77.193702943189592,,,,30.0,,,,,1.0,R2535726,MAP59865900
57529355,MAP,0.0,12.0,1.0,2.0,33.0,77.182751540041068,,,,28.0,,,,,1.0,R2762507,MAP57529355
62096056,MAP,0.0,19.0,1.0,2.0,,77.182751540041068,,,,30.0,,,,,1.0,R7766358,MAP62096056
79155639,MAP,0.0,16.0,1.0,2.0,33.0,77.18001368925394,,79.26899383983573,,28.0,6.08333333333333,3.0,4.0,1.0,1.0,R7269950,MAP79155639
98993573,ROS,0.0,18.0,1.0,1.0,33.0,77.163586584531146,,,,27.0,,,,,2.0,R4881323,ROS98993573
20234818,ROS,0.0,12.0,1.0,2.0,34.0,77.144421629021224,,77.98494182067077,,10.0,13.9,5.0,1.0,4.0,4.0,R6689323,ROS20234818
18014283,MAP,0.0,20.0,1.0,2.0,24.0,77.133470225872685,,,,25.0,,,,,6.0,R4843454,MAP18014283
39339855,MAP,0.0,21.0,1.0,2.0,,77.12799452429843,,,,29.0,,,,,1.0,R1604784,MAP39339855
87311934,ROS,1.0,22.0,1.0,2.0,34.0,77.12251882272416,,,,28.0,,,,,1.0,R8620206,ROS87311934
582981,MAP,1.0,18.0,1.0,2.0,,77.119780971937033,,,,29.0,,,,,1.0,R4726503,MAP582981
25254664,MAP,0.0,12.0,2.0,2.0,33.0,77.117043121149891,,,,27.0,,,,,1.0,R5696888,MAP25254664
11440263,ROS,1.0,12.0,1.0,2.0,34.0,77.111567419575636,,77.177275838466798,,29.0,2.5,1.0,4.0,1.0,1.0,R3185659,ROS11440263
80432870,MAP,1.0,16.0,1.0,2.0,33.0,77.111567419575636,,,,27.0,,,,,1.0,R2723264,MAP80432870
99516006,MAP,0.0,18.0,1.0,2.0,,77.095140314852841,,,,29.0,,,,,1.0,R1588867,MAP99516006
20942767,ROS,0.0,16.0,1.0,2.0,33.0,77.078713210130047,,77.226557152635181,,30.0,16.25,4.0,4.0,1.0,1.0,R6751504,ROS20942767
45288456,MAP,0.0,20.0,1.0,2.0,,77.078713210130047,,,,28.0,,,,,2.0,R4625092,MAP45288456
87656510,MAP,0.0,18.0,1.0,2.0,,77.078713210130047,,,,30.0,,,,,1.0,R7301982,MAP87656510
44671043,MAP,1.0,12.0,1.0,2.0,33.0,77.045859000684459,,77.683778234086247,,20.0,13.75,2.0,1.0,2.0,3.0,R9583560,MAP44671043
79978444,MAP,0.0,16.0,1.0,2.0,34.0,77.045859000684459,,,,29.0,,,,,1.0,R5848075,MAP79978444
44455423,MAP,1.0,17.0,1.0,2.0,,77.034907597535934,,,,30.0,,,,,1.0,R2216308,MAP44455423
66069855,MAP,0.0,12.0,1.0,2.0,33.0,77.026694045174537,,,,30.0,,,,,1.0,R6257198,MAP66069855
34194494,ROS,0.0,24.0,1.0,2.0,23.0,77.023956194387409,,,,30.0,,,,,1.0,R5432400,ROS34194494
8390339,MAP,0.0,12.0,1.0,2.0,33.0,77.01848049281314,,,,29.0,,,,,1.0,R1783986,MAP8390339
1250710,MAP,0.0,16.0,2.0,2.0,,76.99657768651609,,,,30.0,,,,,1.0,R3221932,MAP1250710
21274442,ROS,0.0,16.0,1.0,2.0,33.0,76.991101984941821,,,,30.0,,,,,1.0,R7869047,ROS21274442
20128523,ROS,0.0,18.0,1.0,2.0,33.0,76.974674880219027,,77.483915126625604,,29.0,3.03333333333333,3.0,2.0,1.0,1.0,R4029476,ROS20128523
41915754,MAP,0.0,14.0,1.0,2.0,34.0,76.974674880219027,,,,29.0,,,,,1.0,R8640662,MAP41915754
35967579,MAP,1.0,20.0,1.0,2.0,33.0,76.952772073921977,,,,28.0,,,,,1.0,R5871101,MAP35967579
61424038,MAP,0.0,18.0,1.0,2.0,34.0,76.952772073921977,,,,28.0,,,,,2.0,R8765555,MAP61424038
6042154,MAP,0.0,15.0,1.0,2.0,,76.919917864476389,,,,29.0,,,,,1.0,R9178149,MAP6042154
47229991,MAP,1.0,18.0,1.0,2.0,33.0,76.900752908966467,,,,29.0,,,,,2.0,R5358698,MAP47229991
56742594,MAP,1.0,25.0,1.0,2.0,,76.889801505817928,,,,10.0,,,,,5.0,R3347744,MAP56742594
30132184,MAP,0.0,18.0,1.0,2.0,,76.873374401095134,,,,30.0,,,,,1.0,R4309551,MAP30132184
22204916,ROS,0.0,21.0,2.0,2.0,24.0,76.856947296372354,,,,30.0,,,,,1.0,R5787726,ROS22204916
92276597,MAP,0.0,17.0,1.0,2.0,33.0,76.824093086926766,,,,29.0,,,,,1.0,R4520345,MAP92276597
84563196,MAP,0.0,20.0,1.0,2.0,34.0,76.804928131416844,,,,20.0,,,,,4.0,R9093743,MAP84563196
15115927,ROS,1.0,20.0,1.0,2.0,33.0,76.799452429842574,,77.319644079397676,,30.0,10.0833333333333,1.0,4.0,1.0,1.0,R8741068,ROS15115927
37065652,MAP,0.0,13.0,1.0,1.0,33.0,76.755646817248461,,77.163586584531146,,27.0,5.5,3.0,2.0,1.0,1.0,R9652199,MAP37065652
53602867,ROS,0.0,18.0,1.0,2.0,34.0,76.741957563312795,,,,27.0,,,,,1.0,R7861005,ROS53602867
92693724,MAP,0.0,7.0,1.0,1.0,33.0,76.73100616016427,,,,29.0,,,,,1.0,R7388534,MAP92693724
20254614,ROS,0.0,18.0,1.0,2.0,33.0,76.709103353867221,,80.695414099931554,,29.0,23.85,4.0,3.0,2.0,2.0,R4151720,ROS20254614
20209619,ROS,0.0,18.0,1.0,2.0,33.0,76.703627652292951,,78.3025325119781,,29.0,11.75,2.0,4.0,1.0,1.0,R1502249,ROS20209619
37617978,MAP,0.0,14.0,1.0,2.0,33.0,76.698151950718682,,,,25.0,,,,,2.0,R3437438,MAP37617978
21001771,ROS,0.0,21.0,1.0,2.0,23.0,76.67351129363449,,77.314168377823407,,30.0,5.83333333333333,1.0,4.0,1.0,1.0,R4266155,ROS21001771
43510695,ROS,0.0,22.0,1.0,2.0,33.0,76.67351129363449,,,,27.0,,,,,1.0,R9593688,ROS43510695
84483565,MAP,1.0,13.0,1.0,2.0,23.0,76.668035592060235,,,,30.0,,,,,1.0,R2603216,MAP84483565
22207527,ROS,0.0,5.0,2.0,2.0,23.0,76.665297741273108,76.665297741273108,77.46748802190281,11.0,11.0,5.0,3.0,4.0,3.0,4.0,R5798983,ROS22207527
20654818,ROS,0.0,16.0,1.0,2.0,34.0,76.659822039698838,74.606433949349764,77.278576317590691,10.0,5.0,3.68333333333333,3.0,2.0,6.0,5.0,R6710198,ROS20654818
49007537,MAP,0.0,12.0,2.0,1.0,33.0,76.659822039698838,,,,27.0,,,,,1.0,R9725744,MAP49007537
10291856,ROS,1.0,12.0,1.0,2.0,33.0,76.599589322381931,,78.674880219028068,,30.0,7.0,1.0,4.0,1.0,1.0,R6058053,ROS10291856
470212,ROS,0.0,18.0,1.0,2.0,33.0,76.544832306639293,,,,30.0,,,,,1.0,R4490384,ROS470212
22711410,MAP,0.0,19.0,1.0,2.0,,76.544832306639293,,,,28.0,,,,,1.0,R8828757,MAP22711410
11190734,ROS,1.0,20.0,1.0,2.0,33.0,76.517453798767974,,76.845995893223815,,27.0,5.16666666666667,2.0,4.0,1.0,1.0,R9805205,ROS11190734
15304328,MAP,0.0,16.0,1.0,1.0,24.0,76.517453798767974,,,,29.0,,,,,1.0,R3655230,MAP15304328
22000950,ROS,0.0,19.0,2.0,2.0,,76.509240246406577,,81.683778234086247,,30.0,,,,2.0,2.0,R4357873,ROS22000950
38562992,ROS,0.0,19.0,1.0,1.0,33.0,76.50102669404518,,,,30.0,,,,,2.0,R1922063,ROS38562992
81902315,ROS,0.0,16.0,1.0,2.0,33.0,76.498288843258038,,,,29.0,,,,,2.0,R6154849,ROS81902315
1674624,MAP,0.0,10.0,1.0,2.0,,76.495550992470911,,76.936344969199183,,26.0,,,,2.0,2.0,R1543100,MAP1674624
21407511,ROS,0.0,16.0,1.0,2.0,23.0,76.465434633812464,,76.900752908966467,,30.0,3.75,1.0,4.0,1.0,1.0,R1073074,ROS21407511
18611216,MAP,0.0,16.0,1.0,2.0,23.0,76.459958932238195,,,,30.0,,,,,1.0,R2732023,MAP18611216
3283241,MAP,1.0,18.0,1.0,2.0,33.0,76.446269678302528,,77.459274469541413,,30.0,3.63333333333333,4.0,2.0,2.0,2.0,R4119160,MAP3283241
36855706,MAP,0.0,14.0,2.0,2.0,33.0,76.440793976728273,,,,27.0,,,,,1.0,R2561959,MAP36855706
90780976,MAP,0.0,16.0,1.0,2.0,33.0,76.429842573579734,76.429842573579734,76.547570157426421,19.0,19.0,5.75,1.0,4.0,4.0,4.0,R9880904,MAP90780976
23834736,MAP,0.0,18.0,1.0,2.0,,76.429842573579734,,,,28.0,,,,,2.0,R3414200,MAP23834736
32666549,ROS,0.0,20.0,1.0,2.0,34.0,76.416153319644081,,77.023956194387409,,29.0,10.5,3.0,2.0,1.0,1.0,R6808939,ROS32666549
75797165,MAP,1.0,20.0,2.0,2.0,23.0,76.413415468856954,,,,28.0,,,,,2.0,R9999800,MAP75797165
52731249,MAP,0.0,12.0,1.0,2.0,33.0,76.405201916495557,,,,29.0,,,,,1.0,R8119659,MAP52731249
15844425,ROS,1.0,20.0,1.0,2.0,23.0,76.402464065708415,,76.818617385352496,,28.0,8.0,3.0,4.0,1.0,1.0,R3328867,ROS15844425
77891596,MAP,1.0,20.0,1.0,2.0,33.0,76.399726214921287,74.978781656399732,77.319644079397676,,25.2,8.03333333333333,2.0,4.0,2.0,2.0,R9210731,MAP77891596
76370708,ROS,1.0,21.0,1.0,2.0,,76.386036960985621,,,,30.0,,,,,1.0,R7260544,ROS76370708
63821685,MAP,0.0,6.0,1.0,1.0,33.0,76.380561259411365,,,,25.0,,,,,1.0,R3142625,MAP63821685
62524073,ROS,0.0,24.0,4.0,2.0,33.0,76.33949349760438,,,,30.0,,,,,1.0,R7999993,ROS62524073
34317953,MAP,0.0,18.0,1.0,2.0,33.0,76.334017796030111,,,,29.0,,,,,1.0,R5096466,MAP34317953
72491216,ROS,0.0,24.0,1.0,2.0,34.0,76.325804243668713,,,,29.0,,,,,1.0,R4255883,ROS72491216
46317892,MAP,1.0,18.0,1.0,2.0,,76.323066392881586,,,,28.0,,,,,1.0,R9650911,MAP46317892
15139925,ROS,1.0,19.0,1.0,2.0,34.0,76.309377138945933,76.309377138945933,76.717316906228604,5.0,5.0,4.75,3.0,2.0,6.0,4.0,R2687761,ROS15139925
10443392,ROS,1.0,21.0,1.0,2.0,34.0,76.28747433264887,75.247091033538666,77.196440793976734,19.0,17.0,,,,4.0,4.0,R7994503,ROS10443392
49918275,ROS,0.0,18.0,1.0,2.0,33.0,76.273785078713203,,,,30.0,,,,,1.0,R6059532,ROS49918275
57954208,MAP,0.0,19.0,1.0,2.0,,76.26557152635182,,,,29.0,,,,,1.0,R2256900,MAP57954208
49772985,MAP,0.0,16.0,1.0,2.0,33.0,76.251882272416154,,,,30.0,,,,,1.0,R7164758,MAP49772985
47923038,MAP,0.0,13.0,1.0,2.0,,76.246406570841884,,,,29.0,,,,,1.0,R2228604,MAP47923038
39027584,ROS,0.0,19.0,1.0,2.0,33.0,76.202600958247771,,,,29.0,,,,,1.0,R9921897,ROS39027584
53965805,MAP,0.0,8.0,1.0,2.0,33.0,76.172484599589325,,78.124572210814506,,22.0,24.1333333333333,3.0,4.0,1.0,1.0,R6244868,MAP53965805
22200714,ROS,0.0,16.0,2.0,2.0,,76.164271047227928,74.031485284052025,78.220396988364129,14.0,9.0,61.0,5.0,2.0,4.0,4.0,R5106401,ROS22200714
15938020,MAP,1.0,10.0,2.0,2.0,33.0,76.136892539356609,,,,28.0,,,,,1.0,R8107468,MAP15938020
57004559,ROS,0.0,20.0,1.0,2.0,,76.134154688569467,,,,24.0,,,,,1.0,R3869998,ROS57004559
10271474,ROS,1.0,25.0,1.0,2.0,33.0,76.123203285420942,,76.309377138945933,,28.0,2.5,3.0,2.0,1.0,1.0,R3898113,ROS10271474
26581268,MAP,1.0,18.0,1.0,2.0,34.0,76.10403832991102,,,,30.0,,,,,1.0,R2352241,MAP26581268
60598229,ROS,0.0,18.0,1.0,2.0,,76.079397672826829,,,,27.0,,,,,2.0,R8392134,ROS60598229
67546425,MAP,1.0,18.0,6.0,1.0,,76.05749486652978,,,,29.0,,,,,1.0,R7862479,MAP67546425
89925056,ROS,0.0,20.0,1.0,2.0,23.0,76.016427104722794,,,,30.0,,,,,1.0,R4334530,ROS89925056
13738338,MAP,0.0,20.0,1.0,2.0,,76.005475701574269,,,,30.0,,,,,1.0,R2031530,MAP13738338
31824173,MAP,0.0,15.0,1.0,2.0,33.0,75.991786447638603,,,,28.0,,,,,1.0,R1768685,MAP31824173
77252103,MAP,0.0,15.0,1.0,2.0,34.0,75.989048596851475,,,,29.0,,,,,1.0,R6392112,MAP77252103
3855363,ROS,1.0,12.0,1.0,2.0,33.0,75.978097193702936,,,,29.0,,,,,1.0,R3011745,ROS3855363
78410089,MAP,0.0,16.0,1.0,2.0,33.0,75.975359342915809,,76.821355236139624,,29.0,20.1666666666667,4.0,2.0,1.0,1.0,R2927799,MAP78410089
36492755,MAP,0.0,12.0,1.0,2.0,33.0,75.972621492128681,,76.284736481861742,,29.0,2.91666666666667,1.0,3.0,1.0,1.0,R9101940,MAP36492755
66233829,MAP,0.0,18.0,1.0,2.0,23.0,75.972621492128681,,,,29.0,,,,,1.0,R7034917,MAP66233829
76280567,MAP,0.0,5.0,1.0,1.0,34.0,75.972621492128681,,,,26.0,,,,,1.0,R3924938,MAP76280567
10288185,ROS,1.0,15.0,1.0,1.0,33.0,75.953456536618759,,76.884325804243673,,24.0,3.25,2.0,4.0,2.0,2.0,R4689636,ROS10288185
11350996,ROS,1.0,16.0,1.0,2.0,,75.945242984257362,,76.815879534565369,,26.0,32.0,2.0,4.0,2.0,2.0,R5172236,ROS11350996
16215962,MAP,0.0,18.0,2.0,2.0,23.0,75.94250513347022,,,,29.0,,,,,1.0,R4555099,MAP16215962
20662110,ROS,0.0,18.0,1.0,2.0,22.0,75.94250513347022,,,,30.0,,,,,1.0,R2551506,ROS20662110
36650023,ROS,0.0,20.0,1.0,2.0,33.0,75.906913073237504,,,,29.0,,,,,1.0,R9532816,ROS36650023
43116037,MAP,0.0,16.0,1.0,2.0,33.0,75.901437371663249,,,,30.0,,,,,1.0,R4007492,MAP43116037
63357970,MAP,0.0,18.0,1.0,2.0,24.0,75.887748117727583,,,,27.0,,,,,2.0,R8142230,MAP63357970
78358496,ROS,1.0,20.0,1.0,2.0,,75.849418206707739,,,,29.0,,,,,1.0,R1220431,ROS78358496
75568586,ROS,0.0,16.0,1.0,2.0,33.0,75.835728952772072,,,,29.0,,,,,1.0,R3139395,ROS75568586
32244817,MAP,1.0,12.0,1.0,2.0,34.0,75.832991101984945,,78.66392881587953,,28.0,,,,,1.0,R8931679,MAP32244817
65670406,MAP,0.0,13.0,2.0,2.0,,75.794661190965087,,,,28.0,,,,,1.0,R5563615,MAP65670406
50500136,MAP,0.0,12.0,1.0,2.0,33.0,75.778234086242293,,75.994524298425731,,28.0,5.91666666666667,0.0,4.0,1.0,1.0,R6665276,MAP50500136
80358209,MAP,1.0,21.0,1.0,2.0,,75.775496235455165,,,,29.0,,,,,1.0,R2691350,MAP80358209
31509843,MAP,1.0,12.0,1.0,2.0,33.0,75.77002053388091,,76.386036960985621,,26.0,4.83333333333333,0.0,4.0,1.0,1.0,R1924801,MAP31509843
34748028,MAP,0.0,13.0,2.0,2.0,23.0,75.767282683093768,,75.967145790554412,,29.0,10.05,1.0,4.0,1.0,1.0,R2102232,MAP34748028
21000478,ROS,0.0,18.0,1.0,2.0,34.0,75.761806981519513,,79.266255989048602,,30.0,8.9,4.0,4.0,1.0,1.0,R3269356,ROS21000478
41400856,MAP,0.0,22.0,1.0,2.0,,75.745379876796719,,,,29.0,,,,,1.0,R4774605,MAP41400856
10478041,ROS,1.0,13.0,1.0,2.0,33.0,75.728952772073924,,76.695414099931554,,29.0,13.75,3.0,4.0,1.0,1.0,R6337324,ROS10478041
70472047,ROS,1.0,18.0,2.0,2.0,33.0,75.723477070499655,,,,30.0,,,,,1.0,R9204964,ROS70472047
31593309,ROS,1.0,16.0,5.0,1.0,22.0,75.7180013689254,,,,29.0,,,,,1.0,R4713508,ROS31593309
21413181,ROS,0.0,26.0,1.0,2.0,34.0,75.687885010266939,75.687885010266939,76.358658453114302,28.0,28.0,2.58333333333333,1.0,2.0,4.0,4.0,R2979477,ROS21413181
33135105,MAP,0.0,18.0,1.0,1.0,33.0,75.646817248459953,,,,29.0,,,,,1.0,R1194941,MAP33135105
99526580,MAP,0.0,18.0,1.0,2.0,34.0,75.644079397672826,,,,29.0,,,,,1.0,R2567593,MAP99526580
33382696,ROS,0.0,19.0,1.0,2.0,,75.641341546885698,,,,29.0,,,,,1.0,R3756521,ROS33382696
87268108,ROS,0.0,21.0,1.0,2.0,33.0,75.638603696098556,,,,29.0,,,,,1.0,R8109646,ROS87268108
89292806,MAP,0.0,12.0,2.0,2.0,,75.611225188227237,,,,29.0,,,,,1.0,R1958741,MAP89292806
30028369,MAP,0.0,14.0,2.0,1.0,33.0,75.597535934291585,72.290212183435997,,20.0,3.0,,,,,4.0,R1201889,MAP30028369
53325119,ROS,0.0,18.0,1.0,1.0,,75.594798083504443,,,,28.0,,,,,2.0,R5361813,ROS53325119
45627085,MAP,0.0,14.0,1.0,2.0,33.0,75.567419575633124,,,,28.0,,,,,1.0,R2540349,MAP45627085
22937616,MAP,0.0,15.0,1.0,2.0,,75.564681724845997,,,,27.0,,,,,1.0,R1271525,MAP22937616
47717866,MAP,0.0,18.0,1.0,2.0,,75.529089664613281,,,,29.0,,,,,1.0,R7995537,MAP47717866
81941164,MAP,0.0,18.0,1.0,2.0,,75.526351813826153,,,,30.0,,,,,1.0,R7646960,MAP81941164
78452313,MAP,1.0,16.0,1.0,2.0,34.0,75.493497604380565,71.444216290212182,75.978097193702936,21.0,2.0,6.08333333333333,5.0,1.0,4.0,4.0,R5031238,MAP78452313
73272729,ROS,0.0,18.0,1.0,2.0,,75.471594798083501,,,,30.0,,,,,1.0,R3778050,ROS73272729
21172121,ROS,0.0,18.0,1.0,2.0,34.0,75.44695414099931,,76.05749486652978,,27.0,14.0,5.0,1.0,3.0,2.0,R3177264,ROS21172121
37230055,MAP,1.0,21.0,1.0,2.0,,75.403148528405197,,,,30.0,,,,,2.0,R6458291,MAP37230055
17259824,MAP,0.0,12.0,1.0,2.0,,75.381245722108147,,,,30.0,,,,,1.0,R7464184,MAP17259824
69790233,MAP,0.0,15.0,1.0,2.0,,75.381245722108147,,,,30.0,,,,,1.0,R7131282,MAP69790233
47517840,MAP,0.0,18.0,1.0,2.0,,75.37303216974675,,,,28.0,,,,,1.0,R3838935,MAP47517840
6625341,MAP,1.0,15.0,1.0,2.0,33.0,75.362080766598226,,,,29.0,,,,,1.0,R5477052,MAP6625341
57251590,MAP,0.0,19.0,1.0,2.0,33.0,75.362080766598226,,,,30.0,,,,,1.0,R6575817,MAP57251590
22204628,ROS,0.0,16.0,2.0,2.0,33.0,75.359342915811084,,,,28.0,,,,,2.0,R2151588,ROS22204628
80790863,MAP,0.0,21.0,1.0,2.0,33.0,75.32101300479124,,80.435318275154003,,30.0,4.91666666666667,3.0,4.0,1.0,1.0,R2506056,MAP80790863
21274866,ROS,0.0,14.0,1.0,2.0,33.0,75.293634496919921,,75.846680355920597,,29.0,3.0,1.0,4.0,1.0,1.0,R2212277,ROS21274866
28013603,MAP,0.0,14.0,1.0,2.0,34.0,75.290896646132779,,,,26.0,,,,,1.0,R1361439,MAP28013603
64145770,MAP,0.0,13.0,1.0,2.0,44.0,75.274469541409999,,,,27.0,,,,,1.0,R2057645,MAP64145770
83216408,MAP,0.0,20.0,1.0,2.0,34.0,75.26899383983573,,,,30.0,,,,,1.0,R1778363,MAP83216408
17092697,ROS,0.0,17.0,1.0,2.0,,75.238877481177269,,,,30.0,,,,,1.0,R8493190,ROS17092697
53975677,MAP,0.0,16.0,1.0,2.0,,75.236139630390142,,,,30.0,,,,,1.0,R6542561,MAP53975677
41200966,ROS,0.0,22.0,1.0,2.0,33.0,75.227926078028744,,,,29.0,,,,,1.0,R4300365,ROS41200966
11200195,MAP,0.0,13.0,1.0,2.0,,75.21697467488022,,,,26.0,,,,,1.0,R9305035,MAP11200195
22983464,ROS,0.0,16.0,1.0,2.0,,75.21697467488022,,,,29.0,,,,,1.0,R9563659,ROS22983464
81622344,MAP,0.0,21.0,1.0,2.0,,75.208761122518823,,,,30.0,,,,,1.0,R4720294,MAP81622344
24644938,MAP,0.0,18.0,1.0,2.0,,75.203285420944553,,,,29.0,,,,,1.0,R1442819,MAP24644938
99151323,MAP,0.0,20.0,1.0,2.0,34.0,75.186858316221759,,,,27.0,,,,,2.0,R2858615,MAP99151323
11455530,ROS,1.0,22.0,1.0,2.0,33.0,75.151266255989043,,76.271047227926076,,7.0,14.5,2.0,4.0,6.0,6.0,R7286984,ROS11455530
8098966,MAP,0.0,23.0,1.0,2.0,33.0,75.129363449691994,,,,30.0,,,,,1.0,R6235334,MAP8098966
65778949,MAP,0.0,10.0,1.0,1.0,33.0,75.126625598904866,,,,30.0,,,,,1.0,R1199551,MAP65778949
52178858,MAP,0.0,16.0,1.0,2.0,33.0,75.123887748117724,,,,30.0,,,,,1.0,R6177522,MAP52178858
29481089,ROS,0.0,12.0,1.0,2.0,33.0,75.099247091033533,,,,27.0,,,,,1.0,R6727119,ROS29481089
19989265,ROS,0.0,22.0,1.0,2.0,33.0,75.08555783709788,,,,30.0,,,,,1.0,R8170976,ROS19989265
37439192,ROS,0.0,20.0,1.0,2.0,,75.082819986310753,,,,27.0,,,,,1.0,R7025158,ROS37439192
33423630,MAP,0.0,14.0,1.0,2.0,33.0,75.071868583162214,,76.837782340862418,,28.0,6.88333333333333,4.0,1.0,1.0,1.0,R5822075,MAP33423630
31095950,MAP,1.0,16.0,1.0,2.0,33.0,75.052703627652292,75.052703627652292,,25.0,25.0,,,,,4.0,R4274435,MAP31095950
89929122,MAP,0.0,10.0,2.0,2.0,34.0,75.030800821355243,,,,25.0,,,,,2.0,R3150125,MAP89929122
65933570,MAP,1.0,12.0,1.0,2.0,33.0,75.019849418206704,,75.857631759069136,,28.0,,,,1.0,1.0,R4062735,MAP65933570
51176482,ROS,0.0,18.0,1.0,2.0,34.0,75.019849418206704,,,,29.0,,,,,1.0,R7261798,ROS51176482
15739271,ROS,1.0,20.0,1.0,2.0,33.0,75.017111567419576,75.017111567419576,75.726214921286797,28.0,28.0,19.0,3.0,3.0,6.0,4.0,R3044091,ROS15739271
22205471,ROS,0.0,16.0,2.0,2.0,33.0,75.008898015058179,,,,28.0,,,,,1.0,R8525664,ROS22205471
97498839,MAP,1.0,16.0,2.0,2.0,33.0,75.000684462696782,,,,30.0,,,,,1.0,R8179722,MAP97498839
87713446,MAP,0.0,25.0,1.0,2.0,,74.995208761122512,,,,30.0,,,,,1.0,R6777499,MAP87713446
16238829,MAP,1.0,18.0,1.0,2.0,33.0,74.948665297741272,,,,30.0,,,,,1.0,R2036035,MAP16238829
77799851,MAP,0.0,18.0,1.0,2.0,23.0,74.926762491444222,,,,29.0,,,,,1.0,R8360147,MAP77799851
73656031,MAP,1.0,16.0,1.0,2.0,,74.910335386721428,,,,22.0,,,,,5.0,R9017010,MAP73656031
53180384,MAP,0.0,13.0,1.0,2.0,33.0,74.885694729637237,,,,29.0,,,,,1.0,R8790209,MAP53180384
76755449,MAP,0.0,12.0,1.0,2.0,33.0,74.850102669404521,72.83504449007529,77.314168377823407,23.0,23.0,5.25,4.0,2.0,4.0,4.0,R1327471,MAP76755449
20798913,ROS,0.0,21.0,1.0,2.0,33.0,74.850102669404521,,75.036276522929498,,15.0,7.5,1.0,4.0,6.0,6.0,R5459434,ROS20798913
38757641,MAP,1.0,18.0,1.0,2.0,,74.833675564681727,,,,29.0,,,,,1.0,R9370836,MAP38757641
7042636,MAP,0.0,3.0,1.0,1.0,33.0,74.830937713894599,,,,28.0,,,,,1.0,R7384843,MAP7042636
95442315,MAP,0.0,13.0,2.0,2.0,23.0,74.81998631074606,,75.89048596851471,,29.0,11.6,2.0,3.0,1.0,1.0,R9380629,MAP95442315
79412879,MAP,0.0,12.0,2.0,2.0,34.0,74.798083504449011,,76.05201916495551,,26.0,,,,2.0,2.0,R2035441,MAP79412879
78123271,MAP,0.0,16.0,1.0,2.0,33.0,74.798083504449011,,,,27.0,,,,,1.0,R2310461,MAP78123271
18840471,ROS,0.0,20.0,1.0,2.0,22.0,74.721423682409309,,,,30.0,,,,,1.0,R7120685,ROS18840471
28855597,ROS,0.0,20.0,1.0,2.0,33.0,74.64202600958248,,,,29.0,,,,,1.0,R1031854,ROS28855597
74941699,ROS,1.0,22.0,1.0,2.0,,74.628336755646814,,,,,,,,,1.0,R7148423,ROS74941699
10246987,ROS,1.0,20.0,1.0,2.0,33.0,74.557152635181382,,74.984257357973988,,28.0,5.0,3.0,2.0,1.0,1.0,R5177066,ROS10246987
53585533,MAP,0.0,13.0,1.0,1.0,33.0,74.546201232032857,74.546201232032857,,26.0,26.0,,,,,4.0,R4336603,MAP53585533
65009263,ROS,0.0,18.0,1.0,2.0,34.0,74.546201232032857,,,,28.0,,,,,1.0,R9916729,ROS65009263
43956299,ROS,0.0,18.0,1.0,2.0,34.0,74.505133470225871,,,,29.0,,,,,2.0,R9346336,ROS43956299
62527260,ROS,0.0,20.0,1.0,2.0,23.0,74.464065708418886,,,,30.0,,,,,1.0,R1573139,ROS62527260
65052086,ROS,1.0,20.0,1.0,2.0,,74.461327857631758,,,,30.0,,,,,1.0,R2670960,ROS65052086
20848390,ROS,0.0,15.0,1.0,2.0,33.0,74.384668035592057,,,,28.0,,,,,1.0,R6603585,ROS20848390
72795447,MAP,0.0,16.0,2.0,2.0,33.0,74.362765229295007,,76.39698836413416,,28.0,,,,,2.0,R9271503,MAP72795447
24067675,MAP,0.0,17.0,1.0,1.0,34.0,74.346338124572213,,,,30.0,,,,,2.0,R2239421,MAP24067675
93417026,MAP,0.0,18.0,1.0,2.0,23.0,74.346338124572213,,,,30.0,,,,,1.0,R5673105,MAP93417026
79722382,ROS,0.0,22.0,1.0,2.0,,74.335386721423689,,,,29.0,,,,,1.0,R8875265,ROS79722382
22262132,ROS,0.0,16.0,2.0,2.0,33.0,74.316221765913753,,,,29.0,,,,,1.0,R4472326,ROS22262132
10249336,ROS,1.0,23.0,1.0,2.0,34.0,74.272416153319639,,74.959616700889796,,27.0,16.0,3.0,2.0,2.0,2.0,R3984996,ROS10249336
36654487,MAP,1.0,8.0,2.0,2.0,34.0,74.242299794661193,66.25051334702259,,13.0,16.0,,,,,4.0,R9815103,MAP36654487
17394510,MAP,0.0,16.0,1.0,2.0,,74.228610540725526,,,,28.0,,,,,1.0,R3932658,MAP17394510
61055543,MAP,0.0,14.0,1.0,1.0,33.0,74.212183436002732,,,,29.0,,,,,1.0,R2395160,MAP61055543
7096040,MAP,0.0,5.0,1.0,1.0,,74.201232032854207,,,,22.0,,,,,1.0,R5905293,MAP7096040
88049747,MAP,0.0,19.0,1.0,2.0,34.0,74.187542778918555,,,,30.0,,,,,1.0,R9638822,MAP88049747
26342529,MAP,0.0,16.0,1.0,2.0,,74.173853524982889,,,,30.0,,,,,2.0,R6285389,MAP26342529
11349119,ROS,1.0,21.0,1.0,2.0,33.0,74.149212867898697,,74.600958247775495,,30.0,4.75,1.0,2.0,1.0,1.0,R2554598,ROS11349119
31117527,ROS,0.0,20.0,1.0,2.0,33.0,74.143737166324442,,,,29.0,,,,,1.0,R8346870,ROS31117527
20787136,ROS,0.0,16.0,1.0,2.0,33.0,74.135523613963045,,75.019849418206704,,27.0,4.0,4.0,1.0,2.0,4.0,R1017692,ROS20787136
36187909,ROS,0.0,25.0,1.0,2.0,,74.130047912388775,,,,29.0,,,,,1.0,R8115188,ROS36187909
92113025,MAP,0.0,18.0,1.0,2.0,33.0,74.078028747433265,,74.82546201232033,,24.0,5.93333333333333,3.0,3.0,2.0,2.0,R4242008,MAP92113025
40530793,MAP,0.0,12.0,1.0,2.0,33.0,74.075290896646138,,,,29.0,,,,,1.0,R5886499,MAP40530793
22600332,ROS,0.0,21.0,1.0,2.0,,74.072553045858996,,,,28.0,,,,,1.0,R5253941,ROS22600332
88001453,MAP,0.0,0.0,1.0,1.0,33.0,74.061601642710471,,,,19.2857142857143,,,,,2.0,R5085754,MAP88001453
95600557,MAP,0.0,12.0,1.0,2.0,33.0,74.058863791923343,,75.720739219712527,,25.0,,,,2.0,2.0,R2496566,MAP95600557
96140000,MAP,0.0,12.0,1.0,2.0,23.0,74.050650239561946,,76.05749486652978,,27.0,,,,1.0,1.0,R1350947,MAP96140000
10308444,ROS,1.0,24.0,1.0,2.0,44.0,74.050650239561946,,74.874743326488712,,30.0,5.91666666666667,1.0,3.0,1.0,1.0,R9641047,ROS10308444
36978388,MAP,1.0,14.0,1.0,2.0,23.0,74.03696098562628,,,,29.0,,,,,1.0,R5147477,MAP36978388
21198987,ROS,0.0,21.0,1.0,2.0,34.0,74.026009582477755,71.923340177960299,75.036276522929498,6.0,1.0,3.41666666666667,5.0,1.0,6.0,4.0,R3258204,ROS21198987
33571097,MAP,1.0,20.0,1.0,2.0,,73.976728268309373,,,,28.0,,,,,1.0,R8783628,MAP33571097
18882093,MAP,0.0,16.0,1.0,2.0,34.0,73.952087611225181,,,,17.0,,,,,2.0,R7721366,MAP18882093
20112377,ROS,0.0,16.0,1.0,2.0,34.0,73.924709103353862,68.925393566050644,74.773442847364819,23.0,8.0,5.08333333333333,5.0,1.0,4.0,4.0,R7944883,ROS20112377
95266711,MAP,0.0,16.0,1.0,2.0,,73.924709103353862,,,,30.0,,,,,1.0,R2686737,MAP95266711
59020243,ROS,0.0,25.0,1.0,2.0,33.0,73.91101984941821,,,,30.0,,,,,1.0,R9125102,ROS59020243
56485516,MAP,0.0,16.0,1.0,2.0,,73.908281998631068,,,,30.0,,,,,1.0,R2955540,MAP56485516
88042934,ROS,0.0,16.0,1.0,1.0,,73.891854893908288,,,,28.0,,,,,2.0,R7556941,ROS88042934
3326467,MAP,1.0,16.0,1.0,2.0,33.0,73.886379192334019,,,,30.0,,,,,1.0,R8932263,MAP3326467
97922104,ROS,0.0,22.0,1.0,2.0,33.0,73.837097878165636,,,,30.0,,,,,1.0,R6707088,ROS97922104
15011686,ROS,0.0,21.0,1.0,2.0,23.0,73.823408624229984,,,,30.0,,,,,1.0,R3472200,ROS15011686
19897716,MAP,0.0,16.0,1.0,2.0,33.0,73.809719370294317,,,,29.0,,,,,1.0,R8322503,MAP19897716
21408238,ROS,0.0,16.0,1.0,2.0,34.0,73.787816563997268,,,,30.0,,,,,1.0,R6689983,ROS21408238
51249014,ROS,0.0,21.0,1.0,2.0,33.0,73.782340862422998,,,,29.0,,,,,1.0,R3149748,ROS51249014
98866341,MAP,0.0,2.0,1.0,1.0,,73.741273100616013,,,,27.0,,,,,1.0,R5138058,MAP98866341
50409794,MAP,0.0,13.0,1.0,2.0,34.0,73.653661875427787,,,,30.0,,,,,1.0,R9571159,MAP50409794
50100644,MAP,0.0,12.0,1.0,2.0,33.0,73.642710472279262,,81.347022587268995,,30.0,,,,1.0,1.0,R2500072,MAP50100644
87948797,MAP,0.0,22.0,1.0,2.0,23.0,73.620807665982198,,,,30.0,,,,,1.0,R4327179,MAP87948797
10589255,ROS,1.0,19.0,1.0,2.0,33.0,73.618069815195071,,74.294318959616703,,27.0,10.25,0.0,4.0,1.0,1.0,R3081601,ROS10589255
19924524,MAP,0.0,12.0,1.0,2.0,,73.598904859685149,,,,29.0,,,,,1.0,R8751411,MAP19924524
20646778,ROS,0.0,18.0,1.0,2.0,34.0,73.560574948665291,,75.433264887063658,,30.0,7.5,1.0,4.0,2.0,2.0,R8774534,ROS20646778
60153630,MAP,1.0,13.0,1.0,1.0,34.0,73.560574948665291,,74.351813826146469,,29.0,7.5,2.0,3.0,1.0,1.0,R7799719,MAP60153630
40745950,MAP,0.0,18.0,1.0,2.0,23.0,73.555099247091036,,,,29.0,,,,,1.0,R9390072,MAP40745950
2125530,ROS,0.0,16.0,1.0,2.0,23.0,73.511293634496923,,,,28.0,,,,,1.0,R5733860,ROS2125530
2899847,MAP,1.0,14.0,1.0,2.0,33.0,73.489390828199859,,74.450376454483234,,27.0,7.01666666666667,2.0,2.0,3.0,3.0,R9936070,MAP2899847
22101680,ROS,0.0,16.0,2.0,2.0,,73.478439425051334,,,,28.0,,,,,1.0,R5489918,ROS22101680
3368115,MAP,0.0,17.0,1.0,2.0,,73.470225872689937,,,,28.0,,,,,1.0,R6767266,MAP3368115
11173549,ROS,1.0,22.0,1.0,2.0,33.0,73.445585215605746,,73.834360027378509,,28.0,7.25,2.0,4.0,1.0,1.0,R6939699,ROS11173549
21103542,ROS,0.0,18.0,1.0,2.0,33.0,73.40999315537303,,,,29.0,,,,,1.0,R5963308,ROS21103542
86295007,MAP,1.0,16.0,2.0,2.0,34.0,73.404517453798775,,,,25.0,,,,,2.0,R2013807,MAP86295007
56751351,MAP,1.0,18.0,1.0,2.0,34.0,73.385352498288839,,,,26.0,,,,,2.0,R7240968,MAP56751351
69998789,ROS,0.0,18.0,1.0,2.0,,73.300479123887754,,,,30.0,,,,,1.0,R2379495,ROS69998789
80161242,MAP,1.0,18.0,1.0,2.0,34.0,73.300479123887754,,,,30.0,,,,,1.0,R9930101,MAP80161242
35418615,ROS,0.0,19.0,1.0,2.0,33.0,73.256673511293641,,,,30.0,,,,,1.0,R4576049,ROS35418615
9384403,ROS,0.0,12.0,3.0,1.0,23.0,73.215605749486656,,,,28.0,,,,,2.0,R1006980,ROS9384403
67227993,MAP,0.0,18.0,1.0,2.0,34.0,73.215605749486656,,,,29.0,,,,,1.0,R6951908,MAP67227993
54474801,ROS,0.0,16.0,1.0,2.0,23.0,73.193702943189592,,,,27.0,,,,,1.0,R4645678,ROS54474801
35079112,MAP,0.0,12.0,1.0,2.0,33.0,73.043121149897331,,80.67351129363449,,28.0,,,,1.0,1.0,R3736945,MAP35079112
59165777,ROS,0.0,16.0,1.0,2.0,33.0,73.040383299110204,,,,30.0,,,,,1.0,R3113620,ROS59165777
60655605,MAP,0.0,16.0,1.0,2.0,34.0,73.004791238877488,68.867898699520879,,21.0,0.0,,,,,4.0,R8405381,MAP60655605
69201191,ROS,0.0,23.0,1.0,2.0,34.0,72.96646132785763,,,,29.0,,,,,1.0,R8523266,ROS69201191
92194810,MAP,1.0,20.0,1.0,2.0,,72.958247775496233,,,,28.0,,,,,1.0,R4430326,MAP92194810
70913861,MAP,0.0,17.0,1.0,2.0,,72.950034223134836,,,,29.0,,,,,1.0,R4194429,MAP70913861
21163364,ROS,0.0,18.0,1.0,2.0,33.0,72.939082819986311,,81.108829568788508,,28.0,,,,1.0,1.0,R2300123,ROS21163364
11616707,ROS,1.0,19.0,1.0,2.0,34.0,72.933607118412041,72.933607118412041,73.790554414784395,14.0,14.0,3.0,2.0,3.0,5.0,4.0,R9907075,ROS11616707
22207239,ROS,0.0,18.0,2.0,1.0,33.0,72.919917864476389,,,,27.0,,,,,2.0,R3905166,ROS22207239
43556969,MAP,0.0,4.0,1.0,1.0,33.0,72.919917864476389,,,,21.0,,,,,2.0,R6614522,MAP43556969
701662,MAP,0.0,10.0,2.0,2.0,33.0,72.870636550308006,,,,28.0,,,,,1.0,R8712063,MAP701662
34135713,MAP,0.0,17.0,1.0,2.0,33.0,72.867898699520879,,,,30.0,,,,,1.0,R6522210,MAP34135713
97859996,MAP,1.0,20.0,1.0,2.0,34.0,72.845995893223815,,,,28.0,,,,,2.0,R1396298,MAP97859996
41948357,MAP,0.0,8.0,1.0,2.0,33.0,72.829568788501021,,75.331964407939765,,27.0,,,,2.0,2.0,R6887214,MAP41948357
20088044,MAP,1.0,6.0,1.0,1.0,,72.826830937713893,,,,28.0,,,,,1.0,R1195755,MAP20088044
72841884,MAP,0.0,16.0,1.0,2.0,33.0,72.733744010951398,,,,29.0,,,,,1.0,R7056666,MAP72841884
83041131,MAP,0.0,13.0,3.0,1.0,,72.717316906228604,,,,29.0,,,,,1.0,R3041449,MAP83041131
79179899,ROS,0.0,18.0,1.0,2.0,,72.706365503080079,,,,30.0,,,,,1.0,R4210011,ROS79179899
57616985,ROS,1.0,16.0,7.0,2.0,23.0,72.67351129363449,,,,27.0,,,,,1.0,R5426413,ROS57616985
72498029,MAP,1.0,23.0,1.0,2.0,34.0,72.67351129363449,,,,28.0,,,,,1.0,R2144892,MAP72498029
28056780,ROS,0.0,18.0,1.0,2.0,34.0,72.654346338124569,,,,30.0,,,,,1.0,R6879594,ROS28056780
78005770,MAP,0.0,14.0,1.0,2.0,,72.648870636550313,,72.870636550308006,,29.0,,,,1.0,1.0,R7548996,MAP78005770
86712535,MAP,0.0,14.0,2.0,2.0,34.0,72.648870636550313,,72.733744010951398,,27.0,7.28333333333333,4.0,4.0,1.0,1.0,R7674931,MAP86712535
98273670,MAP,0.0,12.0,1.0,2.0,33.0,72.616016427104725,,,,28.0,,,,,1.0,R9341491,MAP98273670
20177982,ROS,0.0,16.0,1.0,2.0,34.0,72.585900068446264,,75.852156057494867,,29.0,4.21666666666667,4.0,2.0,1.0,1.0,R7903817,ROS20177982
99278233,MAP,1.0,18.0,1.0,2.0,33.0,72.572210814510612,,,,30.0,,,,,1.0,R1828560,MAP99278233
20270920,ROS,0.0,18.0,1.0,2.0,23.0,72.558521560574945,,72.665297741273108,,27.0,14.9666666666667,3.0,4.0,1.0,1.0,R6799253,ROS20270920
8814382,ROS,1.0,21.0,2.0,2.0,24.0,72.479123887748116,,,,29.0,,,,,1.0,R4443876,ROS8814382
20875195,ROS,0.0,18.0,1.0,2.0,33.0,72.421629021218337,,74.050650239561946,,28.0,4.08333333333333,2.0,4.0,1.0,1.0,R8474433,ROS20875195
21401849,ROS,0.0,16.0,1.0,2.0,23.0,72.418891170431209,,86.98699520876113,,29.0,,,,1.0,1.0,R4947402,ROS21401849
22204754,ROS,0.0,18.0,2.0,2.0,34.0,72.388774811772763,,,,29.0,,,,,1.0,R8225563,ROS22204754
55392868,MAP,0.0,16.0,1.0,2.0,33.0,72.344969199178649,,73.412731006160158,,30.0,,,,1.0,1.0,R7064166,MAP55392868
22206224,ROS,0.0,18.0,2.0,2.0,33.0,72.33949349760438,,72.985626283367552,,27.0,16.5,1.0,3.0,2.0,2.0,R8153837,ROS22206224
15166270,ROS,1.0,20.0,1.0,2.0,33.0,72.323066392881586,,73.494866529774129,,30.0,,,,1.0,1.0,R2571077,ROS15166270
34726040,MAP,1.0,16.0,1.0,2.0,23.0,72.303901437371664,,72.826830937713893,,28.0,4.66666666666667,1.0,4.0,1.0,1.0,R1326552,MAP34726040
37913381,MAP,0.0,12.0,1.0,2.0,34.0,72.268309377138948,70.275154004106781,,17.0,19.0,,,,,4.0,R7280120,MAP37913381
22376533,ROS,0.0,18.0,1.0,2.0,,72.243668720054757,,,,29.0,,,,,1.0,R2997980,ROS22376533
13470219,ROS,0.0,19.0,1.0,1.0,,72.240930869267629,,,,29.0,,,,,2.0,R3756076,ROS13470219
75359253,MAP,0.0,12.0,1.0,2.0,44.0,72.205338809034913,,,,26.0,,,,,1.0,R1504192,MAP75359253
95722836,MAP,0.0,18.0,1.0,2.0,,72.191649555099247,,,,30.0,,,,,1.0,R6840939,MAP95722836
9536237,MAP,0.0,12.0,1.0,1.0,33.0,72.175222450376452,,74.209445585215605,,29.0,,,,1.0,1.0,R4143115,MAP9536237
61456914,MAP,0.0,12.0,7.0,1.0,,72.158795345653658,,,,28.0,,,,,1.0,R1286693,MAP61456914
11188366,ROS,1.0,20.0,1.0,2.0,33.0,72.136892539356609,,72.249144421629026,,26.0,5.5,2.0,4.0,1.0,1.0,R2056946,ROS11188366
62764727,ROS,0.0,22.0,1.0,2.0,,72.131416837782339,,,,29.0,,,,,1.0,R8953873,ROS62764727
76364552,ROS,0.0,26.0,1.0,2.0,33.0,72.117727583846687,,,,29.0,,,,,1.0,R4678144,ROS76364552
51668135,MAP,1.0,22.0,1.0,2.0,33.0,72.093086926762496,,72.720054757015745,,30.0,12.4333333333333,1.0,3.0,1.0,1.0,R9904978,MAP51668135
16162262,ROS,0.0,19.0,1.0,2.0,,72.093086926762496,,,,29.0,,,,,1.0,R7943419,ROS16162262
81148605,MAP,0.0,21.0,1.0,2.0,34.0,72.084873374401099,,,,30.0,,,,,1.0,R3384794,MAP81148605
17106836,ROS,0.0,18.0,1.0,2.0,,72.079397672826829,,,,30.0,,,,,1.0,R9165039,ROS17106836
21406920,ROS,0.0,13.0,1.0,2.0,33.0,72.043805612594113,,72.399726214921287,,0.0,3.0,5.0,1.0,4.0,4.0,R1845714,ROS21406920
53791255,MAP,0.0,12.0,1.0,2.0,24.0,72.043805612594113,,,,30.0,,,,,1.0,R4267969,MAP53791255
95638231,MAP,0.0,16.0,1.0,2.0,33.0,72.043805612594113,,,,30.0,,,,,1.0,R8644353,MAP95638231
60043729,MAP,0.0,14.0,1.0,2.0,,72.035592060232716,,,,29.0,,,,,1.0,R6074613,MAP60043729
67123238,ROS,1.0,20.0,1.0,2.0,34.0,72.024640657084191,72.024640657084191,,20.0,20.0,,,,,4.0,R4547824,ROS67123238
48778463,MAP,1.0,12.0,1.0,1.0,33.0,72.010951403148525,,,,30.0,,,,,1.0,R5640524,MAP48778463
1237015,ROS,0.0,16.0,1.0,2.0,33.0,72.008213552361397,,,,29.0,,,,,2.0,R2053069,ROS1237015
11344452,ROS,1.0,22.0,1.0,2.0,33.0,71.961670088980156,,72.706365503080079,,30.0,7.75,2.0,4.0,3.0,2.0,R7599755,ROS11344452
53430949,ROS,1.0,18.0,1.0,2.0,,71.958932238193015,,,,30.0,,,,,1.0,R7187986,ROS53430949
37529621,MAP,0.0,12.0,2.0,2.0,33.0,71.923340177960299,,,,26.0,,,,,2.0,R5862902,MAP37529621
93154240,MAP,0.0,12.0,2.0,2.0,33.0,71.835728952772072,,,,27.0,,,,,1.0,R2148038,MAP93154240
91698297,ROS,0.0,18.0,1.0,2.0,23.0,71.802874743326484,,,,28.0,,,,,1.0,R6383793,ROS91698297
38512492,MAP,0.0,16.0,1.0,2.0,,71.756331279945243,,,,30.0,,,,,1.0,R2424317,MAP38512492
72918294,MAP,0.0,15.0,2.0,2.0,24.0,71.753593429158116,,,,28.0,,,,,1.0,R3727851,MAP72918294
20254164,ROS,0.0,23.0,1.0,2.0,33.0,71.720739219712527,,71.958932238193015,,29.0,18.6666666666667,3.0,4.0,1.0,1.0,R5935442,ROS20254164
88790773,ROS,0.0,20.0,1.0,2.0,34.0,71.693360711841208,,,,28.0,,,,,1.0,R1686166,ROS88790773
18112988,MAP,1.0,12.0,1.0,2.0,33.0,71.652292950034223,,71.739904175222449,,22.0,,,,1.0,1.0,R6228088,MAP18112988
58267192,MAP,0.0,16.0,1.0,2.0,,71.644079397672826,,,,30.0,,,,,1.0,R5590432,MAP58267192
90173045,MAP,0.0,16.0,1.0,2.0,33.0,71.644079397672826,,,,30.0,,,,,1.0,R2207549,MAP90173045
68773728,MAP,0.0,18.0,1.0,2.0,,71.624914442162904,,,,28.0,,,,,1.0,R1334167,MAP68773728
22180329,ROS,0.0,14.0,2.0,1.0,,71.613963039014379,,,,25.0,,,,,2.0,R9575280,ROS22180329
11421184,ROS,1.0,21.0,1.0,2.0,33.0,71.605749486652982,,71.701574264202605,,29.0,19.0,2.0,2.0,1.0,2.0,R5158189,ROS11421184
15712086,ROS,1.0,23.0,1.0,2.0,33.0,71.60301163586584,,72.429842573579734,,30.0,7.0,2.0,4.0,1.0,1.0,R1214999,ROS15712086
51291110,MAP,0.0,12.0,5.0,2.0,,71.60301163586584,,,,30.0,,,,,1.0,R8327993,MAP51291110
61190491,ROS,0.0,18.0,2.0,2.0,33.0,71.589322381930188,,,,30.0,,,,,1.0,R7480304,ROS61190491
36487640,MAP,0.0,6.0,1.0,1.0,34.0,71.586584531143046,,,,30.0,,,,,1.0,R9081112,MAP36487640
85539934,MAP,0.0,13.0,1.0,2.0,33.0,71.542778918548933,,,,29.0,,,,,1.0,R6496720,MAP85539934
20288196,ROS,0.0,15.0,1.0,2.0,34.0,71.537303216974678,,72.481861738535244,,29.0,7.5,2.0,2.0,1.0,1.0,R5741580,ROS20288196
89171820,MAP,0.0,15.0,1.0,1.0,33.0,71.529089664613281,,,,29.0,,,,,1.0,R2986838,MAP89171820
42809527,ROS,1.0,18.0,1.0,2.0,33.0,71.518138261464756,,73.889117043121146,,26.0,22.0333333333333,1.0,4.0,2.0,2.0,R1324489,ROS42809527
10850171,ROS,1.0,26.0,1.0,2.0,33.0,71.482546201232026,,71.624914442162904,,30.0,4.08333333333333,1.0,4.0,1.0,1.0,R8935140,ROS10850171
15411330,ROS,0.0,20.0,1.0,2.0,34.0,71.477070499657771,,,,28.0,,,,,1.0,R2828791,ROS15411330
29197882,MAP,0.0,12.0,1.0,2.0,33.0,71.474332648870643,,,,28.0,,,,,1.0,R9620217,MAP29197882
11651930,ROS,1.0,12.0,1.0,2.0,23.0,71.416837782340863,,71.950718685831617,,27.0,,,,1.0,1.0,R9464986,ROS11651930
58108372,MAP,0.0,9.0,1.0,1.0,33.0,71.397672826830942,,,,26.0,,,,,1.0,R2360181,MAP58108372
21131352,ROS,0.0,22.0,1.0,2.0,33.0,71.392197125256672,,72.191649555099247,,29.0,11.4166666666667,1.0,4.0,1.0,1.0,R2713706,ROS21131352
41417981,MAP,0.0,19.0,1.0,2.0,33.0,71.386721423682403,,71.737166324435321,,28.0,9.93333333333333,0.0,2.0,1.0,1.0,R4608288,MAP41417981
46814524,MAP,0.0,15.0,2.0,2.0,34.0,71.381245722108147,,,,28.0,,,,,1.0,R3473569,MAP46814524
66905828,MAP,0.0,16.0,1.0,2.0,33.0,71.362080766598226,,,,29.0,,,,,1.0,R4463907,MAP66905828
10406301,ROS,1.0,18.0,1.0,2.0,33.0,71.340177960301162,,,,27.0,,,,,1.0,R8830728,ROS10406301
81576033,MAP,0.0,19.0,1.0,2.0,34.0,71.337440109514034,,,,30.0,,,,,1.0,R9925473,MAP81576033
78707509,MAP,0.0,19.0,1.0,2.0,33.0,71.236139630390142,,,,30.0,,,,,1.0,R6757148,MAP78707509
20656964,ROS,0.0,18.0,1.0,2.0,33.0,71.227926078028744,,71.310061601642715,,29.0,7.8,3.0,2.0,1.0,2.0,R8704458,ROS20656964
20980187,ROS,0.0,17.0,1.0,2.0,24.0,71.173169062286107,,,,29.0,,,,,2.0,R3506952,ROS20980187
1626306,MAP,0.0,16.0,1.0,2.0,33.0,71.143052703627646,,,,29.0,,,,,1.0,R2929317,MAP1626306
66176579,MAP,1.0,16.0,1.0,2.0,,71.134839151266263,,,,30.0,,,,,2.0,R6699001,MAP66176579
95437624,ROS,0.0,16.0,1.0,2.0,23.0,71.118412046543469,,,,29.0,,,,,1.0,R6473607,ROS95437624
68772001,MAP,0.0,20.0,2.0,2.0,44.0,71.036276522929498,71.036276522929498,,26.0,26.0,,,,,4.0,R3329126,MAP68772001
67389298,ROS,0.0,20.0,1.0,2.0,33.0,71.036276522929498,,,,30.0,,,,,1.0,R3105235,ROS67389298
89365726,MAP,0.0,25.0,1.0,2.0,,71.019849418206704,,,,29.0,,,,,1.0,R2654740,MAP89365726
20274410,ROS,0.0,16.0,1.0,2.0,33.0,70.962354551676938,,89.831622176591381,,28.0,5.0,3.0,2.0,1.0,1.0,R3358901,ROS20274410
36531643,ROS,0.0,20.0,1.0,1.0,33.0,70.934976043805619,,,,30.0,,,,,1.0,R6356201,ROS36531643
89461663,MAP,1.0,12.0,1.0,2.0,33.0,70.880219028062967,70.880219028062967,,22.0,22.0,,,,,4.0,R4369064,MAP89461663
77333587,MAP,1.0,12.0,1.0,2.0,33.0,70.850102669404521,,,,27.0,,,,,1.0,R5633503,MAP77333587
59320984,MAP,0.0,6.0,1.0,1.0,33.0,70.726899383983579,64.05749486652978,,21.0,0.0,,,,,4.0,R3217903,MAP59320984
51153813,ROS,0.0,20.0,1.0,2.0,,70.685831622176593,,,,28.0,,,,,2.0,R1878400,ROS51153813
32202457,MAP,0.0,19.0,1.0,2.0,34.0,70.639288158795353,,,,30.0,,,,,1.0,R3701526,MAP32202457
55580128,MAP,0.0,10.0,1.0,2.0,33.0,70.633812457221083,,70.639288158795353,,0.0,4.33333333333333,6.0,1.0,4.0,4.0,R6733106,MAP55580128
73369061,MAP,0.0,14.0,1.0,2.0,33.0,70.633812457221083,,,,30.0,,,,,1.0,R2846864,MAP73369061
11364960,MAP,0.0,8.0,1.0,1.0,33.0,70.614647501711161,,,,28.0,,,,,1.0,R8620311,MAP11364960
37874781,ROS,0.0,20.0,1.0,2.0,34.0,70.603696098562622,,,,29.0,,,,,1.0,R4786341,ROS37874781
79087764,MAP,0.0,12.0,1.0,1.0,,70.600958247775495,,,,30.0,,,,,1.0,R3486899,MAP79087764
16019850,MAP,1.0,22.0,1.0,2.0,34.0,70.579055441478445,,,,29.0,,,,,1.0,R4181204,MAP16019850
36645620,ROS,0.0,21.0,1.0,2.0,23.0,70.527036276522935,,,,29.0,,,,,1.0,R6658580,ROS36645620
11615242,ROS,1.0,10.0,1.0,2.0,33.0,70.510609171800141,,71.66050650239562,,28.9285714285714,5.43333333333333,0.0,4.0,1.0,1.0,R7039412,ROS11615242
66398861,ROS,0.0,23.0,1.0,2.0,23.0,70.488706365503077,,,,29.0,,,,,1.0,R7766023,ROS66398861
72207446,MAP,0.0,14.0,2.0,2.0,34.0,70.439425051334709,,71.518138261464756,,28.0,,,,1.0,1.0,R8627214,MAP72207446
90548040,ROS,0.0,18.0,2.0,2.0,,70.403832991101979,,,,30.0,,,,,1.0,R9402180,ROS90548040
46341086,MAP,1.0,27.0,1.0,2.0,,70.384668035592057,,,,28.0,,,,,1.0,R9739228,MAP46341086
32172588,MAP,0.0,14.0,1.0,2.0,33.0,70.346338124572213,,71.151266255989043,,30.0,16.3,1.0,3.0,1.0,1.0,R2121224,MAP32172588
22217425,ROS,0.0,18.0,2.0,2.0,,70.299794661190958,,,,30.0,,,,,1.0,R8593677,ROS22217425
27745104,MAP,1.0,12.0,1.0,2.0,33.0,70.291581108829575,,,,30.0,,,,,1.0,R9384205,MAP27745104
82138315,MAP,0.0,7.0,1.0,1.0,33.0,70.291581108829575,,,,29.0,,,,,1.0,R4037201,MAP82138315
93041854,MAP,0.0,18.0,1.0,2.0,34.0,70.272416153319639,,,,30.0,,,,,1.0,R2691805,MAP93041854
82273425,MAP,1.0,22.0,1.0,2.0,,70.184804928131413,,,,30.0,,,,,1.0,R2083098,MAP82273425
65580391,MAP,0.0,17.0,1.0,2.0,34.0,70.135523613963045,,,,28.0,,,,,1.0,R7770727,MAP65580391
54823338,ROS,1.0,22.0,1.0,2.0,34.0,70.130047912388775,,70.483230663928822,,29.0,20.7166666666667,0.0,2.0,1.0,1.0,R3592818,ROS54823338
72343697,MAP,0.0,18.0,1.0,1.0,33.0,70.113620807665981,,,,28.0,,,,,1.0,R3436404,MAP72343697
68092250,ROS,1.0,16.0,1.0,2.0,33.0,70.091718001368932,,,,29.0,,,,,1.0,R7263861,ROS68092250
86274610,MAP,0.0,17.0,1.0,2.0,33.0,70.083504449007535,,,,29.0,,,,,1.0,R1820528,MAP86274610
36791229,MAP,1.0,16.0,1.0,2.0,33.0,70.045174537987677,,,,28.0,,,,,1.0,R5285598,MAP36791229
18024055,MAP,0.0,16.0,1.0,2.0,,70.026009582477755,,,,30.0,,,,,1.0,R6159019,MAP18024055
23628564,MAP,0.0,19.0,1.0,2.0,,69.973990417522245,,,,29.0,,,,,1.0,R3297547,MAP23628564
22101428,ROS,0.0,21.0,2.0,2.0,,69.916495550992465,,,,30.0,,,,,1.0,R6271805,ROS22101428
51541487,MAP,0.0,16.0,1.0,2.0,,69.91101984941821,,,,28.0,,,,,1.0,R7266633,MAP51541487
11391189,MAP,0.0,22.0,1.0,2.0,,69.902806297056813,,,,28.0,,,,,1.0,R7162130,MAP11391189
71532930,MAP,0.0,14.0,2.0,2.0,33.0,69.831622176591381,,,,28.0,,,,,1.0,R3346710,MAP71532930
23491905,ROS,1.0,24.0,1.0,2.0,,69.774127310061601,,,,27.0,,,,,1.0,R4659932,ROS23491905
11413170,ROS,1.0,18.0,1.0,2.0,23.0,69.733059548254616,,70.269678302532512,,5.0,8.25,3.0,4.0,5.0,5.0,R3769291,ROS11413170
79590228,MAP,0.0,13.0,1.0,2.0,33.0,69.694729637234772,,,,30.0,,,,,1.0,R7010860,MAP79590228
20983374,ROS,0.0,20.0,1.0,2.0,34.0,69.67556468172485,,,,30.0,,,,,1.0,R3464475,ROS20983374
99872367,MAP,0.0,30.0,1.0,2.0,,69.620807665982198,,,,29.0,,,,,2.0,R4709799,MAP99872367
20857733,MAP,0.0,18.0,1.0,2.0,34.0,69.574264202600958,,,,30.0,,,,,1.0,R5969162,MAP20857733
63551648,MAP,0.0,13.0,1.0,2.0,33.0,69.574264202600958,,,,29.0,,,,,1.0,R2085381,MAP63551648
72571009,MAP,1.0,20.0,1.0,2.0,,69.557837097878163,,,,28.0,,,,,1.0,R4426622,MAP72571009
86927378,MAP,0.0,13.0,1.0,2.0,,69.544147843942511,,,,28.0,,,,,1.0,R8905666,MAP86927378
15769399,ROS,1.0,23.0,1.0,2.0,33.0,69.527720739219717,,69.615331964407943,,27.0,3.16666666666667,2.0,3.0,1.0,1.0,R1918369,ROS15769399
18487844,ROS,1.0,22.0,1.0,2.0,,69.440109514031491,,,,29.0,,,,,1.0,R5800431,ROS18487844
14458137,MAP,0.0,16.0,1.0,1.0,23.0,69.390828199863108,,,,28.0,,,,,1.0,R1090773,MAP14458137
95735895,ROS,0.0,18.0,1.0,2.0,,69.388090349075981,,,,30.0,,,,,1.0,R3788063,ROS95735895
62502833,MAP,0.0,12.0,2.0,2.0,,69.297741273100613,,,,29.0,,,,,1.0,R4347640,MAP62502833
78047978,ROS,1.0,20.0,1.0,2.0,,69.2539356605065,,,,29.0,,,,,1.0,R9840302,ROS78047978
32548912,ROS,0.0,18.0,1.0,2.0,33.0,69.23203285420945,,,,30.0,,,,,1.0,R4652704,ROS32548912
75001294,MAP,0.0,16.0,1.0,2.0,34.0,69.226557152635181,,,,30.0,,,,,1.0,R4009450,MAP75001294
61548175,MAP,0.0,13.0,2.0,2.0,33.0,69.207392197125259,,,,27.0,,,,,1.0,R5864180,MAP61548175
5708713,MAP,0.0,16.0,1.0,2.0,,69.193702943189592,,,,30.0,,,,,1.0,R4879132,MAP5708713
89862872,MAP,0.0,12.0,1.0,2.0,,69.144421629021224,,,,29.0,,,,,2.0,R3692060,MAP89862872
21912707,MAP,0.0,16.0,2.0,2.0,33.0,69.12799452429843,,,,28.0,,,,,1.0,R6739520,MAP21912707
34766480,MAP,0.0,10.0,2.0,2.0,,69.125256673511288,,,,25.0,,,,,2.0,R7942710,MAP34766480
82427017,ROS,0.0,16.0,2.0,2.0,33.0,69.125256673511288,,,,30.0,,,,,2.0,R5825952,ROS82427017
82780217,MAP,0.0,13.0,1.0,2.0,33.0,69.12251882272416,,,,30.0,,,,,1.0,R2823961,MAP82780217
69222452,ROS,0.0,14.0,1.0,2.0,,69.100616016427111,,,,29.0,,,,,1.0,R3799115,ROS69222452
9044908,MAP,0.0,18.0,1.0,2.0,,69.095140314852841,,,,30.0,,,,,1.0,R2185208,MAP9044908
21476514,ROS,0.0,18.0,1.0,2.0,,69.089664613278572,,,,30.0,,,,,1.0,R5723637,ROS21476514
26084536,MAP,0.0,14.0,1.0,2.0,33.0,69.026694045174537,,,,29.0,,,,,1.0,R1418204,MAP26084536
69398721,MAP,1.0,12.0,1.0,2.0,,68.999315537303218,,,,30.0,,,,,1.0,R7612680,MAP69398721
11670569,ROS,1.0,21.0,1.0,2.0,,68.982888432580424,,,,29.0,,,,,1.0,R9229825,ROS11670569
21408102,ROS,0.0,20.0,1.0,2.0,34.0,68.928131416837786,,,,29.0,,,,,1.0,R2613994,ROS21408102
71697710,ROS,0.0,17.0,1.0,2.0,,68.84052019164956,,,,30.0,,,,,1.0,R8034693,ROS71697710
68523464,ROS,0.0,22.0,1.0,2.0,,68.807665982203972,,,,29.0,,,,,1.0,R5301295,ROS68523464
22203299,ROS,0.0,16.0,2.0,2.0,33.0,68.763860369609858,,69.648186173853531,,28.0,4.5,1.0,4.0,1.0,1.0,R3794050,ROS22203299
2371278,MAP,0.0,17.0,1.0,2.0,,68.711841204654348,,,,30.0,,,,,1.0,R7223934,MAP2371278
7803023,MAP,1.0,16.0,1.0,1.0,33.0,68.67351129363449,,,,29.0,,,,,1.0,R4678364,MAP7803023
22209673,ROS,0.0,18.0,2.0,2.0,34.0,68.668035592060235,,69.210130047912386,,26.0,8.5,3.0,2.0,6.0,6.0,R4983313,ROS22209673
53495004,MAP,1.0,19.0,1.0,1.0,33.0,68.637919233401774,,,,30.0,,,,,1.0,R3918056,MAP53495004
59637336,ROS,0.0,22.0,1.0,2.0,23.0,68.580424366872009,,,,30.0,,,,,1.0,R3294880,ROS59637336
24769404,MAP,0.0,19.0,3.0,1.0,33.0,68.550308008213548,,,,30.0,,,,,1.0,R5354892,MAP24769404
21214332,ROS,0.0,20.0,1.0,2.0,,68.547570157426421,,,,30.0,,,,,1.0,R4763773,ROS21214332
52900006,ROS,1.0,17.0,1.0,2.0,,68.539356605065024,,,,30.0,,,,,1.0,R1102336,ROS52900006
76025224,MAP,1.0,15.0,2.0,2.0,,68.476386036960989,,,,25.0,,,,,2.0,R5935557,MAP76025224
24039289,MAP,1.0,18.0,1.0,2.0,23.0,68.440793976728273,,72.147843942505133,,26.0,5.83333333333333,2.0,4.0,2.0,2.0,R7334123,MAP24039289
2498188,ROS,0.0,19.0,1.0,2.0,,68.405201916495557,,,,30.0,,,,,1.0,R8055198,ROS2498188
85527016,MAP,1.0,16.0,1.0,2.0,33.0,68.399726214921287,,,,30.0,,,,,1.0,R7188130,MAP85527016
13103757,MAP,1.0,20.0,1.0,2.0,23.0,68.334017796030111,,,,27.0,,,,,1.0,R3401530,MAP13103757
10470809,ROS,1.0,16.0,1.0,2.0,23.0,68.317590691307331,,,,28.0,,,,,1.0,R1432911,ROS10470809
60593724,MAP,0.0,19.0,1.0,2.0,33.0,68.208076659822041,,,,30.0,,,,,1.0,R7897678,MAP60593724
19367355,MAP,1.0,10.0,1.0,1.0,34.0,68.150581793292261,,,,25.0,,,,,2.0,R1114292,MAP19367355
2518573,MAP,0.0,13.0,1.0,2.0,33.0,68.071184120465432,,,,29.0,,,,,1.0,R1852840,MAP2518573
20991838,ROS,0.0,18.0,1.0,2.0,,68.065708418891177,,,,30.0,,,,,1.0,R7892173,ROS20991838
21152875,ROS,0.0,21.0,1.0,2.0,33.0,68.05749486652978,,,,29.0,,,,,1.0,R1260708,ROS21152875
57871480,ROS,1.0,20.0,1.0,2.0,,68.046543463381241,,,,30.0,,,,,1.0,R6496500,ROS57871480
83887227,MAP,0.0,14.0,1.0,2.0,,68.027378507871319,,,,30.0,,,,,1.0,R5558107,MAP83887227
6138931,MAP,0.0,6.0,1.0,1.0,33.0,68.021902806297064,,,,29.0,,,,,1.0,R5070791,MAP6138931
92318546,ROS,0.0,17.0,1.0,2.0,,67.958932238193015,,,,30.0,,,,,1.0,R1192543,ROS92318546
93744562,MAP,1.0,15.0,1.0,2.0,,67.956194387405887,,,,30.0,,,,,1.0,R3322118,MAP93744562
19928140,MAP,0.0,14.0,1.0,2.0,33.0,67.906913073237504,,,,30.0,,,,,1.0,R3385168,MAP19928140
56263800,MAP,0.0,8.0,2.0,2.0,34.0,67.778234086242293,,,,23.3333333333333,,,,,2.0,R8297047,MAP56263800
61642128,ROS,0.0,18.0,1.0,2.0,,67.772758384668037,,,,29.0,,,,,1.0,R7783502,ROS61642128
50805372,ROS,0.0,19.0,1.0,2.0,,67.745379876796719,,,,28.0,,,,,1.0,R5718789,ROS50805372
99718754,MAP,0.0,18.0,1.0,2.0,33.0,67.548254620123203,,,,29.0,,,,,2.0,R8694413,MAP99718754
86901774,MAP,0.0,14.0,1.0,2.0,33.0,67.427789185489388,,,,30.0,,,,,1.0,R6598370,MAP86901774
41871523,MAP,0.0,13.0,7.0,1.0,33.0,67.403148528405197,,,,29.0,,,,,1.0,R3206851,MAP41871523
69559862,ROS,1.0,24.0,1.0,2.0,,67.362080766598226,,,,29.0,,,,,1.0,R5417109,ROS69559862
62645059,ROS,0.0,20.0,1.0,2.0,,67.249828884325808,,,,30.0,,,,,2.0,R1730949,ROS62645059
26436836,MAP,0.0,12.0,1.0,2.0,,67.192334017796028,,,,28.0,,,,,1.0,R1543540,MAP26436836
12766954,MAP,0.0,14.0,1.0,2.0,23.0,67.175906913073234,,,,29.0,,,,,1.0,R1648417,MAP12766954
89065823,MAP,1.0,12.0,1.0,1.0,34.0,67.143052703627646,,,,28.0,,,,,1.0,R8538449,MAP89065823
8464714,MAP,0.0,24.0,1.0,2.0,34.0,67.123887748117724,,,,30.0,,,,,1.0,R1320578,MAP8464714
56715113,ROS,1.0,26.0,1.0,2.0,,67.047227926078023,,,,30.0,,,,,1.0,R7501051,ROS56715113
14487402,MAP,0.0,12.0,2.0,2.0,33.0,67.014373716632448,,,,30.0,,,,,1.0,R6044804,MAP14487402
11631558,ROS,1.0,12.0,1.0,2.0,23.0,66.959616700889796,,67.370294318959623,,30.0,5.0,1.0,4.0,1.0,1.0,R7347788,ROS11631558
8337320,MAP,0.0,16.0,1.0,2.0,34.0,66.951403148528399,,,,29.0,,,,,1.0,R1419678,MAP8337320
58171603,MAP,0.0,21.0,1.0,2.0,23.0,66.735112936344976,,,,29.0,,,,,1.0,R9305255,MAP58171603
43872204,MAP,0.0,12.0,2.0,2.0,23.0,66.603696098562622,,67.42505133470226,,26.0,,0.0,4.0,1.0,1.0,R4723846,MAP43872204
75495242,MAP,0.0,16.0,1.0,2.0,,66.527036276522935,,,,28.0,,,,,1.0,R3726047,MAP75495242
70555991,MAP,0.0,22.0,1.0,2.0,,66.472279260780283,,,,29.0,,,,,1.0,R1535715,MAP70555991
20298832,ROS,0.0,18.0,1.0,2.0,34.0,66.442162902121837,,66.685831622176593,,28.0,,,,1.0,1.0,R4591780,ROS20298832
57366744,MAP,0.0,14.0,1.0,2.0,,66.412046543463376,,,,30.0,,,,,1.0,R4029256,MAP57366744
54973265,ROS,0.0,15.0,1.0,2.0,,66.398357289527723,,,,30.0,,,,,1.0,R4808917,ROS54973265
83092060,MAP,1.0,13.0,1.0,2.0,,66.365503080082135,,,,28.0,,,,,1.0,R4989062,MAP83092060
13939071,MAP,0.0,12.0,1.0,1.0,33.0,66.206707734428477,,,,29.0,,,,,1.0,R6249258,MAP13939071
10417638,ROS,1.0,24.0,1.0,2.0,33.0,66.006844626967833,,66.214921286789874,,29.0,29.0,2.0,4.0,1.0,1.0,R4690908,ROS10417638
35558806,MAP,0.0,15.0,5.0,2.0,33.0,65.930184804928132,,,,24.8275862068966,,,,,2.0,R7855343,MAP35558806
88041767,MAP,0.0,14.0,2.0,2.0,,65.837097878165636,,,,30.0,,,,,2.0,R4910130,MAP88041767
48453395,ROS,1.0,18.0,1.0,2.0,33.0,65.727583846680361,,,,28.0,,,,,1.0,R4160694,ROS48453395
50106028,MAP,1.0,18.0,1.0,2.0,33.0,65.711156741957566,,65.993155373032167,,26.0,5.91666666666667,0.0,4.0,2.0,2.0,R7378741,MAP50106028
9687331,MAP,0.0,16.0,7.0,1.0,34.0,65.694729637234772,,,,30.0,,,,,1.0,R8742652,MAP9687331
50502282,MAP,0.0,16.0,1.0,2.0,33.0,65.590691307323752,,70.557152635181382,,29.0,,,,1.0,2.0,R3089083,MAP50502282
11699350,ROS,1.0,19.0,1.0,2.0,34.0,65.544147843942511,,,,27.0,,,,,2.0,R3198874,ROS11699350
57220179,ROS,0.0,18.0,1.0,2.0,34.0,65.472963723477065,,,,27.0,,,,,1.0,R1421869,ROS57220179
46757148,ROS,0.0,17.0,1.0,2.0,34.0,65.399041752224505,,,,30.0,,,,,1.0,R3581546,ROS46757148
18393249,MAP,0.0,16.0,1.0,2.0,,65.368925393566045,,,,27.0,,,,,1.0,R2054653,MAP18393249
34453492,MAP,0.0,18.0,1.0,2.0,33.0,65.344284736481868,,,,28.0,,,,,1.0,R7160067,MAP34453492
54013870,MAP,0.0,16.0,1.0,2.0,,65.325119780971932,,,,30.0,,,,,1.0,R5062851,MAP54013870
32816489,MAP,1.0,14.0,1.0,1.0,33.0,65.295003422313485,,,,28.0,,,,,1.0,R5501479,MAP32816489
74564064,MAP,1.0,12.0,1.0,1.0,,65.286789869952088,,65.946611909650926,,7.0,9.01666666666667,2.0,2.0,5.0,5.0,R3045685,MAP74564064
1679543,ROS,0.0,19.0,1.0,2.0,,65.158110882956876,,,,30.0,,,,,1.0,R2922854,ROS1679543
26722927,MAP,0.0,16.0,2.0,2.0,33.0,65.089664613278572,,,,30.0,,,,,1.0,R2145266,MAP26722927
57600441,MAP,1.0,16.0,1.0,2.0,,65.004791238877488,,,,30.0,,,,,1.0,R8241018,MAP57600441
48129208,MAP,0.0,14.0,2.0,2.0,33.0,64.933607118412041,,,,28.0,,,,,1.0,R9636204,MAP48129208
13515617,MAP,0.0,13.0,2.0,2.0,,64.585900068446264,,,,28.0,,,,,2.0,R2002315,MAP13515617
95834893,MAP,0.0,12.0,1.0,2.0,,64.506502395619435,,,,30.0,,,,,1.0,R9944685,MAP95834893
10788554,MAP,0.0,12.0,1.0,1.0,33.0,64.495550992470911,,,,30.0,,,,,1.0,R6328890,MAP10788554
69920089,MAP,0.0,16.0,1.0,1.0,34.0,64.276522929500345,,,,30.0,,,,,1.0,R2277510,MAP69920089
34070069,MAP,1.0,11.0,1.0,1.0,23.0,64.224503764544835,,,,29.0,,,,,1.0,R6457152,MAP34070069
89975556,MAP,1.0,12.0,1.0,1.0,,64.084873374401099,,,,29.0,,,,,1.0,R4923135,MAP89975556
31005308,ROS,0.0,22.0,1.0,2.0,34.0,64.043805612594113,,,,30.0,,,,,1.0,R4634526,ROS31005308
94360868,ROS,1.0,22.0,1.0,2.0,,64.035592060232716,,,,29.0,,,,,1.0,R3074915,ROS94360868
72031614,MAP,0.0,13.0,1.0,1.0,33.0,63.841204654346335,,,,26.0,,,,,1.0,R7708463,MAP72031614
42589954,MAP,0.0,14.0,2.0,2.0,44.0,62.959616700889804,,65.905544147843941,,28.0,21.3333333333333,1.0,1.0,1.0,1.0,R6291376,MAP42589954
80476412,MAP,1.0,19.0,1.0,2.0,,62.921286789869953,,,,28.0,,,,,1.0,R5303253,MAP80476412
14642033,MAP,0.0,18.0,1.0,2.0,,61.861738535249827,,,,29.0,,,,,1.0,R2272120,MAP14642033
82140107,MAP,0.0,14.0,1.0,1.0,33.0,61.708418891170432,,,,30.0,,,,,1.0,R2258413,MAP82140107
10916254,ROS,1.0,20.0,2.0,2.0,,60.520191649555102,,,,26.0,,,,,1.0,R4880284,ROS10916254
41746159,MAP,0.0,12.0,2.0,2.0,,60.470910335386719,,,,28.0,,,,,1.0,R5513775,MAP41746159
74494179,MAP,0.0,14.0,1.0,2.0,23.0,60.446269678302535,,,,26.0,,,,,1.0,R4843674,MAP74494179
13998626,MAP,0.0,16.0,1.0,1.0,33.0,60.142368240930871,,,,30.0,,,,,1.0,R1778258,MAP13998626
64276654,ROS,0.0,21.0,1.0,2.0,34.0,59.238877481177276,,,,30.0,,,,,1.0,R3385613,ROS64276654
57273442,ROS,0.0,18.0,1.0,1.0,33.0,58.187542778918548,,,,28.0,,,,,1.0,R7955480,ROS57273442
38113465,MAP,0.0,18.0,1.0,2.0,34.0,57.916495550992472,,,,25.0,,,,,1.0,R3052486,MAP38113465
75861964,MAP,1.0,15.0,1.0,1.0,33.0,57.905544147843941,,,,29.0,,,,,1.0,R2268751,MAP75861964
22207815,ROS,0.0,18.0,2.0,2.0,23.0,57.653661875427787,,,,29.0,,,,,1.0,R5306025,ROS22207815
22207941,ROS,0.0,16.0,2.0,2.0,34.0,56.651608487337441,,,,27.0,,,,,1.0,R6142763,ROS22207941
49333806,MAP,0.0,12.0,2.0,2.0,,56.599589322381931,,,,30.0,,,,,1.0,R4468842,MAP49333806
59720188,MAP,0.0,13.0,1.0,1.0,,54.622861054072551,,,,29.0,,,,,1.0,R9446033,MAP59720188
90214403,,,,,,,,,,,,,,,,,R5615105,nan90214403
