,Extracellular exchange,Vitamin D metabolism,Beta-Alanine metabolism,"Glycine, serine, alanine, and threonine metabolism",Methionine and cysteine metabolism,Lysine metabolism,Tryptophan metabolism,Tyrosine metabolism,Ubiquinone synthesis,Taurine and hypotaurine metabolism,Cytochrome metabolism,Steroid metabolism,Sphingolipid metabolism,O-glycan metabolism,Blood group synthesis,Glutamate metabolism,"Valine, leucine, and isoleucine metabolism",Fatty acid oxidation,Propanoate metabolism,Aminosugar metabolism,Urea cycle,Citric acid cycle,Vitamin B2 metabolism,Nucleotide interconversion,Arginine and proline metabolism,Purine synthesis,Keratan sulfate synthesis,Alanine and aspartate metabolism,N-glycan degradation,Bile acid synthesis,Pyruvate metabolism,Glycolysis/gluconeogenesis,Eicosanoid metabolism,Starch and sucrose metabolism,Biotin metabolism,Pentose phosphate pathway,R group synthesis,Miscellaneous,Vitamin C metabolism,Heme degradation,Butanoate metabolism,Cholesterol metabolism,ROS detoxification,Glycerophospholipid metabolism,Alkaloid synthesis,Chondroitin sulfate degradation,Pyrimidine catabolism,N-glycan synthesis,Fatty acid synthesis,Pyrimidine synthesis,Intracellular demand,Galactose metabolism,Heme synthesis,Fructose and mannose metabolism,Folate metabolism,Keratan sulfate degradation,Chondroitin synthesis,Glutathione metabolism,Hyaluronan metabolism,Heparan sulfate degradation,Glyoxylate and dicarboxylate metabolism,Triacylglycerol synthesis,Phosphatidylinositol phosphate metabolism,Histidine metabolism,Inositol phosphate metabolism,C5-branched dibasic acid metabolism,CoA catabolism,Vitamin A metabolism,NAD metabolism,Purine catabolism,Limonene and pinene degradation,Vitamin B6 metabolism,Phenylalanine metabolism,Oxidative phosphorylation,D-alanine metabolism,Tetrahydrobiopterin metabolism,Thiamine metabolism,Nucleotide sugar metabolism,CoA synthesis,Androgen and estrogen synthesis and metabolism,Glycosphingolipid metabolism,Linoleate metabolism,Arachidonic acid metabolism,Vitamin E metabolism,Biomass and maintenance functions,Intracellular source/sink,Dietary fiber binding,Squalene and cholesterol synthesis,Hippurate metabolism,Peptide metabolism,Nucleotide salvage pathway,Leukotriene metabolism,Nucleotide metabolism,N-glycan metabolism,Drug metabolism,Protein formation,Vitamin B12 metabolism,Lipoate metabolism
0,68.05882133356145,-88.04999092173307,74.21172563776665,-6.29868498470825,-36.68564293576469,4.393965543706306,158.77950723152517,34.456352428326944,-47.155012100035066,-63.1691063872849,-10.943562923750147,38.8139600927518,27.02713100098282,-46.06482962712827,-1.7280599870878843,232.432701217829,-59.748943182465354,118.11149991791417,44.735013384488866,180.14478173069284,144.82988353327363,360.39313376068185,-65.96084795604654,23.08177710973375,-52.10169224409683,37.324167245517145,0.013871454999916343,405.8950751701699,210.13369880530243,-18.632017047519078,64.83997877731423,215.44601846937059,46.40162120970703,-43.83083489648243,-79.38540160314376,-46.500846880210645,-78.30014898630704,7.2530756234917355,-636.287262855718,-329.40300811016783,600.0489851152447,-53.34258442218652,74.54613408908595,45.13098044416396,18.087906876962165,-6.012719454904443,-57.307552769980575,255.82392668522527,-7.087706426508371,65.58342729971264,-60.64586738812309,430.12479216057153,-68.13640321138742,54.03804084756653,58.70107937310978,-19.409140322494267,-0.002485590533919772,-39.528942694250276,81.39433568103566,10.745414511370964,-119.03376920225901,-196.59334734572624,-44.775344416497305,426.52325248616927,37.50145673247494,-8.238184356975426,-168.9867179045956,-106.80508848263736,72.59413747697616,273.6677847066199,-8.622307210532696,-264.28680638967467,18.8420231369563,13.90791657518183,496.48172222682274,-3.7685987543894095,-21.408294544106166,0.007185323501428725,-33.00995298724227,42.568283923873054,-81.39503386689464,-11.802326575265381,13.709819018175093,-21.303394867683743,-3.5351495963775452,193.17911880202405,0.0,-16.853896391587718,-2.510658210241984,22.18116252298733,-212.61420453365255,151.9896651344179,-10.32973289547603,-1.0755985664535572,3.33938122317815,-759.1827108714142,0.0,450.19496998721297
1,78.0354655986194,37.77800344364905,171.961621243362,64.26052070097147,159.97840973885016,-60.73975985854228,37.77442492012115,27.860993087103868,-56.97816980558702,297.9325352249689,2.023771266335915,19.206623645118174,3.101858186524442,-48.35779089026349,-1.8463773828779786,114.57899857670195,-75.1194441961294,34.027704264753666,-8.643937644495121,-52.694663038302004,-21.228581404844522,352.56230312594414,-140.0047744110702,41.00554362099125,102.67549338445717,7.5601748446861565,-0.021934710803702375,347.39054375903646,58.160675677440786,51.437773223894055,-79.3766344534628,87.81232847781158,50.723895508920336,22.438421610884888,-78.62196359626695,339.34229379556075,0.2312632550726592,44.56126497083435,543.3292588938276,168.13207226980063,363.5050892414392,-24.155903762422067,51.16153275134519,30.020471560182916,18.087906876962165,-3.55615075793465,153.98451764613176,-125.7412125604525,-5.866029942192411,238.4469924827356,2.2667069164743494,288.6542486367174,-51.781027826660555,-164.09849127838754,71.24858917466257,23.838686169839786,-0.005736057223556501,117.00713757578481,73.25949978141016,1.839771430807413,-143.45592382452134,-194.81046881668829,-39.971732591579766,566.998440388924,-52.55155644764388,-7.040783636667676,-168.68430349472783,-57.33159797624453,31.06858887997225,473.29192017875414,-11.559216752594432,-41.56457063004314,17.729024295720286,177.09096762738992,561.3715222794873,-3.7706648753944916,-18.363385988449597,-0.01594647916184226,-81.30423180859256,24.93580781232757,72.14360475108859,-11.093064317468244,-37.19651094799489,-19.174092137188232,-3.036969910576888,219.70721262021502,0.0,30.4732130769386,-1.5921120132005648,26.899243223316343,-213.77502914952197,-199.76326933785782,-9.440091224178632,-1.675133911486282,76.73033638233986,-766.292851979942,0.0,450.19496998721297
2,58.207854764162974,41.94212867957862,-120.20321306217276,206.17256835881497,154.08775394592763,104.87107692749542,-85.2719414258209,-26.821121189112002,-56.38718492227164,670.6601263096436,-5.533023198033321,-1.9183091770233873,-41.71659550686494,58.96947887195058,-1.7951721780341499,235.6197621941251,-1.255666045286815,7.592343424531721,37.50646348485425,-63.4694096441972,43.954994372348416,195.96443485535474,157.08282859275266,14.924980369898183,111.85534537464233,37.939751076821175,-0.015208094366536314,371.60934764800515,37.63800948589685,20.012159954752196,-0.03131983878176925,136.13249519238693,31.488564418774704,-40.55544299731766,87.53277674160877,58.779841488511664,-2.5676699919750603,29.81220409719054,446.0156928741405,82.07966002576623,-234.51402544791006,-24.36254341869528,-277.08655490855097,-4.637162235762161,-167.21769460703865,-8.418102245216547,160.5231504261238,198.40377722213805,-2.7807852839954816,160.3384333221098,5.6691081696985055,289.54206591798936,-32.05977739405456,88.40137537955741,38.31298487405264,30.411491038080893,-0.006497513344436659,523.5771853398268,-19.14790188189926,-0.31278682816678055,-120.90617784910621,-79.51463366128019,93.79513745115472,-177.9626809953333,-47.75849837340416,-7.479727302337093,-168.47949042505792,-21.894428467705293,-116.20223980426063,428.6295743500629,-3.2309662804718133,283.2604022700746,33.951183797743745,98.6477101172722,562.2639634760056,-2.98842921630988,-19.935408116910978,-0.011156621182003057,-32.46595691693058,1.271811305713956,-83.38673969826758,-10.015953202910717,-43.85031425082812,-1.4651818123418152,-3.3190132929000646,181.16348569549416,0.0,-15.588439721974225,-1.873190233104281,26.763354539545755,-212.93452700754517,-210.44241926098726,-9.777572822852955,-1.8236710885325103,-13.273481525601316,1207.8353629626095,0.0,450.19496998721297
3,84.73418318409026,40.69864866573235,-122.08768687888642,-9.16754982443333,-1.4048305383707735,-100.16306334692489,-114.45488121314261,18.06119242890738,-57.93286217418012,670.0669488189478,-8.038134111254362,-35.12718823160516,-14.779573915776023,-43.001943506357506,-1.9539909855615523,361.8990995324052,269.6997224591159,4.548182551565635,96.36588855924762,-60.82501674208862,-137.40257401712068,248.6470620978355,-112.21571224028399,76.97964645702656,-0.7803863111205601,71.64267983946564,-0.05052328094529155,563.1902679073147,63.037699933357345,33.522040437982206,135.51025746995458,201.0996760201467,74.22399299166537,-33.31927751716865,87.59736251224281,239.1805551444641,0.17987475285552743,21.953668086387793,144.35265381353648,81.69691745849691,-308.38795314263496,126.73317028226202,35.155916658001374,23.509054296881978,18.087906876962165,-4.6804543477401,-20.878277771858034,-130.50157275855798,-9.772792829851886,148.70972073163534,25.523618039385678,573.3545772477136,259.42079030708925,-76.95047922774849,5.4055258522696175,30.550948977105794,-0.048847419036695504,460.1451599698624,72.69946931403162,-0.23766851378650758,-145.57836764564246,26.82242374232229,-56.05900656613975,-141.54070828886162,-11.914220493858911,-7.4005470509661695,-168.09080484328246,101.6627493589405,29.207294580401804,483.25068470825016,-5.7179263081914895,-260.8577693701732,13.010367398153441,-12.08953199244032,561.465628247275,-3.2951720274474683,-12.920259342716383,-0.07312656877593543,-62.87237400234364,-18.65401663581776,73.38761631132435,-9.62833611393523,-45.29085559963,-17.925317223762704,-2.97057295699651,206.67345252945233,0.0,-15.955637833974057,-1.252364055522519,24.96485509291336,-162.2277258054596,-69.4238557417047,-9.100237244443337,-1.6767851461146375,-15.186456934820065,1088.5025147457798,0.0,-548.912424523031
4,130.60371384433503,136.0892784760959,-24.25172106337385,247.09737797693114,79.10129707301076,47.340779022812995,79.00111870089184,228.196808488807,84.1707302204929,420.7441317574526,182.72181774868213,33.924520388801575,-27.713647059670976,-48.004480166477734,-1.8309316694674882,326.62364970771813,119.13359032142034,110.36353342408916,142.35872824898163,-119.76179593628794,-34.30268805722499,331.79471338562314,-39.91316727481769,63.75921538470825,70.635256220895,47.02589061353592,-0.030459697511500298,443.1902360805133,-104.90142056234136,143.47657694664227,192.04873078971121,242.37098730961284,87.48972268805302,12.619841381590277,-73.40100688638972,55.27723148231047,-16.732909148516757,91.41334049837458,-18.798070465262025,156.85823285019083,117.92418460118807,29.658618782306192,70.63718598208902,108.16475149820806,18.087906876962165,-4.396246778075291,39.655874231495815,202.6936443068705,51.19304472726448,296.22064532383376,-0.00035730487611575077,293.4412105454383,3.9048420925981717,96.94729992925794,48.24649379801313,-10.3289767668461,-0.03897888843756143,507.2544069297711,122.38682247600696,-1.5779758346577468,128.61021251797047,205.66911297485575,108.31775216489068,239.09849356349062,-33.545185366887196,0.1904154858411804,830.1848250992584,97.55861061686707,-61.4320973613065,287.80227777891673,185.06333331203163,-72.43976969645485,115.55069616588679,98.18334020036846,827.1246332126693,10.576381852830686,-0.6277078070686658,-0.04969255029122216,396.22445641624273,65.32372436056905,-49.32648085068533,40.63704279588195,73.13407833755107,134.76209951938532,-0.13538146717591698,254.2621299027363,0.0,24.526602981437243,4.3870146136659125,22.416733741271962,-210.2693711292112,162.82724412663845,-3.5797659384303575,-0.9445009844097948,66.29307180328395,-761.6697504713361,0.0,450.19496998721297
5,52.93155003470027,37.27394386904428,-124.48627991604545,294.749876803749,74.67914078699596,9.13043343012497,-71.58098384227706,6.756986578178705,-56.00302914722185,1045.2548836412611,-12.085275366707712,-32.57151663289438,-54.53367817805845,60.460368565018484,-1.9707902882513104,94.38598940570691,-112.51294698244494,-0.7572032079127828,23.30146287595178,-63.58017273066875,-35.87815602143651,200.0833393977542,156.9631335131472,54.01773824959177,278.444978243622,-63.73204935896945,-0.055191338048835296,517.8029545631641,93.77962158042801,21.689523070284718,93.53121214137616,148.40572100216838,55.862326751392644,21.433367576820075,89.79228318538732,36.139340338202125,1.2767129287025132,40.464139137379156,-445.9169876858294,93.86778652848908,-298.84556097002957,-57.47774134886068,12.246339538970714,-52.62034204784253,18.087906876962165,-7.585644837572729,51.81158714013583,-131.34025572505982,-13.925866638764598,9.208820982402212,-4.708399037567799,289.05089609850535,131.16249725620682,48.09970160140297,-19.866427501990163,-27.662008361885096,-0.052935857124640766,213.08689399976242,-298.18573596891173,1.0035114632589204,-76.83850595088951,-40.542000132321036,-45.33662606629012,-136.42223775779098,-19.23512617405475,-5.691470588253212,1329.052969694218,1.3279691876887079,175.5204518230215,544.2931558851468,-12.567335901749331,-81.62294832594809,23.471836626941833,-84.24497440583096,240.08109533064862,-3.5192401058482035,-15.898050523684134,-0.08124586377281479,110.32040087366657,35.20936584063176,-82.98914537514459,-10.234830077147002,-47.698267601141936,-21.207841428478,-2.632447460863629,168.73641782290298,0.0,-8.923943381284442,2.3914225225073418,22.151173640903686,421.5074248266765,-205.15395320501722,-6.803653404919219,-1.5835348956985362,2.759799495973313,1204.9253457217458,0.0,450.19496998721297
6,88.45868147268156,54.01016807624322,-95.74134021768987,144.55741298487322,-13.952194846749157,64.76939085981721,-79.21072343994314,132.26822008922696,-32.97606473313588,-1.725359994660721,23.193069471045245,24.301156963768147,48.628990519639686,-38.63357123752427,-1.8243845860735222,250.76165971441347,-81.92113744372016,67.83910050543064,154.09573078516198,-91.38105609538329,35.16041207517303,278.1746961600257,132.12541491933334,34.232267136516086,45.9004711649322,-12.883017800553935,-0.008479788960826991,480.8425232790283,80.01027850582243,62.44653185621095,133.09354801725578,209.02214792506007,57.19055553106145,43.4259072874152,-56.72405306184572,372.6005173849664,7.386118980205356,71.42691602879921,35.15557389659963,96.23960362888413,-76.74179155069686,-13.779527557765142,-97.45655519910909,95.25271572312923,18.087906876962165,-6.8948390747169075,-7.131700656765136,205.6745955181874,35.10059497619747,66.97895832168658,21.88756202853304,310.7690943570616,127.86094354110489,164.74866951143568,25.907597254436418,69.91770344744762,0.05693856098297382,-26.12652905554866,-27.88244466409974,-0.8380072303778852,164.01374259525826,134.8257713458188,137.38911611960447,-126.55389263190766,-5.333424438474201,24.557736837533206,-148.58162210346825,98.13583495335426,71.35759922586462,405.73394640113906,24.583832621725207,111.13874049091886,42.90446437298592,10.345011827934965,520.0198543473139,8.276147405318376,51.403982523958604,0.032977883364410904,-43.12062976593001,18.67813057999713,-75.36791104214352,25.785660531901453,38.65777745774967,41.7597335420052,7.925374797977265,221.75131565218345,0.0,-0.9046248059554639,22.992969838273353,22.92033047671294,444.00386920243915,160.65420149614732,15.914091142948363,4.639132921756417,12.096892335874104,-750.6009148538878,0.0,450.19496998721297
7,117.30317813740615,-20.328207420662654,159.0563129986176,-80.63130597070848,-63.11111148804553,22.8642669563405,168.69482932063312,78.82830435651661,104.58740252903812,-77.56597747471935,-13.472914200875685,35.73623253535409,4.706173529023215,-47.89138394466771,-1.4699043432596133,108.05958768625172,535.6968521478688,9.97849245133972,22.783560573395093,149.47146535050973,263.61906471126497,273.77999133356764,-65.40964878633783,61.14623839048683,-154.18237717358798,-84.99871471726458,0.04884309596448761,258.308364072573,-107.84242991859821,37.62504814340132,-53.102441225744855,163.25259404820827,13.69157111475412,192.62448762527652,-79.1199778310464,55.91794240557253,0.33314003645557744,70.69649635286235,-653.776445342258,79.0445438207378,677.6917033039176,78.88518060785907,4.818486204893365,164.2478838015276,18.087906876962165,-7.060078500282504,36.29810077017363,-126.22308935012045,-22.95782930708467,164.79807997790067,15.4910340964699,502.0473455523496,-24.866788710051143,323.7661396923209,20.59683749512795,-30.724588654173438,0.02631309688241744,151.9989573211712,538.3549253590834,-2.1968688676098074,-146.04783077327133,137.51891798360327,-43.90450286397427,283.98103929373144,-22.142803410774057,-8.148291344801113,-169.0331818877801,100.25547499461413,-76.62268829229419,362.7865700521603,-11.16734174936014,-264.3995414389217,24.60706252530504,-92.76968213044297,243.66055028817027,-3.8616499439263854,-16.630028955050495,0.05104438877195899,-33.017854068108456,32.42032474036079,115.97385931876619,-11.818037431969712,72.51103147586348,-22.980022466595063,-3.337722389176474,194.78683056844307,0.0,-17.212227807683952,-2.1465256515026274,15.184294170285286,450.9506272788355,159.38190332273223,-10.032215723947573,-1.447752837154648,1.4718847666419652,-766.0427994420764,0.0,-547.5924822766515
8,41.34032736520168,37.3070104795989,-99.30020803441091,88.81133375261491,38.24004376061015,220.39226084585482,-84.84847912741864,35.015109801521724,-54.878114142310935,1066.2984167957397,-14.845507884330798,-3.6952745823118613,-46.73819840458809,58.31198003000824,-1.8244271823477953,438.75128501779244,416.065335223317,-8.474044966536574,-4.017305333116528,-61.66418553888914,-187.51640226177258,275.24276229665736,52.64735368823429,63.411123781655746,133.3974946497098,-22.602820375998157,-0.0328202924173515,517.7563582563433,54.9189465691367,-0.1689885178908716,-12.927628097143979,17.90646083058477,30.68867177063282,23.38072961200449,-78.80998914109806,286.3515905873482,0.25474570018686143,44.67012220606781,-52.883066572081034,78.8469195951179,-7.904762117754292,-34.7328718787622,12.313377570724944,-34.579334661179495,-345.22296248032944,16.853525872940445,-18.70465170606254,-1.732534276847471,-6.558395135921493,133.1196343979007,26.99019197949693,286.9720466667787,-25.76274086804398,-66.51127469657189,10.151858281923335,28.70101478778205,-0.028073668685978367,261.5664134237226,58.4949447586731,-0.9954796371157911,-148.90016050364085,-194.64766701536604,21.617644987687544,-134.60580899809722,-52.613188512929966,-7.675876124240533,1328.2706214896193,-90.12057635749632,-139.58292260266674,317.4425665687276,-12.539648833263342,458.41468603784136,-3.8778921776699287,104.359608854348,562.2412967629109,-3.9805109508745753,-20.136724386644968,-0.042439786828009474,44.330592723277654,-16.80252568576652,64.44535911952171,-11.997585180484034,-49.75494959670281,-23.254085669083715,-3.285720981816242,169.41300035757672,0.0,-17.409354452221216,-1.9714968722686015,18.122020851409474,448.9900229273656,-174.02020024940774,-9.828649739674518,-1.838675691744337,-30.05507783067783,1161.227658287701,0.0,-548.9421711711639
9,108.07213297710804,-55.0784046110506,-122.07011922437974,130.39678061622448,95.41654463008398,-1.0707573975379776,-79.82358988011336,95.4981348711202,52.15019076916104,-12.658823780845324,-5.921433704349795,27.970407783331392,25.879206914421196,59.0163736546643,-1.8639347705554532,364.6593092796506,-82.1883597847374,22.2339721505323,25.75405740940629,171.00875453011753,-76.12725087354893,284.6616876850277,-104.63788521000419,59.393039808644815,148.03076100389947,169.00157298327446,-0.023414775730568656,542.5675780751856,98.9987317222816,8.755702435545388,45.171544059955615,182.12081747015486,42.5102240788101,46.36820242322166,86.53560536211374,75.15164721919233,-0.5315543889708136,53.59661599500149,143.8365143690336,-32.41127342493922,-309.7684247600742,119.35837945690949,77.50305427163237,91.74393950798564,18.087906876962165,-8.517694174826675,-43.57605114812663,-131.5862609588453,-14.22963386952976,204.03171982915987,-6.059967316162534,425.3399969345947,-64.18966903791981,153.79877435796934,13.134564712553344,-31.027425944968925,-0.031695942643159926,93.02818004720574,71.37816529931823,-2.4491673303396677,-69.68845280963667,136.18120575125113,-44.94028546783403,-14.112092441625949,36.42288959036188,-8.553163869777794,-169.18992959052412,60.89144593116996,-81.24582060792964,381.4650546730382,-3.587174633651528,98.13604940361802,24.67543052836805,122.87628950906681,562.5490138120084,-3.239730853514397,-22.52993321944935,-0.03947210221990058,-58.341483157116805,55.66695841987575,-82.70268378741797,-11.19337110447514,-44.28813552770757,-20.530016633087836,-3.722790181771761,182.06491982693558,0.0,-15.97403730157556,-2.725635568611067,23.271220680055848,85.00558018384272,-75.09532803835104,-10.575700250193863,-1.943552845692434,-0.3893409341677698,1209.7784451928992,0.0,450.19496998721297
10,98.26915797640632,-47.15367414785505,-122.74436292651004,46.44429761774306,169.01805643124942,213.1616556588458,120.123704043674,45.78510260381562,52.154043103238436,668.280849759026,-13.848651831933287,53.35762960216124,-24.732265659962614,59.50845118671033,-1.699046194338935,179.76262239060145,202.72310244607442,17.903851993814524,36.09826952617997,268.2068235203529,-106.88542322736866,213.3367347519742,-66.12879034139098,120.11100470822822,-4.861148743472478,139.91385132947815,-0.006638506120846052,398.96414666044944,-107.64003320612528,44.938396221444435,77.03991027694508,160.27908452048305,24.82525869939039,87.80219504820946,87.01876167874201,28.875483315215998,-0.17926508693974372,86.50784055322596,-454.2103734659502,78.87779443640005,445.52751603496614,84.72703084592692,14.169032505523123,-52.54992504165173,18.087906876962165,-6.881439493588444,11.353502423602523,138.94533112814744,-25.811356950485436,-71.21722130556597,-20.020321168985458,382.0167825306797,-51.91579619215188,534.4748289600634,39.73717864904029,-30.719206681984257,-0.031657135665315826,86.45317037986196,632.1323797723156,-2.1236890332399017,64.65670480364888,217.02568846397764,-44.83659948974194,282.8879826650424,25.20293664849794,-7.9008272254250915,-168.97631876874675,38.5432019623598,138.54419219005126,330.57594115696793,-11.5074161446554,-264.1896753827696,9.776569517993355,-78.68668053346963,239.4468439099934,-4.045932701368517,-19.452178817725287,-0.03419606329344721,-33.02166504073089,54.93322724251532,98.63329884024382,-12.394888967210818,11.648668552927926,-21.22156174507078,-3.517856229071509,206.66308706248617,0.0,-17.444375695381858,-2.409110807448727,25.079201883326665,-209.13369510583584,14.64026821508266,-10.293306125571648,-1.5463445622424252,-16.996660326788607,1205.4452812022475,0.0,-549.2751057635877
11,113.3193259043375,40.31974983264275,77.17480323421469,-70.98860381353774,100.1948768993543,-123.56804693592164,-73.24143008866659,90.7758897381248,-56.76094323486727,-75.32254528921783,-0.13973063381675493,10.661988061415745,17.84117858205984,-43.3997021316833,93.71380155046037,224.3869568652716,-99.34632992078893,33.21931716996864,-31.660448338151916,9.869588615496202,138.34916328326364,245.78559154928521,130.68423835282505,47.58694770409258,409.17379168774175,50.36387569478598,0.020939206440907517,372.1609018955772,139.70022837438003,50.49160435759273,178.39856487138968,199.57083952616838,86.45921511083381,39.974137734185454,-74.83361224755683,95.11733560859365,-16.06860926750525,75.20930915931996,-418.3011779006318,128.81164767837302,-295.97046834409406,123.34112800182037,32.80971553223285,257.30666461308135,18.087906876962165,-8.857400537588697,181.63781912997337,-105.46899165857725,16.842906833367547,281.57390925003165,17.81148450193487,292.5474614173277,375.0557408577395,88.42413390016148,37.4891138371471,-31.413265122670467,0.0871681435412561,118.53129866108594,-326.84124457969807,-2.643115565679588,-144.04491607505,140.5590024468623,-21.96490401331941,-142.34084575304178,-43.93991428732584,-4.073548466818565,-166.75129963513012,112.32066712904053,-119.58235902303677,264.08206786574766,-6.4757239745621336,-259.8238721671567,-2.3465336746436862,157.85089095953418,564.4944024769512,-2.2639605688257656,-4.098913955645847,0.09341506517110637,-48.520445490038995,42.0493298095677,-4.360143299765883,-3.7712462584022473,-39.35671835743342,122.12880895669332,-0.6180590886582293,207.8524621196829,0.0,10.211839129352565,1.194552166118883,16.405617854718084,267.768504830739,152.6080491519641,-6.422492980211546,-1.551147738101896,44.157273245751014,-755.536299052829,0.0,450.19496998721297
12,66.55742477407554,-61.42334949706464,-108.86927588789885,277.14943998777784,280.2770065756778,-8.498476815089434,-73.73785740156342,36.309129995140744,-56.300674141341815,-72.08957148091,-10.298154478468323,62.151913361076744,22.364282347827164,58.81018405723845,-1.7398552752920557,229.8826627442059,-93.82148570975882,-8.208427909704183,-127.53894912559865,144.50643009904206,141.82266240178478,140.94803344035222,-65.59057256486102,48.566842304712445,-10.267495051078726,7.693232230248856,0.00458161885663639,263.61463853718436,112.3768266805965,18.23910879900875,78.4980272068766,200.79221424171357,36.749163635998414,-49.14061914465257,86.85622785673384,35.093021624337425,0.03875370746336859,17.11425336044777,-43.076204491875444,80.23691265894665,-259.65913274344535,-27.224004219041948,3.4685704711975154,-33.79575829089304,18.087906876962165,-8.519086091225004,126.92333593324372,-120.13272113315514,-6.209648037008464,-48.0066257183755,-0.670896027439544,397.08408002420487,-53.31574659961012,20.196455852153207,22.87148389926285,37.43506253336916,-0.009752916010396169,-39.13673183734291,71.96094327730151,-0.3244894094086619,225.54426241033656,-196.62587345550799,-44.923912945265805,-2.9375585257552195,37.61181108010582,-8.367711592260653,-169.2771023626213,-87.32951122604199,-6.922423563508759,431.0448242268916,-7.973554824919371,288.21124003110094,39.79044792849494,-94.09974249471144,551.7208167911566,-3.6792575278880997,-21.679927892228772,-0.00439255730402327,-33.11786147869374,-20.045930919889614,-82.76108839915521,-11.778504164856193,16.57579082508381,-23.628848285671246,-3.5791904918759814,166.59134602042806,0.0,-16.762978646345374,-2.6095631013245955,26.5196127590832,-210.43855534502515,-81.82661781829107,-10.43801848903003,-1.1097049356878104,9.444957593954737,1202.0921002480775,0.0,450.19496998721297
13,114.82287466966118,36.72522987021859,174.74700066658366,11.481525677617084,-32.024942003217696,266.9343581647923,129.50578179374872,134.68421147995653,56.12429392767341,-75.344913248437,-15.941369767595571,-3.821932905099483,12.424055660629177,-48.35552625360773,-1.6673814588346563,157.6307699719878,385.0892499494397,-0.8387525982216596,119.127693080226,89.69558734911983,144.26151353609154,132.1669022650253,-66.31645922245087,52.731938730314056,172.40368148857593,-91.12201513764613,0.021929805350989616,228.09489970274575,-109.78198430002114,41.50855168520211,-6.758447635190951,177.251529829156,54.658076406977955,-21.158093130807366,86.95434233023211,21.09754959900724,0.40198008081657804,51.028443091603194,-654.4220646864067,78.70268774066764,566.3377164257512,87.55114710139077,147.09330414007556,142.3447015216164,18.087906876962165,-8.60358569469817,83.78251731867478,-130.9681199087598,-23.136568549558653,216.3570748893492,34.86129354643307,289.8409041213492,-26.538626537315857,-45.59143589801419,65.61348465393856,-31.378805992838412,0.014323855085046406,84.1070500609996,668.7710459683555,-2.5763584461127973,-143.60465441183376,71.37839379711384,-0.4906572089673972,286.5453734996758,67.21869296508272,-7.905979515283905,-169.19238298818212,44.666189810959345,-2.743756127206215,370.39566299700755,-13.672300919272141,-113.77456570808886,-13.169598366299615,-88.15755858994689,538.9099001013693,-4.24930186531406,-17.803153347164784,0.028622789204372945,-32.81175091415814,-21.809036269292694,58.232998954381436,-12.416170106555743,-9.815088185297382,-23.63564609953979,-3.3515785418973776,191.02068872282214,0.0,-17.617374664833928,-2.193808111467745,8.220015679561245,-201.33597715041955,154.94268639902356,-10.04109150243592,-1.7068517846886582,-13.531035660515812,-749.8047000404877,0.0,-548.3378723458973
14,114.98118247829149,-117.06053409789585,82.0633875770539,-141.32835309732687,86.88875946823806,110.00331407212076,233.20808381219112,123.54592276979439,159.58106154403137,-75.34369618651311,17.452648725714315,136.44909139175914,43.395795482858304,-46.99673990375981,-0.4092803030680069,46.83732355555249,66.58820512833152,25.03959839799383,-111.34124169113353,82.22145580535366,347.16442240733403,160.49967969098833,-64.18339884955405,97.6248048676864,203.70194679824166,-14.320585818459536,0.04851519298834348,260.590006452247,-100.54435818696463,90.09836654685255,-32.44227514141538,170.65752895357915,75.98565297501007,32.91654409569316,-76.74230272646219,18.693784009681156,2.0781564201072875,82.70607299722292,-549.8956143944122,268.311506237381,681.4675396971058,-56.048972842889974,-44.60489617765019,34.832158931387134,18.087906876962165,-1.2078712468077328,-52.75595147019718,-125.19469940929214,-20.861230907171752,272.2363815691527,48.959644452517416,433.0607092000996,-25.478013229752936,-50.63654900038813,-4.999986284970576,-28.515731997559197,0.0027280801517758097,396.8646095677843,656.0368035304616,0.02148824163035621,-143.38184527742814,28.564543873388768,-40.14531199494662,-1.9432389884153736,-23.832366748888052,-5.628605205542927,-167.78771097491114,80.72026175362467,-42.213125084719245,464.5115768054848,-13.550138114549975,-261.2331548840911,52.11557672793356,-187.0582030547726,232.33527225723813,-3.397149399185684,-10.70551006714596,0.025385157696767024,-31.32144431963534,0.06964135711825215,64.79079947921358,-8.032914214874573,84.1136965945639,-21.723024393505455,-1.754349966951942,167.904037432259,0.0,83.40803823989098,1.0722442454514942,23.202415708370417,-211.15760930044118,159.93428823533216,-7.519402505786347,0.33506042509800205,223.14233134996815,-771.1577904583366,0.0,450.19496998721297
15,111.27953418698472,48.50356607341793,276.55397568901327,-38.540101915632405,46.89161513925115,229.2364876346755,215.6273987097892,94.8387127794511,-52.974623016055155,-169.55440939816583,7.5911971314274975,-32.689520045756716,-4.6054986088243135,-46.57124899168437,-1.600443437917216,137.7364972899599,-6.328770251383922,23.668293469224036,112.61362609477278,170.15860752495465,155.6306012897092,437.21721142115774,-63.50008030721113,21.467346675647875,37.58154093664142,172.30120684331683,0.019112089652667072,128.84729414714292,115.33278015271507,55.94995232068629,-73.11268347844118,253.0385174394712,50.281478958010815,-7.6856117200380325,-78.78952818600031,89.56312373381814,-6.271952468429004,128.29055087607884,643.6030043458402,87.24299064142001,406.44721481429224,129.44333053093493,-64.23985785019957,142.10657437918047,18.087906876962165,-8.532153853654055,56.72584598200175,201.54069996461664,-10.508875486469291,89.61863767159721,40.67728020407319,289.34603702475357,-21.993060598301074,187.17781547484557,22.579886372278576,26.19570585599669,0.019511559560286725,267.6059199823104,71.65559151083103,-0.8334090202165155,-138.16330685015922,25.74613051929984,114.37981901518026,145.55401005058474,-45.57456579165059,-7.614275514385115,-168.4360927075826,105.63409988392792,32.48091239266348,456.385411547642,9.891908506599515,-261.6243106449099,10.6313675802623,61.958031563897904,561.8040231272463,-1.8190464854093367,-17.666582163552636,0.03417799869239185,-32.39881134862812,59.874817184886254,-82.96157050852233,-6.890190752849772,25.332451734249965,25.08284395476296,-3.244276628715846,236.52613351824084,0.0,-12.925758722907085,-2.0127266787874034,22.03219231398977,-155.38291076224382,28.82698156813636,-9.812103131301358,-1.6507492664767376,-4.0484155604912795,-742.1518401623493,0.0,-537.714718902359
16,191.41272185922332,74.92504766207404,112.46560063355301,104.58578132285365,327.3411718689207,3.424231841670286,75.06844033464266,153.63899357072117,-29.114168084230275,215.38163217744847,88.190520782293,36.8320447985114,106.3319251404172,-45.92698137043996,-1.5742348482029433,68.12993988324085,-55.819599560352636,165.9576722795901,40.71888849641716,-70.12551969231424,149.40163738683404,380.87775448724585,-8.08157115550415,168.1808544322846,249.44218608703403,174.5252446387256,0.048804583167984174,374.421456906911,-107.85431231869156,130.13320813866758,197.15080993683722,305.6971125341489,122.13842275818004,62.673658927743276,-4.36642526419379,54.80221774133182,-53.69142453442038,113.39159096027558,-55.54914157743467,304.88471084249204,-126.10865292430337,177.29585200550042,129.52117057383867,320.83216346571174,18.087906876962165,-7.013249992967223,54.359824309246896,222.24166787608564,61.025423457853,634.294421509391,97.09833555374173,572.7150184267257,31.945212664091862,349.4148970767654,40.12457032474211,-30.656280273190674,0.09983884723773097,92.00155403070649,303.7098996003243,-2.015216062645221,367.4833709911041,195.3063967795282,195.15564279874704,793.5730990174333,90.36266017692883,51.38320164737752,-138.69577461427855,165.5680771766948,-17.536831942826957,305.3271734795455,62.73487168115688,36.4548984392344,52.94883836533866,-34.678219299430154,567.5022747913123,17.7578126228124,378.5233634794088,0.12722568299070441,1.8552431755312253,32.07266905482365,-46.388257841671155,146.47018577249713,27.417938760424615,375.26533276926284,29.572852564319373,297.5612940160946,0.0,328.93649444336853,88.98203341868194,22.827642554191584,395.11308437247254,185.10843561117295,59.832194857834935,8.472547997018118,226.5985053614892,-768.9647134487371,0.0,450.19496998721297
17,82.82395677215356,38.10379007418565,159.61423348825286,11.466809385808741,80.58516355920277,17.741842073237645,-41.84928115641902,56.818903574811934,-3.2156588054107655,738.2107153194488,-13.043474724749395,-35.85440536305793,36.087777180261924,-47.542220832199995,-1.7946741202987784,146.2428225408627,55.715487458600386,32.11721228582638,90.41615123845533,-80.3532801456557,145.5985188170093,406.8734731770749,-62.09991926163096,121.32387336885559,247.30176426929015,76.37642654996704,-0.002712895594160515,262.3859356821333,78.13478197726748,45.66899542743914,27.234214064605176,117.77267255055456,30.70571233898884,-15.504737628170682,-74.7831256052463,360.6419480313886,3.272583807932687,66.32673452765495,-55.237613298433644,82.22184502076271,-138.07435918622403,-22.828705143350376,5.572767015093514,121.35446051159525,18.087906876962165,-6.827423513842631,61.13834058836883,202.49508527537088,29.80345246586509,428.5121083780311,48.89258201449346,362.49304431171674,11.356026654923308,210.67650289992534,29.30574561861901,56.921874006952535,0.04701702141903766,248.16856954940403,-22.10326085859764,1.7533577123618433,-20.574875625160637,29.35049427003869,119.47595505350846,43.62481534506453,-14.084662883032427,-2.438523318994046,-165.79539852291563,101.08901414577667,3.098457386548531,311.4025384233069,-10.907643491562382,331.76154678086783,59.98634099463842,-74.21147452311106,554.5397289822253,-3.001526084191001,120.06941711033711,0.036148500574042786,-29.565460027838583,-14.682780155834838,-66.13279059898441,-4.907937701480874,92.94313565568265,-17.832181934399806,-0.7884783673032889,253.68589965907276,0.0,-15.196137101779971,2.0330388964225685,23.159543010504418,-197.82644548056604,237.4525291783268,-5.580583586079415,-0.3381289394735058,-4.246051776548644,-767.6642954216866,0.0,450.19496998721297
18,72.56289268409168,38.35140517300398,-122.08732145313078,48.33228575737019,89.14150560382981,79.46737878801389,130.20391022869418,37.37545306235309,-58.098053116588666,436.19794666422996,-12.80767487432772,-3.07218357501993,-40.53740943461384,58.627507834748684,-1.6414280571360997,217.23099699139271,489.9826944042665,24.65247008408865,41.26642523573845,360.37140194453247,-17.212159097862354,157.45513726385357,-65.88812409928117,91.60568143313711,8.485021793841657,-74.06838910676035,-0.025530709599807255,410.1599580572531,139.89021924407044,3.2675083654643693,-71.61067742782052,231.533892763135,39.87738739321119,-58.258718516701,-77.8545102130263,68.89039982203498,0.1770277941280153,43.873546909770894,-607.3643178826927,79.52730341505004,657.1764966095567,93.61395836739798,9.993778601187708,-29.76790940332057,-299.88130456003694,-8.672320999022464,160.48580640822735,-131.77134170008026,-14.956778577629038,91.52296516838304,9.590081815321795,288.2015302025179,-52.05617311095509,362.2149441561356,-10.044843747421847,-31.29336622554707,-0.02212071236244698,85.21064619720815,-327.03710079012615,-2.556990408642206,-68.99751832174539,244.88231150284457,-44.68656005698005,-78.4206739581978,7.758021291588531,-7.845600283687711,1328.2635838662795,37.65777045719093,28.020962484940682,248.19981569280674,-10.536893264649814,145.64050603045203,-15.96547167084001,142.47933445178293,369.977080489632,-3.855473676097285,-21.1530250491696,-0.031679584441067166,109.91591448476326,55.0658070592349,17.787165440629302,-12.10685813435268,-47.98979655179875,-23.1504580949265,-3.492124112158329,155.60864416203452,0.0,-17.072651370048824,-2.0718844214609993,22.252714194847343,448.6406108250197,-22.927439269433435,-9.988635231124322,-2.027059964038644,-24.170325805075418,1187.5014335374644,0.0,-549.0963091909647
19,69.81635351546083,37.2441646603208,-112.05043181890014,26.908453298221627,-47.80436925193936,64.03369729138724,178.29324262671025,103.67174873233994,-51.47122199589771,-70.46352221234912,-15.379815691602866,-3.87760581822545,-6.485944995010369,-39.46834160467758,-1.7834868862684385,108.9839424643325,29.891642028866286,-5.876521536390977,39.823091197682075,69.99421772174668,23.80993212633813,326.06035890360334,-66.40698080660601,42.13971067600426,6.11184915977351,-5.019606275903756,-0.030369147864265224,252.01613745228116,-23.185110415522363,-6.320652905543552,-58.017242506840375,195.46711051397574,47.04187018492781,8.022135016282927,-43.345617594593676,208.3229569781844,-0.3816382361773784,63.43297431303243,-654.6218431414329,-235.36370939613045,415.45836627739726,-32.66652574660647,134.84602461839475,16.46595022483942,18.087906876962165,26.95665165783621,40.87059324903166,-131.32582426934675,-11.368498526718625,486.69470213037465,-15.18158133233247,288.15496704413596,-58.744083232703254,-169.85229154328152,2.690589215862716,-28.352279425006774,-0.05005001699004476,90.1833210569144,22.988405259204296,0.836574373624171,-81.21267430836893,-196.7018682153213,-45.10605538404301,152.1819973187849,-26.523980663236674,-8.421953047928122,-167.5553161283317,-104.58204898454277,0.2649428956969536,298.3480062933969,-13.030216817992374,274.53454956281087,13.753014470492209,-77.29948539607831,463.20293422629624,-4.221645282676348,-21.750489280229335,-0.0635562022112956,-32.084075529785885,55.078899906663914,61.57921916062522,-12.928874379054813,14.724973546466272,-20.77780646558184,-3.5903128523994154,163.94499493880994,0.0,-17.777167430844038,-2.6389574175419446,15.485182851268002,447.51189888433345,153.04522427517287,-10.458656725206838,-1.926017215812627,2.5920999649812217,-714.9659344606061,0.0,246.41788081671257
20,63.928497254000945,40.83547292514886,-119.80127479832701,133.27873216068463,64.53166394896355,-20.024074286812358,74.44203875705779,75.32617675399351,54.553098745315,177.113427591374,-7.769849634450151,-35.37129048398246,-68.58784200481107,60.78571227153691,-1.7745060235577068,237.20801725627626,-79.13974474033152,14.549665041562681,18.243786480906838,-59.454855428253346,-33.345111253951885,179.3097557354434,156.22050209830184,44.26887191540415,284.4837621848915,-27.5998485030859,-0.003535749052285895,432.4763129784199,58.085633027261885,23.87398090431064,-18.763408392863532,94.95663002967616,73.95240867286967,74.48159560699709,87.01960459166794,25.482373220978975,-2.150267337245455,37.078605962900156,141.01233823777198,81.22893013869654,-289.5915981153294,-20.804472057837202,-55.49418691221519,-47.380403559775644,18.087906876962165,-8.687100869622176,118.82046478289755,-131.27186722983805,-5.2508506040444365,443.830329965297,6.742697252183078,288.31012291255576,-51.91397816252876,47.524071221849255,4.947969490905707,23.983925891287118,-0.013995638149369966,518.8264366635616,72.77003118695453,-1.6796401246030714,-122.04179766925715,-196.71136114839015,0.002821383419287571,4.298876964700639,79.73183631842745,-8.411447923014498,-169.02385097657475,-89.04693028852061,-6.383074990315486,363.3624961187815,-5.444277789839764,-263.0268068719604,45.61430503234026,-20.92457083967258,565.5418853261098,-3.426626526021176,-21.119775285450682,-0.012057288485359308,-33.06742342190402,-18.908399726596368,-83.35714259577928,-11.189538064981456,-45.359754427907816,-7.916314853897769,-3.570077243845487,213.6373861496829,0.0,-16.250542718991813,-2.5514609240568396,27.134383147335953,119.22498737454585,-85.79880584052056,-10.405598714080528,-1.7581935225150216,-15.269069006959421,1217.4384087514004,0.0,450.19496998721297
21,112.18321528174562,49.45550878152357,275.767494155183,-51.82216695644762,-54.41565484616407,73.3321858697686,106.62100245342025,87.80554915541717,65.72886079089146,-58.56826449770003,7.818557308137391,-35.15774418864699,33.50942080599066,-44.251967141037596,-1.7765398445886906,220.78674463096826,-69.52979574692793,62.14914446243425,-11.215410683083508,268.8890606965097,100.71258405051735,247.7443527670297,-63.89497708761894,61.37764648476864,30.98861389299566,43.5559088579894,-0.0176943765615643,542.8094780864744,93.94047978095305,27.06165032927759,4.140429850591005,318.12573630509024,4.8243440613361335,4.8999211762463935,85.66861848752863,116.68025947553343,-33.151975848577386,41.24228488690365,-47.13995629996489,78.43833462322763,-167.7885061815331,125.0324991859255,136.50642980567423,189.16141755834798,18.087906876962165,-5.851937771884991,3.571389706568067,-130.44706120060658,-5.569186508179697,339.4975312133232,3.5523766264964327,288.0764104342835,-54.092947095721264,182.68102277668442,41.69918364109989,-30.22472126437499,-0.03160010739533387,217.89061743543087,71.54535878098002,-1.7993677703673578,-118.53233428651038,136.17599297827053,-20.719147998549953,2.826496601089137,22.02046848211749,-8.55005979294233,-169.3971018111481,104.00840186475479,-33.535242679116166,413.4046400097045,11.795793921972049,-263.24707336538296,12.333569081213943,4.150603364851847,560.0967020377528,-1.5704987029153095,-22.571025994179678,-0.038267573054306225,-33.35668537519123,30.80408379054143,63.7733328240088,-7.7752592814664565,23.836971146401336,28.126383660598016,-3.7230725556915427,214.2710535676602,0.0,-17.837652513749205,-2.7492875535652948,8.464380229046387,119.563681474966,30.255906980612437,-10.567192395339264,-1.9381891473230468,12.101643705166394,222.64928938432496,0.0,450.19496998721297
22,63.98783809550245,-116.34473467220111,-121.39345676102762,152.34675544077786,2.7811217709194374,216.21164837596794,189.62864952968033,40.21548882535589,56.969125776688855,673.7543805089313,-13.665829675455996,60.661229177936576,40.69097730625523,55.35575060674218,-1.5301022778119715,244.3200327405962,148.84829721074712,41.23380115832652,4.203429575598615,435.2320542148075,57.249800219921994,349.69622437910164,-65.60486451038078,9.51699447235848,5.81078827716216,-81.58547098301645,0.07029780064092885,404.6608941112511,99.96425749409674,-2.5584148333641137,108.87680988872084,292.8791192925254,64.77925165959174,-50.5330879420029,-78.67055361240062,108.70734559000262,0.4270606868665796,47.19369577955314,138.01888621007282,78.98298770984255,648.8595208366547,-77.74829404093651,5.339110719025025,-32.180623376143224,18.087906876962165,-7.353953642844925,234.52881462577398,253.35256274082894,-22.65457505964687,14.881858138745061,1.9954765577762665,431.0936599557384,-51.61265817523472,156.26775456005242,0.7441608724701451,-30.318518208540286,0.04610032916148311,456.60797714179637,72.91253796825171,-2.073520263375244,132.64017664128775,25.916646192475458,-44.44004373020744,-138.0721807751515,-23.07771572777271,-7.31768046883904,-168.4843840190473,43.74532401799473,-4.152218655993057,290.84718588792464,-11.372319346327947,85.07622716370027,-15.043993323271215,-50.20102253605696,51.739675074772926,-3.7198939994133298,-19.1248779266698,0.08012198000728774,-32.5229588927777,54.941330726945466,60.109371091277225,-11.444643562229183,-48.663182808853726,-22.51726738758854,-3.1783278502117867,196.01858609744752,0.0,-17.146268972142117,-1.877238096430772,26.599329308996126,-210.03221577129924,-81.8659237074589,-9.739092060024136,-1.302245628335382,-18.46420986266345,1187.10406529604,0.0,-548.7640609380509
23,47.4509214700109,23.129649125384375,468.82105250760924,59.60450149285676,87.08982622244734,-64.43660775184121,-1.7277294798487723,-3.0549027215349356,-57.13307165431892,-67.03406995539834,-14.715987221014178,-24.433508000671793,-68.48280141110774,56.07021277387451,-1.6211877192950428,240.22812637733563,87.8012745214384,10.897304669628703,32.51766529682,259.5415842806047,122.92811347711707,101.91280122068522,-66.34941166783841,20.345121236056315,111.51486183898866,91.7793468989115,0.0125370219505588,212.8110002175155,27.528438680836967,15.610973801966452,-16.55113834948294,178.4035350542947,-5.108446412287598,-40.37759241723145,-79.04497916393431,50.56169831869873,-0.9934641394971235,58.41636763756301,-52.11774269770863,29.06665237017137,352.36698659745554,-66.97083036701079,51.37271441385688,-41.702149815538526,18.087906876962165,-8.501100902847753,-73.50191824216631,-130.48406730867245,-23.036773131920313,262.4742514194392,-17.845638382225836,147.69492541658224,-57.174324557507,60.544536590475765,1.7880438590260026,-29.86581946152053,-0.004474782022220649,-39.59326825775142,32.19830026021683,-2.1796533776227442,215.49977455101603,25.653614623451485,-30.85402234959664,-57.56249859927989,75.46529944374834,-8.1575331581119,-169.24739086085216,40.14191039888139,29.794459038124167,575.1617707273366,-12.395537927219726,455.0116597332657,-25.080910027480922,-50.4891450762784,-30.587580083661432,-4.138593853670271,-21.188191337209616,0.0026264510068110813,-33.13686691254735,16.431730756773604,-26.580837920115847,-12.615267784409879,11.565446383293253,-20.861912988763823,-3.525468947208278,139.95584706692395,0.0,-17.599907205498848,-2.416546928899918,18.998426498375476,-206.98030651545014,-80.33984455558752,-10.265620508256022,-1.7884600676276143,8.579801813232757,1141.8768659762327,0.0,-547.4955952162471
24,54.39727246542724,-111.88905838139584,-117.41373708036413,5.4555974115869335,190.25408980618693,165.7602081561461,-47.24450666245481,-28.663893620414154,-56.24318264404573,604.4504052523648,-15.882927711527536,-35.43279447734622,-26.64203887468328,50.41672357408399,-1.5733822462840008,57.97556510930135,274.3744807267315,-16.798975406773902,-149.85408370002355,-20.18959295514736,188.9965596588484,196.25638044123713,-66.3640586055703,31.09531530359011,42.95286925662862,-92.36965816336775,-0.01585095919895109,190.9557326920825,18.89071519612886,-10.1459459646996,124.29129812624267,62.14631191897582,24.542511504783203,-63.56402540333344,-79.16670779973883,56.44928471202943,0.2675762050602157,85.29263467868546,347.0530845171929,78.59969163870379,6.455324101682838,-79.3482294531201,146.96097458445578,-29.480115584840622,18.087906876962165,-6.437153620732665,55.94879483180064,-131.45792506520823,-15.041170127865726,105.01315162851176,23.227124293618953,360.83922513305896,-25.96828886669549,-82.3891014151532,1.789256361463413,9.340729832493004,-0.013860506806151624,293.2269874209642,-319.2075205232694,-1.9659528693855675,201.51247559081096,-196.00659357845714,-44.71169085747573,-145.38589692269434,-2.9260454278295236,-7.662790047778474,1329.0328602896157,-90.94163819471916,29.496278777616173,367.8217925780237,-13.570727341659662,-82.72583932770026,-36.422490088028376,82.09110646290397,552.2522359286733,-4.186175110923532,-20.743603535990943,-0.019310196972221305,109.89836788275805,53.71033338388141,-14.637324540901705,-12.62488548123868,9.156661611845268,-23.305808059311527,-3.430708558326485,177.4097914830552,0.0,-17.78254764960074,-2.27997340984811,26.41470444772729,-212.36480928693857,-84.76648593633331,-10.153125293254066,-1.9347853476009635,-14.901375534569947,1199.7322390535235,0.0,-514.7046271942816
25,103.69790590730237,-73.2517066695023,193.71750523261335,84.38492879717228,28.75150205659332,47.830660018386936,210.3752693839585,105.7664286059961,53.443268000738925,-69.43196638511213,-15.284568012495116,61.77262326712684,103.04841891180038,-21.686344637804332,-1.8167927247863807,-48.78625145205201,-14.792268495727937,9.672344073338797,40.5907395321864,174.60549509121495,278.2753882878148,283.61398122781895,-66.64521363249813,91.69424038859565,-102.36644673974794,37.42064041561941,-0.021785937299922523,-43.74612858875222,112.08914991548473,32.02512866683975,-35.553842149709325,123.40078657451176,24.947506022139095,161.09736285341893,86.65888263003394,54.68697995065072,-0.19106031457086944,76.05712874333578,-253.1911035007982,78.31783520188183,681.0904192753964,-60.329101688028096,1.1544195004282432,22.566171857459832,18.087906876962165,0.1487779247329551,5.624732933989231,-131.48286504127498,-23.507391763637457,194.85611338265133,24.12841694890745,430.7015947901177,-25.917534734530705,22.996282253480814,37.904715547896046,53.97185229208885,-0.0355081842715043,-36.71385418692263,75.10497369131019,4.915561280492987,90.5135073060092,25.224120948980346,-45.07853039648577,145.42547195998912,32.951218802865924,-8.625428633205726,-169.46063489937302,99.78810630412204,139.2546352948865,317.38465531812585,-12.946052143333253,97.90066289120682,-9.155174912473026,-22.41331941133172,563.8773384151267,-4.292662246150151,-22.353488014107338,-0.04406308181197777,-33.30668764685892,-14.146977053666633,104.48219566725179,-13.180254636439619,13.153826786341863,-23.78950781879115,-3.6892807718547953,220.04551472657224,0.0,-17.835796681626817,-2.807674673246111,23.169518486008464,-211.08782629620313,140.40769590372074,-10.621805438139136,-2.0088152718741425,11.496341567589225,1199.5521626398304,0.0,450.19496998721297
26,96.65325938149802,49.5620728610951,-117.10196544983744,-35.338496672372905,92.02188785436182,-78.14904689682297,-103.17956459570334,34.8451777042956,-55.96886055827959,-65.0243238515645,8.646910426925832,0.9050790147947825,-21.82592749558698,-47.928993986251,-0.22241119922743086,272.1838423251579,93.08438755493376,24.33308201002063,-48.44416396569904,-99.26093874601588,-109.79978655246657,240.13580139325433,159.3501108497105,101.795811838214,372.0762734212152,101.55871789670805,-0.03167699101182907,395.36803579335486,13.932192565449222,23.74638596687416,97.0579865488462,121.26203045507128,50.94098692812991,-42.30675452539043,-77.82861772276246,73.32688589965262,-3.347021225059651,112.10697123924984,-49.438798177104545,87.93106642065247,-115.68863799835862,101.63730059531883,146.8375331663578,-1.9392329545048514,18.087906876962165,-8.154414914370863,203.38791915943642,202.57416344238214,12.862589362223709,497.08527665100587,4.143057421529524,229.24517727941,-49.85285472271731,186.48044340112148,51.42119973844439,9.597558808940274,-0.05482167433946267,90.51165953682033,-325.7243846845709,-2.367725675683403,-100.16422337113077,-83.92767511593563,124.26246042166875,289.50043592744,-8.91212551463364,-6.033000219119744,-168.324363607139,-69.19601997864663,-112.17829597338115,517.4359605475116,10.999973011625036,-255.3654732578185,25.641897224547463,-133.71845924489452,571.5996518891901,-2.0024910336077535,-6.062482846015116,-0.06951624516581645,-31.427674209576065,53.44974923912513,-18.73874767353742,-4.748734879466779,-35.52752074967501,18.0433373798278,-2.582604495256714,220.1729881148139,0.0,-12.218234414421385,-0.691320474300567,23.700033756325503,-211.5946883454238,-14.474085609149679,-8.592639697283476,-1.16717821333721,11.539994224844573,-765.8036686271975,0.0,-135.3931103469149
27,105.7594905040954,45.42664158945799,-113.34308245380626,72.56959302645124,63.58940501693008,11.175784133980688,-106.80588848265175,87.15861790081073,-52.29227740333038,-64.73027528962567,1.7037690238269463,-32.4916163081169,4.253301122058572,-38.805598800406045,-1.830607121955955,227.17328461263685,-131.06971664630512,34.403935316427464,59.97573507239766,63.49236131394239,-107.04318940189967,225.26339254262035,-59.920919555451974,23.267135690145366,-13.348750907292594,-81.36975746579145,-0.011971572275886543,649.2685899619248,46.78163264970754,40.36756128417645,-0.9667260251505638,133.6465841018657,29.030515417056186,-38.26370133589369,-72.64505469247949,123.79449395284091,0.8138484966949274,22.158804362251505,348.87193466101706,86.03091097218952,-144.15509964570438,87.91312624009203,21.147324000610404,161.5858975299308,18.087906876962165,-5.170789788323746,154.29746134683165,201.1144578084547,22.146353424802918,119.81384996267735,30.09364881056406,303.93860365415213,449.16968006284475,101.95862617685958,25.793204245940085,40.99070572839298,0.03634936109438073,-33.00559812596569,-26.00992239356226,-0.6284291788824089,218.86223799263794,163.94313708013718,109.65748056945372,145.97732098412922,-39.9130550156022,0.7286042543397264,-165.63585125724194,75.39957766655697,39.40676662799328,331.048359202249,3.7380595391389266,155.41638679616983,-0.748177325672824,-1.289573105527392,554.1015081781014,-0.6541065310498824,0.9240483382343699,0.019022538649884624,-27.759664828663443,0.090262461412858,46.017030096092455,0.5689559601377354,22.95816144247445,11.538065786992465,-0.08544802725705675,191.5499978891155,0.0,-11.778389255862171,4.2301286701456045,23.11424032113856,-204.4174128308356,146.7937335873261,-3.149214923476096,0.13480203640241348,10.308369763193939,-743.4844536851972,0.0,450.19496998721297
28,63.224203758387524,37.47456062915187,174.6210221517768,179.73882192191198,121.10474781270375,180.18300993118066,91.82946380492443,-86.95052170904962,-58.903970709147025,297.8427595753436,-14.484285969321487,-22.827343543725743,19.95257498091804,60.599121229159536,-1.8241854459572255,105.12681766355396,-54.34684680393285,25.194268467261757,-69.61552220484843,260.1445215135441,41.859841034633334,185.52409568449144,155.69988717642715,46.069454696436516,-32.971527164091945,178.34240587977894,-0.017522813281707895,195.36492916327205,170.48685317177785,7.446308299222523,87.86197217237655,37.47177463694244,21.799923648029946,-44.518277870509024,87.32585982886049,371.2372218076962,-0.310527811197806,66.3618402615957,-50.60113605162893,78.61374395484445,520.2117419693271,-51.30531415113889,-64.6932188023977,-57.091336022103185,18.087906876962165,-8.617283546533475,-57.030623859726774,-131.43947259613319,-14.68214681272172,26.291756860569805,-1.6282270302409967,574.2157601952143,-25.717624809123578,-83.38629165263318,11.014419053714708,64.13211489129326,-0.01859966273343649,209.7885110849159,73.25057852565058,0.3002109815683393,194.0185189153664,25.597496724365858,-44.904534206272025,282.71884781864014,-27.180984841016983,-7.652934004867513,-168.74402718655546,36.60210343897233,-89.70117631199547,436.8157634763971,-12.166102381577508,98.599715524864,14.746350580841241,-13.056077608342946,562.2373562229841,-4.089938678235304,-21.136760530709946,-0.024951539279165658,-32.85820563336464,16.97354671859938,-83.60047970916796,-12.446448888957171,-49.51709227588052,-20.43265167935173,-3.4835448314916433,173.49588322897023,0.0,-17.561851737130443,-2.0022418474328267,27.005625629969973,260.34998715699084,-211.47653876169937,-9.975422561123837,-1.9237080979875387,-18.307271948105512,1215.6613234276622,0.0,450.19496998721297
29,50.459492248891,-116.34266126845407,-98.70722830905811,121.02503104281588,178.649490377857,76.09271797655393,-26.32962699122078,43.110639635705745,-53.44641190117969,-71.35900495004637,-13.023876213994445,36.386415284425034,-48.322285770328506,60.355950567695736,-1.4139185118196302,262.9322473899001,471.86289055100286,-5.9379120581876546,98.71436091914296,321.50331347909275,18.219658184232024,19.040621989266064,-64.69182606301565,35.02974113081221,-72.08682663387299,40.17200311986133,0.1130867922970212,412.1724768830259,-3.956108873222451,4.231903625743899,-63.522926801397546,230.38229396628967,63.421293547729974,-191.5863078224061,88.33408343925697,86.26026998213372,1.6129016202589124,27.089939857392867,-53.833651697164285,79.92345504564598,-50.18015743136723,-56.20246253177158,4.7450545815454985,-10.158617103195667,18.087906876962165,-8.434426648784989,132.56454869730007,-127.79919895111064,-12.956234052126918,27.388402717857822,-16.878289399853248,293.9949974446933,-114.05949269127349,19.054394283655462,23.27065260040097,-30.97433065987966,0.11649012994554428,-39.826790312737245,72.17927785858382,-1.9220805825305505,140.96185626901007,27.63918235575245,-42.72584872140984,-1.8212973343003764,40.74817772034292,-5.6213971969424055,-168.2964482519552,38.46865306695521,-2.25867063052928,215.8881281413317,-10.791818536310382,-242.038107339648,17.54491483704226,-60.992553701063756,562.2711117876455,-3.254585019122592,-14.397036941172843,0.17135914121588708,-31.20039747729239,54.601610119580975,-26.039312537606015,-9.188052433143358,-47.55848758216191,-22.28193577498947,-2.387912901827468,196.0870007591414,0.0,-16.438035011627587,-0.3973020145825492,22.996621405183117,-212.36670959748207,-50.91361015098548,-8.298516521141112,-0.6835947901143556,-7.467423515247646,1058.5477028870712,0.0,-549.2893929559438
30,58.68215495359607,-111.0549038666883,-117.9409268439476,81.94796751999651,172.19127375814787,53.30663357390383,-94.03646784738697,16.479691616659963,53.06018305579394,-72.4675545610967,-6.889582345056177,-2.256459095985014,-53.501301686261584,45.04760378612796,-1.4714302169246252,138.06785752786146,249.9709834075697,12.535706839899442,57.08249308754277,-108.99811901891245,-19.241902391666102,128.240809896579,-64.14700567491194,68.61253506800836,163.00754483964238,99.9488249072611,-0.0446569260905581,177.5618293450687,-10.487572331106534,18.17267376516462,89.57956633715222,152.97841695919192,17.765187617503713,-25.467359765814667,-79.31342095098604,25.589159460488396,-0.8491437593611245,99.52365918300144,353.46014576458606,81.75060073474211,-306.1287314526156,-35.90018959996208,29.56594436240897,-17.229260782224696,18.087906876962165,-8.239312975556736,32.434866832844,137.75010737788642,2.9530381918248323,419.18391921564347,8.551050143282932,306.98739244314805,-21.92758909093988,186.01821024634705,33.26759418799475,15.955700160400694,-0.05616182516915724,210.79832323013153,-321.7494566593552,-2.446265578251196,70.91445492758162,-195.8704901037033,83.66367376557018,-64.58647557297083,-45.8801556225687,-7.8351469942482215,-169.22008126481472,-85.5143747839596,-78.00201484362607,317.5010247843307,-4.538582846956216,-256.7262602500374,20.994553530329924,-33.410229630099664,722.7671730667865,-3.2787568136899896,-10.870824696744657,-0.07478792240957038,-32.75966597914624,55.45140055647476,-27.26589653018438,-10.387588988968405,-44.69832476258114,-16.91943339921885,-3.3559033131737466,188.81855503974737,0.0,-15.896447607402951,-2.1983251643838164,26.491034595461187,-214.1371535128791,-207.84979884755748,-10.051785935203457,-2.0465295397597045,3.7514722719434808,1167.9817989135845,0.0,-549.1457181156811
31,62.81018106936668,42.21795866255579,-115.46725400240412,48.94604496171324,111.69582521695435,218.0639064874021,-91.7555269021073,-2.6390293227579056,-54.0030356769903,-43.69217767719343,-5.578877126468698,-34.84770661336558,78.65206763763572,-40.91077810453773,-1.843352482086438,297.8606272456571,-79.43385036224716,9.707071178020225,-94.33402183304337,27.232308168617728,-11.897182790069559,234.06469832273856,156.97198583297725,20.8164631755477,95.47558528547404,59.697029857308,-0.019227611251572164,523.1574677012502,78.01485705879456,24.780412556400925,-49.90938501072889,182.1855741604925,41.14019621944181,-39.94689872615665,-77.38067155139332,94.5855686289346,-1.3591421188394603,28.493124569378164,1033.950059290413,71.04478736391215,-81.90332665552991,-49.8049464362976,-137.2657926466309,46.95140003558141,18.087906876962165,-8.35933668414645,117.23204491327374,201.68635676052,-11.135027444574343,212.94005562743,13.689202651246081,292.02072772521257,-25.125113673729558,93.81741640316491,5.2945994135475685,69.44816763884268,0.005962960767969425,103.89465855505492,-28.574069158015085,-1.4710979541849374,-88.21922257973095,22.996358947117123,96.56787911492147,397.53273496711915,-52.33205338930817,-5.4908265652013934,-167.15355533642273,36.354277481112725,69.65847045634193,382.05530925138726,-3.335925964446347,281.729228976957,23.560564931581997,45.151782280110126,490.28004842446825,-2.6520645729085355,-15.468137563759447,-0.005884234860020043,-30.954181297188423,1.6997956955106528,-82.58469602229532,-8.062622939641736,66.39801259443662,-0.630888446163057,-2.591015523682107,163.14849080732515,0.0,-15.005055976514086,-0.11522818527961842,22.55491360747702,-45.70378670346761,27.61146928718382,-8.0974298311872,-1.4109236668906397,-10.497632971139216,-650.56632226236,0.0,-248.17333936793307
32,107.25679305497127,39.587567544401765,-122.68966057943722,20.986070975087586,2.8315799816666414,80.53581174006447,78.02352137374224,81.53964216825369,52.834758438430505,-81.9954045081654,-10.5612936810955,-35.314658382256376,42.398957763939954,55.09637941581975,-1.6123554103346411,183.0219908966578,65.61642426338769,2.489801506745761,-12.706912463969228,171.75362322359496,134.1058861694602,217.4924547867675,-65.56719933059115,109.74476342484306,-25.836936911023777,38.16683496776759,0.009270518210613915,406.0901698279189,55.821023809257916,-16.18491981143627,92.22039410061909,96.80980591746857,55.79433584880464,219.25740583748765,87.39657107137312,-77.07966615019816,-5.487758287601285,61.16913798018516,-651.3753120897514,-415.43754233848125,33.48042079143972,117.8142053627872,148.56821557336457,9.899526965473346,18.087906876962165,-7.543686531773964,-75.43566793337466,-130.84103902429047,-21.21500232066553,-7.362999954028672,-66.34807923256643,431.6121630031906,-76.4339986534098,454.3596051745011,36.98666842911513,-30.934036624937196,-0.01871419994154137,-31.606873297788027,-322.8809428459325,-1.5057452051264453,65.63688741338991,62.00471876561926,-44.44888171260334,-139.44615043044493,-22.38174635542592,-7.540554443647822,-168.64286322197836,-45.861596431319406,64.42397536231891,182.40044875459998,-7.94008855115609,97.46232690397683,-11.207923989658289,48.308515631523434,241.77811805077997,-3.6676074652294526,-20.06538208610267,-0.014968537491122091,-32.65306129664729,-8.055476405839524,145.1775958913086,-11.117759462255812,-6.7250480574288325,18.850673427277286,-3.3408507669078453,169.1044020207151,0.0,-17.45566643349221,-1.9532020874464413,8.669802390381166,-213.2660661572868,155.25211110116228,-9.848550286884874,-1.7128824881712805,18.07612574797157,-50.81507784975247,0.0,-546.7394849045122
33,138.39178319606415,38.53947051437602,-123.50547955605532,53.7933169289532,-25.68409412340763,-64.63425894708215,51.148225985901846,122.19560296264797,55.572241663642394,-76.34373085865013,21.00330190773123,44.7441622256476,-22.90766781305517,57.85291708673804,-1.6883730592514428,65.09833332236397,-203.42894458348448,7.3035561363573756,140.59923982080488,-120.7155482684196,26.014940346461923,260.3372668634544,-138.40473924377022,71.55094165525347,224.77505357912978,-82.58749253958567,-0.014876672405713236,93.72064216364242,-107.80643438905884,96.06098167807538,139.259116841992,218.073018374844,98.99303062684521,67.15819969626259,-76.0371591523541,92.2293478240264,2.146729876963781,6.78698965999398,149.69828504935919,268.8902191759664,424.9176034891634,119.6674771146367,101.52454429094676,47.314556494165984,18.087906876962165,-6.971198737380678,162.9147830889268,202.16882227952104,-10.867185863511887,250.6874691953053,-0.23435397820458242,291.0581237506947,384.04701260032675,221.26484487662555,22.49519924287493,-11.217577279830952,-0.0002727304577522755,210.99774821686617,123.14720660639259,-2.1524996663902165,-105.1489323552026,118.31077631703693,143.47086018015833,-144.40438523327015,2.1713836440049983,-3.882688037131269,-167.19876286443701,84.08907013144189,-75.42113411097198,480.7679137967529,-10.036282611114496,-78.72811819811815,-9.112086702350657,24.5960009687278,561.9668352311846,-2.7054691422203168,-8.685578333531094,-0.005186997949925498,-54.38829958408206,-0.5266772663381161,-53.95831636449711,-6.72269809764151,-23.631056696297833,-16.096024450262156,-1.4219094894359172,211.920428518034,0.0,83.99346006675847,1.0474359057004232,25.11887504944278,-210.58508853575097,37.52214585094771,-6.764127665483757,-1.5592977730057314,177.4325697476109,-645.4789347878252,0.0,450.19496998721297
34,54.07039098750789,-115.82187563956677,-121.91541659770371,187.94801020821592,183.23925509436026,44.075132309954135,95.37130276270153,1.2819520512201301,-46.49550207680032,321.03504210154097,-8.885632844694145,101.9720776460121,72.18599524082559,59.48732791342574,-1.7641632122278506,4.793910051891743,-41.42552576666697,2.8686762931714545,-9.787671928102638,-90.50845566624803,140.1783712378399,262.3111810289561,-63.63209367049525,59.847322969725525,-18.062584871763534,55.66651312959162,0.0005134309026314882,565.7302816814686,-24.927662569158883,12.20765346988422,-24.713490325112105,149.3739483465519,48.04627539343944,-211.95999968746634,89.26872380086648,132.41992485108693,1.3580559026898105,93.63507695415774,-54.81479623714282,91.83548131553583,-190.24325970303994,-45.32932607891218,10.241980925948395,-13.854207281452739,18.087906876962165,-7.79480925777749,216.00697533349,201.92734706746225,7.540034314951028,203.7554115857771,10.722552384143546,435.9027126569945,-25.906742369419486,8.964437374091832,0.24708448416450077,12.408850161860931,0.03547439705958834,89.04427453829504,-224.78793281574227,2.8975888580877913,165.17563480257337,-81.50014216146818,113.8257000147781,72.8303459318407,-31.735249329754307,-5.5422405905976735,-166.67525720697438,-87.04696567071424,-45.1304743728423,286.50753740536527,-8.762835575004567,456.2710214809504,34.604687408131824,-171.41045719963364,244.4016994602574,-2.964128082556616,-13.513111756594421,0.03393657373251041,-30.380805587650734,33.18382728892983,-82.63705171753456,-8.275636246744154,-45.77463297043436,-20.65952579837616,-2.2442240521243724,186.55014729307499,0.0,-9.5041550274012,0.4358835478506373,19.065651074686755,275.26795733888514,-208.29240208947448,-7.785715510108149,-1.1688926018488441,10.589545944831995,1181.9144609097698,0.0,68.70610041700935
35,64.19108996759286,-116.13664488550333,173.34973522462593,38.764825221133485,-27.843538182794827,190.5637515690395,168.3062784784575,-17.357048656486818,-57.73169120995559,-75.73108008397463,-12.165116794446835,63.015259661252244,-49.302462344435256,55.67784319137556,-1.7016356168660567,110.86735216944405,94.00974538444015,9.370206908593941,31.68769283473352,198.69981908218216,173.4697458280012,378.14223230085383,-65.83975108951117,86.2558910080751,-150.87635453380284,37.2135632766587,-0.01094607666273313,-23.69677446829701,-109.22675982932167,36.736403306220645,-46.539630721547105,174.9308653101288,21.30934707317687,161.18869405843793,86.66465036519172,131.7538742962175,-0.10338132958277146,58.80144569083615,-452.60799124660144,79.55367056850525,657.9769982044492,-91.78575060007904,146.07204128138054,-6.68671175476675,18.087906876962165,-8.077618486315416,4.673512962654891,-131.21121976424192,-22.69141512027804,196.01730035134875,-36.441491475311096,430.86644619837523,-51.28326770211112,368.1658565050262,35.34065644781664,-31.2008029325156,-0.032526232286615574,211.04822263203636,588.9751857253353,-2.413760273734749,131.8201521990869,25.900538050898923,-38.498128032051206,-3.157703582953307,58.74942415261164,-8.151657322346244,-169.21001104970878,43.285873903295396,139.9358953169689,507.99512843995313,-9.82362964914914,-82.57554103887753,18.288732097262955,-84.23150315256568,561.3741603279296,-3.870313982453938,-18.4521254037341,-0.0358214840864341,-33.085896629228344,54.532120918388124,64.1788349584352,-11.923851065887122,13.704624351084812,-21.473950689633092,-3.4818229478193983,163.32992210187476,0.0,-17.07063897336669,-2.341419270575357,2.4692674892093547,-213.6651465737115,11.021756079672436,-10.191753097931683,-1.7928623744323133,3.751073651374182,-566.4373313479648,0.0,450.19496998721297
36,53.50290778226757,-116.91144334399785,174.68031778364676,371.834865225797,190.43071130291807,11.930768417866663,159.00325435882618,-24.871070675947077,52.64685662258239,669.4979460990609,-15.565301597796795,31.10492851877307,-48.25944929741968,60.661960779128485,-1.7555410672929674,171.56788498959506,-80.7275056045289,-3.9674027392435534,52.99425507900446,177.10711251728878,75.40230917793963,181.0047000889216,-66.23344701827058,52.4286700038459,-50.24493255308285,148.19047960705421,-0.000781161805192795,375.23068723322496,-92.37020269452701,-33.965445143181064,-81.45513725671886,194.99880305629748,19.66745166500356,120.33513597173797,87.20181666842437,56.87943067665122,-0.22511617711935403,50.34473280712174,-54.98071836497161,-420.5132129937352,379.5738571261393,-75.67545668620889,3.6637557367871807,-44.59434281706393,18.087906876962165,-8.785959828095576,-56.309244354500166,-131.36892809892186,-23.413817198721823,31.999192193680262,-70.48214782494153,146.66662378040687,-78.27457164857078,-30.41580596249387,29.119596268976508,-31.145164618545103,-0.015493240527355954,90.42322972696104,250.64994684765247,-1.4318642789980525,135.8105329255336,25.51749822387323,-44.757525034029506,-140.99433506649765,8.981469782580795,-7.805763823894965,-168.86192085734228,15.437943678568391,-80.50075436521949,242.1393277571548,-13.24580263508851,102.62088175552326,-55.627856994230754,14.338422077250069,-78.29030492913115,-4.198020904097486,-21.003054458857793,-0.018101085682652396,-32.83365438998399,49.777668652205016,-27.336416488679294,-12.648349115923411,-49.935433760505276,-22.58421747796559,-3.467236374410532,223.9351762098186,0.0,-17.770742107872437,-2.330653952876246,27.062173225858057,451.2119862698092,-209.02356257792036,-10.195638213512057,-1.8988156292827643,11.226806181829836,1215.9367198677983,0.0,-535.9780379510786
37,62.32930577924228,38.05709525395896,174.2668020202188,70.76328369426255,124.92043593312863,110.41247267460419,-3.305452535609776,-19.0286160521913,52.85601262954856,-76.61653533321012,-13.303401437625164,-36.6808886161821,49.514980100305976,52.64522720234055,-1.4666256932066843,314.1217363233849,-136.24453598669385,-7.380198673974311,-10.318707827695752,306.1692151801311,135.84467768194878,327.55309033893116,-65.65706932732003,28.84465557945884,100.41906575849023,81.84387185241103,0.06176876306152375,261.65858663329396,13.873771785329836,-3.0010858684146067,-88.35679052897197,188.75983470227663,14.921389271284502,-39.808726678641065,-78.97527146721296,35.367779923757894,-0.4004270341553638,32.88211709733331,1043.1168031524999,-301.4131210985628,358.8470678020432,-50.29891756352253,-279.87923523063216,-16.4366171840245,18.087906876962165,-8.617766941492318,-69.36221678127364,255.8947764554957,-14.184463372181016,-68.78828498040654,-58.358177992677746,432.01617096157355,-66.00005692439439,106.0296643629961,-3.968030263036342,-7.281180761825054,0.036071740157351505,241.32208008145423,71.14097842959882,-1.691097488902011,200.81752991773575,26.112745390769525,-40.06783775632901,4.187225379070879,38.342920978550815,-7.124032728333523,-168.62744723643868,30.76304811360303,30.136199217889978,615.4468121931841,-11.0010331318037,101.36385034785431,-59.592267347813454,277.49878317035143,560.5431958086541,-3.823801086609741,-18.78535245729222,0.06672600157088307,-32.57898847714876,-20.64472548035932,-81.46700290204944,-11.142232504399054,65.55547186793873,-18.02704910985175,-3.093557219401088,186.47368558866506,0.0,-17.18449678974762,-2.1968815412890583,7.762408652462263,126.64806822876858,206.7982808934845,-10.021528188730615,-1.2138290032298322,-17.14010728202203,-286.19084422791116,0.0,450.19496998721297
38,64.53928569470838,-56.6056819656752,-124.2709834278306,164.0520759394611,138.23045117735296,-48.812410054886364,144.8853303123724,26.69167699556629,52.24915426261373,-77.69329377669209,-14.973840207847546,27.056100270438133,30.637664705089552,59.80125685210257,-1.7130033682596264,208.70288147288485,101.3287573915565,22.04618519396338,32.474635701443894,303.93446426102975,137.24191366221265,384.4173467634749,-66.40623191188857,98.24103230218395,-112.26370756503684,-220.36125755863384,0.011463893125426856,368.19506487879295,72.86341257663899,2.4183039387534655,90.2068577226205,114.7381379334004,45.239697006306294,127.35391773859382,87.00725989630394,271.9828585290617,-0.14959440585314385,89.41750665499366,-387.9199274257896,78.42433475443933,353.18275175789336,-72.40429829322578,145.4891199836678,-68.56282274326264,18.087906876962165,-3.7970871800084094,3.9538736125996263,-128.15524304911847,-23.42690612175496,136.90443890684696,3.0673351024439044,501.7537606609265,-25.761343291860825,187.10929857260373,-45.70415465874938,-27.45500009436589,-0.009641949517156247,-40.13302408465039,72.5957357039716,-1.4266301684384148,131.90027148790995,25.728555694005323,-44.76719568080013,-144.96061941432768,39.110595578744416,-8.24427617679291,-169.34740516022657,37.88372363514667,139.03284219040614,376.2301978168239,-12.649645617735098,95.50875951195621,2.952778716500813,64.62802505447462,561.5586000672038,-4.149367935570746,-21.273891667766147,-0.004504186198638294,-33.2486009198723,12.452691110262418,165.81586589664417,-12.805050287600373,11.202596332092739,-22.143897234304347,-3.574504120345852,174.33074968623973,0.0,-17.712070695993493,-2.542375839805219,26.30477055729496,-213.33044478463626,-62.90128787606153,-10.417519431672604,-1.7979008602811106,7.942808882849825,1200.3621623226666,0.0,450.19496998721297
39,81.36255541531162,-5.162770368943601,174.07583912027718,95.15899640324692,139.99421318882548,48.03564016453918,-32.71795771264877,34.94250481370613,51.84698124598631,627.4067036950373,-14.942197729897998,60.63503164154385,100.5674125389894,59.613981329690915,-1.7769053917405702,115.81866138326342,382.28542258878775,6.54242430650311,-32.87712434513476,388.13939556456614,120.09298941968532,276.2191066686376,-66.47984421023858,48.684692300325565,-149.64979153392292,36.81686657655624,-0.005900614637159323,-69.72762584656874,77.78259307563664,16.472271387016516,43.4579451249264,298.44089067461925,71.85458976527741,64.39160564675561,87.08193868383893,-20.77546573667102,-0.3246311751278131,82.7529147338217,-452.75822245867494,78.35487538393872,17.786433301830154,-31.52166861242916,4.968921340617462,-30.61099494264026,18.087906876962165,-8.083935922932303,-34.55285439624426,-131.05531296975545,-8.453830487644641,16.720273098492534,3.892616888567366,430.4146249053235,-25.748839569309737,168.12355918873467,36.42559565617124,-31.162147571987973,-0.02185839767375028,84.63280663936118,72.18115745990178,-1.7916013509451136,131.4867377409903,-75.2342209691991,-44.97664719935496,-4.232119321999481,-23.729292174732834,-6.269433092566529,-169.00266143243505,-20.16930701106777,64.64246802928594,187.26810585492282,-12.60523525590655,-265.140608900164,5.638722079185982,315.9530103449767,556.173126566823,-4.216084984689466,-21.133705320655803,-0.024222438493908427,-32.8565305969511,-21.454515798188066,156.8385877666594,-12.927218232106675,-49.78110013618055,-21.6045814829787,-3.621503044857039,211.25985363382867,0.0,-17.79414933574582,-2.032290688320655,26.602022925507338,-213.68844320493224,-74.42120344891525,-10.055689826562588,-1.9291241399454913,10.935291397639812,1203.8603722089922,0.0,-541.6047675574058
40,66.05206149639257,-116.93171482363363,-202.7841737320901,38.40018440625793,-17.08246000475557,80.17472963613122,152.00611422189786,80.30414385767881,-55.944757540199014,-77.3848336524218,-15.634245315651318,17.665392166459284,-24.9273137170991,-40.57226685569151,-1.5428308428797675,30.59109207749052,461.5636385331006,51.927466606879904,-88.38890123230408,114.73107885923271,20.170610545995487,329.57922731650115,-96.21575730900156,42.815445804246274,-156.6423999270415,39.75912762020574,0.011097635251764089,-38.09600201355682,-10.756132013617503,-43.25159025179397,36.64265728912797,79.72675786402203,23.137070885554138,95.87426277199107,86.03767541733485,-57.61742982707843,-0.032478600127123336,64.81981910469786,-653.8733730565025,-416.06795098398385,669.9410704605407,-92.17770116145716,146.88751975929722,-8.816387813749271,18.087906876962165,-4.6230121540931455,67.1566679258268,-130.03290082642118,-23.489298009347262,213.4002004395227,-59.57108729168379,431.30308700174015,-77.7966444088296,111.97820295392103,5.060558580306145,-29.6839266498252,-0.0113043417019399,21.06861369931461,-26.939092122738735,-1.3234924122009357,62.87824921906489,25.34126531835844,4.8412234291902205,12.003542859745949,68.21765201996409,-8.499779662403926,-169.3748408226714,78.66838221084781,-80.5394594551615,340.4512632792114,-13.311261917428931,95.59869167592669,31.314289497516906,28.262518156975155,246.28082048770307,-4.261106247381936,-21.595514183978782,-0.008491807997736245,-33.190524588433156,17.106087008868936,119.28591155424803,-12.904485641042207,10.700022242872768,-22.84691159411226,-3.5590764418093057,195.67439602202845,0.0,-17.824360003979407,-2.604544433884538,9.39075927597877,-206.85655571567963,149.21069595825318,-10.45049111694402,-1.8902330835516665,-7.4037362628876275,-733.3607132212794,0.0,-549.5467772546298
41,493.0249459380128,728.7114915594259,375.6546742431012,206.7870492516922,204.36130061035368,400.8361607763164,483.9730956166489,548.4721518071543,236.0107082404845,234.68157497932827,983.3312537815074,606.8919504292572,350.6369973020756,151.48198342690824,-1.648588404682436,428.71886440122273,384.1683494531223,719.6540624708763,762.021516799978,88.82795141235852,188.24534979804912,572.9182713240834,432.7860569115482,388.97336897724773,342.98913293726406,303.28797848920516,0.04906610305320096,656.2038500570399,147.99570285528037,781.5684254467893,537.8463466961947,560.3881400217351,545.2163370920024,122.68715536689436,836.358684351063,256.5953513938807,699.533723757953,363.12818712885297,-55.094982087926056,702.759972162278,347.9108904964302,524.6720718936213,292.37175491726026,640.6889837358442,18.087906876962165,-3.6672327322013145,352.4668421166361,323.5307454192132,927.4212786389625,776.5562639881358,220.94837048105512,572.7616508265882,460.506792979296,349.20836997837415,255.03458876537366,80.35944862199194,0.20991697400295256,153.22248921644896,-26.614975729754303,1.7338148844357402,421.6748371767379,783.3768562501027,542.5692556458313,223.69094223351763,745.1722086301738,615.5601778432721,331.1945058394515,333.46962093135375,574.7164951179942,485.8847384097701,985.6923748635853,97.2934511943423,493.6082386660481,295.68095472634616,1228.6708637247195,385.46151867538407,975.4446339311236,0.18024776683170218,529.5527266165701,631.5033249828471,264.24075116263697,985.536970193707,570.9334037880744,375.26533276926284,289.2994483407762,466.24481218541223,0.0,854.4268073338202,19.411263928383306,23.03340245271983,119.34949947524478,658.8472293552608,988.7160439478271,131.35868026312738,719.1443823306363,-771.5283219879605,0.0,450.19496998721297
42,58.840870754960214,-116.64685032321498,176.04219296189382,309.9806171555789,117.53006449525162,48.72354429205664,147.67789800652153,16.993378653257263,53.13670547742709,297.28052751983626,-13.944896116616812,95.00708787617349,-24.571131729260912,60.74450532479838,-1.6335149507569535,112.80682008245736,-56.01186797875847,3.589499081400075,36.83606028835432,-126.84669982724489,142.0277807871877,79.89049435616042,-64.60364978405342,48.390414574429805,84.05297998472585,170.37568178609015,0.011223355647501728,418.7410233274543,-108.97777084183694,11.15753404860906,-18.305180186154452,103.45701658336644,30.098041897361426,206.76893667184163,87.70539819981167,-5.961559124488384,0.37354334106453013,55.46155125077421,-653.7111224542903,78.96327602819743,-19.26812526390106,-56.60308131952526,3.2518809694057813,-22.89137030898755,18.087906876962165,-8.760078892976997,159.59144383223304,-130.34549343704532,-22.393599161456475,65.32451334826695,-19.793590412709133,291.1181604693143,-25.68877817837718,83.80068004339891,20.482679270852838,-31.392369394514173,0.014610915718499038,-38.792719799993336,-41.856301683031305,-2.4534029088119818,136.6913541119255,-195.59824898714623,-43.85450046432322,-1.0625479427377675,69.34410837424915,-7.385700625487081,-169.06379060582861,-90.59460665003814,-77.60240825775512,309.89713345942806,-11.65054250856573,280.9987159345077,17.46246501723722,-88.41234663808275,233.89358806761973,-3.856623560320493,-19.197341251332265,0.025069653870715414,-32.45944416075129,55.280833403682045,-26.991532869845464,-11.534480914815475,-49.13853156731355,-22.675254849643615,-3.1900218401157874,189.01542137596277,0.0,-17.219338142968127,-1.825665536054287,27.131893944768464,-188.17978137387112,-85.1618775699668,-9.713905259261823,-1.956301223476772,-5.254677767064382,1217.2345094416128,0.0,450.19496998721297
43,53.180039930052914,-40.82185569440167,-106.21725105706314,356.1676260477357,108.69180329012468,43.709163018842126,60.50294209986089,-6.959188458540481,-48.986444212449555,-10.732606249989388,-12.855102994949684,39.34447584783338,64.0033113195699,59.00910153265727,-1.6052014286840874,159.64343713372477,-17.56611663655331,8.46093160042132,-65.77008383484998,56.131180266889736,26.106632537741767,186.05477477857477,-136.31092404224623,25.971504405683678,39.88104301117052,-25.873634061738876,0.02476226216947031,311.53603878412974,42.92525687879956,8.604377875144921,33.64828017219667,81.58596269397532,51.75627417302922,-143.18899209607474,87.95192603891572,64.06734336033084,-7.647312412694544,78.58913999563819,-54.70260236447173,79.27780060954439,496.6152206681306,-41.71960414992009,7.078942227759394,-68.69017646114132,18.087906876962165,-8.333604155454404,-71.20714813427007,196.73365732194557,-16.179091226531405,189.66185959700292,16.487396644475165,431.93956327894597,-79.24967525307561,3.940211156093573,0.7422130509545806,31.81101409038939,0.033001448750299055,-39.50394281203354,-79.10004804416752,-0.501040588839443,99.02291574876563,-13.26737108206411,94.61993617909606,353.5713268659668,-55.57433599746705,-6.9628608449652365,-167.9742423321007,-87.77605023482785,-74.46118937971276,416.58684520739035,-10.573860007793849,106.46775550577726,25.870339531074357,110.96258856141166,410.86607476945363,-3.686053161568521,-18.323715219038007,0.047781319159397484,-77.6669233483722,8.305458344579394,-83.05850985920584,-10.844171968210805,-48.21208149060687,-21.002389809929753,-3.0215116535736852,172.62876897141913,0.0,-16.842800338698105,-1.408993850760651,18.981960357509735,-212.60729237508056,-79.04700195004274,-9.279703756773431,-1.5853902044676713,4.170695814622852,1186.3116427482937,0.0,25.304604108391132
44,91.60492063280144,37.46781319832217,-123.31186492701995,182.91278269611112,18.822725559163228,82.15883014005043,37.64767633895493,153.65994349110687,58.00872178234917,-75.4813744759524,-14.969875542310717,-3.459752737082392,49.91014879713907,60.01409559563496,-1.337733596603692,102.18286464267086,498.1240162371377,-14.840288946944582,-36.86229743099067,-129.2511013340941,111.84650682779568,169.65236294410767,156.1096694890917,-3.643109968012909,234.92239510824396,58.27476979906253,0.03714829348664417,109.2549608561145,-109.28179819632079,-64.00046263085505,43.55954581303934,186.23003383872884,50.55042638552552,-40.967150466770214,87.75558889016351,69.18918896239745,-7.006523466606659,27.805045576537484,-254.53630570867782,-411.97669922384375,-61.52932493208798,-25.030528161887126,147.50887056295053,29.89576953107812,18.087906876962165,-8.586527951059688,134.96387737578993,201.14605178279464,-13.524539122299156,281.88333551643336,-31.977945721672672,291.5020963491941,-76.92009859585195,238.46550702757028,-10.37797835341024,-31.256920297443184,0.03228445690468471,84.02649949952045,-28.78826927859179,-2.470737073202306,-71.12897406731142,-84.70358918986935,94.88820957530871,-0.9171877786544697,-25.316248124097815,-7.4913154063665734,-168.72962845860974,-111.24613987027995,-3.545263431916636,323.9584002759098,-12.779158134034242,102.13661339352653,-17.61439843712735,-183.8416814626916,247.70071412240097,-4.055570225486774,-16.684490839793806,0.05381327141748332,-32.54212410897858,-21.311077342317056,-26.425591165962487,-11.757359295624386,-49.887721989687975,-19.63554027721792,-3.1809200387377965,187.14648629521062,0.0,-17.126641387010192,-1.5958525613755103,26.582080735245878,-148.29830674057916,-71.25897295629238,-9.555140588301315,-1.7719751090471003,9.605297940011287,1094.8820216753097,0.0,-549.189143974708
45,71.33474239173476,-61.92382700951274,170.81692789276235,100.92809905894168,213.10010135131978,210.53030062240873,187.10629571674278,29.23579765782757,54.84012246118289,-75.67656383704306,-14.80634528451389,35.21177383621705,-6.750175641168061,59.56542154306554,-1.756987029160315,216.34221818240812,3.307257885247868,-16.116241414214983,-30.411225040111884,120.15600869683404,148.99241773026517,337.9129409173508,153.664464926327,21.61819141902234,142.50920526318927,165.21840979021596,-0.009047876945552225,63.57321207873898,15.519935519011119,-11.520358925541787,-30.15221260922727,110.5731346875937,49.49936022057121,140.2294186417667,87.09584148000671,75.2785061221888,-0.035762719116161946,69.77146909812943,-56.27912971825157,-167.8910774737649,360.650831833689,-70.98677872234394,75.65354834260191,-69.16071592387675,18.087906876962165,-8.781886855597968,32.51046811047299,-130.94726945447007,-25.100019538281934,-57.98173226471076,-36.194811342162254,288.5784595096905,-51.813997878934885,133.81276670623046,34.89495236629563,-31.338449636414406,-0.01498521519861063,331.1435671334019,-118.4874754242629,-2.128638761697802,139.8288905368384,-196.57913674924595,-44.57115222765024,-144.1281770530205,37.56467268850542,-8.18226327470686,-169.25750854581884,-101.69108326180869,105.13039232673812,241.5993381208278,-12.485702885101475,457.8631588276149,-5.854807481016422,-54.764337979492495,514.147093532053,-4.137052842524095,-21.299708154572567,-0.01719809186941096,-33.10720208091893,16.56250628084597,-27.213529536209876,-12.641107555015681,-49.624994292052435,-22.76045350937303,-3.52869845507788,198.34289725511675,0.0,-17.635218775840755,-2.5029144039064866,26.750603467179893,-208.47595115481943,-188.69599606216534,-10.361301606031775,-1.9180267715960244,13.391647158663497,1206.590153412292,0.0,450.19496998721297
46,118.22783496153131,-110.60069528855735,-113.97370595165125,-24.390238929905177,-25.508207175005577,-47.8837553532317,166.8801454727546,76.2084672465561,-50.12596149243642,754.3055194891324,-4.538165622168169,64.44460851233637,28.916106528812975,-47.37395217409643,90.1336717133097,28.804199253391754,315.3849670815599,-10.455495696392488,53.162199129924105,-34.971611134235076,-46.35826612735009,201.61040331717055,-61.824459624237925,27.682635777851786,-13.039110061486872,50.145469926139675,0.2101310333747193,459.38198062177474,119.33658743662107,10.855088141696779,45.36019957443483,336.43094753390164,53.971821692266744,-26.005374592954087,-74.75707357244929,84.55801792766403,3.9727865682068426,99.54008656837986,-55.280368828599066,-159.24339904239363,-238.9021774397618,123.65008784660098,7.784362840052751,125.08592055495427,18.087906876962165,-8.069140224832966,-89.14897388059907,202.74340886056606,-1.2752690056933353,283.9853043044121,-10.335374540881562,291.94172891054717,36.778653915034525,250.37038995919576,48.623295202115365,18.568825871319586,0.26342535139955703,-38.15785686925018,-325.6025865000247,-2.274415549024164,-126.81937191068505,163.3142920329555,103.24906356108829,361.6493393579888,-15.142650649551634,-2.110968110316302,-165.7182196378206,63.06810964842725,-85.18070075413668,240.39197513863274,-2.431849756881741,-258.63091414087813,5.13068402112031,-220.88717769631359,527.0808285806439,-2.090862127441896,-4.171407862530696,0.3793239108062355,-29.42742277085154,58.09884581544653,-13.00688406875875,-2.5872544266426076,-42.52402706474945,-21.06859332526086,-0.9980780996502211,209.8941940100657,0.0,-11.093311453410085,2.180603773674478,22.85645379849869,3.902735014928529,161.03328846936245,-5.10974643840696,-1.2868615715450653,20.453698031580956,-771.3974920252932,0.0,-547.0900316830861
47,108.37096049233604,39.649406017239436,79.9647332616609,-51.67112272251996,85.13505951945307,-6.867288645697734,4.5908859464077265,49.32283127168633,-55.736320489585054,666.0150830993258,-11.232560341312402,-33.69164639910817,33.54800379810944,-47.29460456950985,5.980120179597707,109.82731856492109,-4.664262277291305,99.95833471903404,-77.33119884191493,22.184898147100768,137.9034194486122,233.4901684334994,-61.118134760228195,50.21606068311953,182.62296316802212,-55.50313148051171,0.3077457991689036,336.50941479036004,140.32072016979984,10.028575660075559,-6.550654737880215,249.7079083355405,54.73517003754579,20.073361797336887,-72.34918875135067,101.6394775456537,-46.43909784706602,66.99772368866539,319.2448402660178,-157.8989758756887,145.11980181322676,114.48820304627695,160.0768010177956,56.53545819830268,18.087906876962165,-8.452917212992203,-63.50575809282094,207.02449386919224,-7.211078600394474,308.3130828999901,-1.6933260114497357,160.8497393260847,71.46430291530764,427.5615797569971,1.5660736501434738,-26.101344628423764,0.3216360929281582,46.77697622590287,-325.82602282404594,-2.3585534705829385,-136.95651723190753,131.66687238811684,105.1027026579475,105.65859286670891,-42.053398867806614,18.92050370276986,-164.2043048642409,55.37964506548035,-3.8492699732701956,223.98301976546347,-9.993982878631437,-78.70923757482866,7.790118419742792,-171.54360709713268,563.0739022350078,-2.1420633261363866,1.634887604755433,0.442367058545947,-26.908727867366157,35.408118870382516,36.7560595555868,-1.076369950086357,-44.3412357593369,-8.684522059779,0.12350880661261271,214.53711167880385,0.0,-13.84409589352805,7.676079669692656,21.018854943655256,435.10217568188574,158.788960045676,-2.2086517774180425,-0.07992645953339277,15.477334558777635,-771.1391310652382,0.0,450.19496998721297
48,108.41222071030535,37.09329317771565,-111.01583729368467,-91.68585667851184,78.75297483562893,-24.803809338321717,22.872221238334017,-5.647914659777485,49.83980840108305,1046.8533012448697,-15.234916370187486,-3.647438125652947,-4.269836565618425,-47.1193518162718,-1.6897563361754075,212.49935348888204,39.96160262350808,31.912452697508204,-76.37611295866655,22.056195648784303,-72.77248898048138,156.8527554769248,-65.5464640117084,32.11615088685964,-52.769906379738856,-82.19652860420052,0.0007500278422630034,-55.12480418382646,-106.97708058156405,32.05948447080398,-82.80914216714093,171.30974001360184,18.910226053125506,-56.978685601560855,-78.46090720608339,39.61860666513382,0.8556267827947078,53.902939262892446,442.33269820111,79.38110152437187,355.8807349583698,98.79308697078493,-352.6348073164847,118.81896878809202,18.087906876962165,-6.352801770277773,149.4669207802138,199.62426877079406,-14.338239400760846,290.479877935932,12.801710523674185,290.2002048688936,-24.988702311632863,91.03722186983124,-7.004891138745833,-10.788430805636482,0.01973095094972749,245.94996795822075,120.60470897525734,-2.1221177613061895,-146.13149703334912,162.76239475568505,107.18704534970018,-144.2262590811897,-12.685742359335087,-7.276693691445752,831.8942432934914,69.46537561477021,40.709666236787065,288.90628049341547,-12.9660625209959,-262.68342716315874,48.87426826702864,-104.81988819583628,535.5707540214837,-3.93540424221101,-16.10951961197496,0.0210826201588053,394.6831809843341,54.6088210328901,-53.64665596289294,-10.918373684225562,132.6049632966688,-21.73003478060365,-2.874522663932537,184.4296138077055,0.0,-17.474426209561223,-0.8976433366987484,22.84962279883253,-210.1608801932866,388.72244302773515,-9.329133046344571,-1.7497067545008533,-12.405065563527392,-742.4109609040372,0.0,450.19496998721297
49,68.7949312416125,-22.91673547783586,-16.960185445477986,53.257409250091605,58.494498769548066,110.45109915943398,151.789094497309,105.46718798481277,50.108150184963165,-69.9920345321479,3.2943748009312013,-30.754716993697983,95.21334357598684,39.51550618130668,-1.9647103672045658,118.11438310644226,356.44386451573246,35.688966903516075,-30.356096610130223,-143.51651438060446,41.68863489389707,312.01627681485394,162.14879009590328,87.16170194442692,-22.789507042485685,46.304254789182444,-0.05306502312651365,161.81702128985503,-84.28086389890343,72.1566280909522,186.2496272762677,169.5108335427131,66.17645462200167,-46.590691116405935,-73.891824218032,335.7530589081412,-55.7710841973278,96.96976819813125,-55.305048851658036,86.76655923346792,-89.76885581254523,-50.22366286503872,46.67020381565552,-47.984709156439145,18.087906876962165,-7.736561168109589,92.75490728166393,202.7253863879484,20.789023485066497,207.4582405845932,25.947477587852507,434.1213965912302,147.35891656436579,240.2749148144209,-1.0987292751654767,-4.676636872173046,-0.04664312182499415,-37.590918162610464,-297.4128224103364,-1.2117738105458125,140.1938878405954,64.18768833057452,106.85483841396794,1.5975208368374265,-10.953750675716687,-4.103145582588352,-163.2672913502754,42.61369653975661,-76.31760962186853,330.7283848007101,5.3431102917098725,-255.5156933434115,126.16763080402582,7.593582788373749,558.3323548521987,-0.750613723355139,-3.0071830271259343,-0.07555142389573115,-28.418082817697467,55.24385529142752,-80.82728446999366,1.1790404330637005,9.431143216725607,307.36802357325354,-0.27051566448653175,176.71100705409592,0.0,67.17990506085597,6.273819199039878,26.343728296004425,-203.67933195037133,-68.7242375329394,-5.1642453778976165,-0.24983223703595794,-5.073311364657317,-765.5501591779478,0.0,-509.721075818165
50,113.73442281568339,38.146187737387294,168.6708558477627,-22.91160259440023,130.98047023351688,11.872542742221974,81.58394016533651,91.34117872478075,55.71309352123316,-75.57127297852975,-0.7926899018770647,14.469498071782876,20.73264356086297,-46.86584629679669,-1.8032047127335777,282.1735231888498,283.7808638550515,3.9405319301925728,-93.65204487230143,-121.92527926379174,133.36811912043996,179.09536874254314,-65.52949664747426,13.34824489371411,48.69493352634289,-12.1998132537316,-0.050180387971237535,400.59932348820826,-108.95328073721701,54.00974005213838,-140.0029802830817,64.36068479809703,47.13407441083306,168.99175353437363,-77.79558852304957,-17.134588318358613,0.7512036672128888,79.37523008692045,-16.84774177035274,149.43226742293552,-295.6939019179581,109.55366092657141,41.981554268872266,67.69749163211074,18.087906876962165,-7.947087374606659,15.630806170634555,199.49331027887737,-14.01981650915527,358.46038591741126,2.933288855171954,430.8397573713141,-24.914551925751436,523.0405714320011,-16.77770561722887,-11.460085409342298,-0.06586737263565635,422.7111119044032,-7.383682024872724,-2.3428347586704823,-146.0962499212791,163.74742202035026,101.55254817123618,2.1319118446080187,-18.424336706098288,-7.421442589580748,-168.83702381490622,85.02678449175802,-150.80376449198295,428.1260150815866,-10.931509437398446,-264.1376232872421,-6.280235880342177,-95.48164203740085,87.0585719123114,-3.828318105615055,-18.652918123045037,-0.08841489696300897,-32.19252710124774,33.6285617888232,-49.85423913013172,-10.955704747121635,77.3323644726895,-23.07860916072308,-3.0580709707158604,196.11595872326075,0.0,20.502993222592735,-1.5075137192132209,20.660705383961762,441.12709425679395,33.66106981301358,-9.470212518514318,-1.9281946523231983,60.20000542100534,-736.8471332098713,0.0,-549.4100591100885
51,76.93587552962582,-116.78950593592984,77.44516656227324,23.132147379530842,116.59699980826807,112.16917616237973,174.7418723827298,103.83253337450972,74.67512161570107,-80.33672102127059,-15.386542465835545,27.19359751281465,35.42357992316173,27.23060298142178,-1.2269560576422702,176.0556540120232,362.96207943673187,39.732921411844025,-98.98224438024485,92.56181345955127,409.45090593279156,252.56365882034987,-194.26575914481703,12.680863583958951,61.171617332369394,-26.174716541233295,-0.013376302285408948,97.1547642133958,139.66327193048306,10.80503351550593,120.06384565588517,43.576562901392016,32.525739484876645,96.79555673941603,76.47268180024359,61.95476252771149,0.4755492289917737,128.16131852553235,-55.27974109478642,79.04433810529522,664.781173493876,-69.91790819735877,147.3859872855674,-51.96756931146786,18.087906876962165,-8.914186669159319,32.42150456040787,-130.35363380523825,-19.3039818629078,119.20310956125319,-0.3399094198112422,358.9986742788055,-51.660528847201526,120.6757112348399,-12.680998720890969,-31.482849851656457,-0.03531354215274681,96.43156814011184,-327.84159948245076,-2.671317004519245,84.34652119218946,-195.8854577319926,-44.270538271724504,-135.29441055418826,-32.65092078824887,-7.32455382426185,-168.78437878109168,-90.87418732582789,-42.784602710532404,480.41196428187976,-13.05982016715314,-206.01733378616143,-23.25269731979845,71.75817723698131,540.9663507194233,-4.05034475783863,-18.911906256670807,-0.039379302824592954,-32.71729197463429,47.54191130483759,17.577989526478024,-11.623111097843719,-8.951443915583306,-22.17640556498028,-3.1085870492628445,145.11403990614673,0.0,-17.40923430201104,-1.5995907262619928,17.704528466972114,-196.36721836590436,108.36381977454312,-9.637693416638358,-1.790452102740425,-15.299341437581763,-737.9452636378246,0.0,-544.4478351995638
52,87.1689989027392,37.740242120628366,270.86950131355525,-29.235899318762097,148.68225120579672,154.89100914070062,220.57178316686853,8.65841506674334,-5.364746652793978,-18.755205132448353,-13.927858300707927,-36.7639267931343,-35.27301040955909,-45.911477132251605,-1.3381358521368394,147.38694931985114,-33.69808547335327,12.68383860189712,194.0107325578639,242.65688942108926,200.12041909051771,408.2926059819655,-65.44416484569588,15.38439150020921,134.75736195730983,-69.25774067848117,0.08789921848847217,504.20016842171276,59.08429229637426,40.22320748692897,-64.06438532068447,200.77609751117902,76.76506265838985,-110.23666499722447,86.32918006307405,282.1373238485071,-0.10438162819998098,44.986718921436584,638.3570090291412,80.20486891466696,676.6866576268302,-15.170789429423804,-313.6022839336846,40.868203674272635,18.087906876962165,19.350553902255843,-72.97702483937395,39.45804511347193,-5.123868076270259,35.48210479199594,22.914133278959348,485.7869028967677,-30.10217836724705,-56.28337970473783,24.026619983270322,11.656975426699823,0.05523796813903143,367.68266219197085,84.66963191391781,20.856658318953478,-122.89651587789838,26.21897158145278,-44.40671985947049,155.66894489744814,-29.174136673384936,-5.655760598689493,-168.24946782437797,100.13845325853495,101.96262351880381,488.84693994616487,-11.634739398577821,99.75890923341098,65.02671325476274,272.8950557387072,424.5287146597341,-3.8043613267827485,-17.38858948398431,0.09657319217482888,-32.164439914356144,-12.27336379794704,109.56885963607456,-10.729685608886765,133.3387626505848,-19.27461446176619,-2.883972333954407,214.81570100749573,0.0,-17.164751656923535,-1.724722912475129,13.841359093478728,-212.44430097029044,277.86410656092346,-9.52914696808371,-1.1973381436291899,-12.506333299253235,-717.1902960165922,0.0,450.19496998721297
53,95.65919820740004,43.420833047500096,175.95358619007578,124.82365439555905,29.39313052894172,402.27867985413116,181.382734802596,31.066994610778757,-54.91729164253426,89.27148873918185,-2.5752664154190605,-34.40367927713183,-53.352915293404074,-48.58585217702245,-1.7825539372013992,373.90889141452345,-27.61291460303823,57.586673888526114,21.480553030538488,147.49514142526263,232.78200406533233,377.2999816784957,-64.69512830382175,82.78357694184001,165.64028323095033,41.01137879806256,-0.008658149240513053,412.77525527383847,-108.55676120867263,38.383716830283475,150.79449421402907,261.42123916369053,54.26219337276372,161.3332757433472,-78.68877309427181,167.9402474285092,-29.954579715710263,17.455290561947628,342.2105967490061,83.18270162078454,772.7386668079703,89.21471246784532,-130.9618496290669,-5.354112719461822,18.087906876962165,-7.579403710183542,57.25580900338075,-130.44831508364197,-16.889944648996845,-47.58944215788699,-20.34051142541542,573.0303494436641,-24.11471408210346,263.5593477766678,33.308848595509296,-30.981471388042458,-0.00033685822637597774,274.6740137442874,539.4085781726783,-2.2804054410123475,-144.12006989161327,-78.66202090901714,-43.91832134441718,-143.64913682633667,-22.880850315499643,-7.309472585026954,164.323007087981,-83.79506495977843,-42.163080905526336,250.8449633705683,-0.27355754448714187,-263.8539918377171,11.800272429188029,-49.75883103219687,310.6522386581227,-2.9416726655813705,-19.838715468133923,-0.0008747432784487752,112.51035334309519,55.70186606851614,58.07215734704807,-9.279942051731815,76.76835185860229,195.6175002086561,-3.295537285699927,167.65173150642832,0.0,-15.00473145378373,-1.718857096174104,22.20686303634822,452.8633231594688,161.76338771737844,-9.58964978429414,-1.795187036739225,-19.498799094003786,-760.9039817088262,0.0,450.19496998721297
54,93.06428498475202,38.292674421326176,77.82798783912399,39.74309482999875,66.8643346030066,-124.1363281029406,-116.35844567116148,40.15768126490194,-57.50617583906623,671.0980297104896,-12.725697835689438,-36.15612011808543,33.7930723991533,-22.33184692742921,-1.1251093395196716,14.482391106471837,-208.62545813408065,1.0877559887445627,-32.46840279909552,-97.89614582207696,32.90302681021281,217.1697413746637,154.63833304477026,-5.002956747129585,439.9724714843961,-83.22427224712736,0.1311797154870776,361.96555408533396,77.72101122197655,33.76226083719273,87.42309277987485,207.10962804273905,51.98292989706335,78.81799239197828,-76.20495989734265,165.8730680732925,1.736793440373282,2.4034283223539323,-55.644098210483,80.6797293064821,-444.1740807589986,88.38524762853903,5.562535061237428,138.47782757372923,18.087906876962165,-7.559049039794621,84.9304204423636,202.12260988838125,21.724097349168485,117.03460752568392,-0.7362496678585937,289.64537119251435,421.39014871029195,220.9527592267575,-13.52588859879917,69.64123869906412,0.1465036959678373,85.18548057821074,-25.909990891688857,-0.5514785106684913,-146.97513893854486,164.28473030395713,101.84239141942419,141.44932600703459,-51.785113385718155,-5.473469805459176,-165.75099027190157,70.12583258190423,-98.96519641836437,221.2313790841353,-10.529874797127286,-80.28021883362214,-6.992017461400503,-145.88310800493167,558.4018384923352,-3.014495916952951,-12.642131499554798,0.20642941745202076,-33.073525318822995,-0.7841772511028624,-81.64950944456834,-8.220681638622501,-48.35986696889628,-17.120760032774694,-2.1154834251385504,215.40186489788152,0.0,-16.390867832866725,0.23645537263510708,26.424701807614124,414.75763672881175,-62.39974164598548,-7.6446650700755345,-0.8493150765646483,-16.025483664908815,-756.3638728689368,0.0,869.4355393678245
55,68.60461871794317,38.43311191007174,-120.27788567959988,164.85212719344082,148.88655061517716,187.20718963293427,-68.53943875804394,75.79745738197553,53.710731402066216,-76.2122060676192,-11.51055867290035,30.348240503967595,84.52358628410494,58.1125480024739,-1.72779171932167,64.11349888153899,530.4271844485986,-10.202626138040205,-14.482475739179737,357.53332640315665,-7.423139329566164,207.81373836795348,-64.52530106162949,50.84838171324703,-12.993702288153315,45.434368920381935,0.015033837699472563,-57.18862403360636,-13.099491223492713,-31.984497535886437,106.76023822170642,148.84715597768874,23.306573366201413,-31.08570289663765,-77.15256544417245,175.50140330562783,0.967216859473854,31.781015705765686,22.988114216289887,-147.57313275859562,-25.145167859691274,-51.182372738441686,-80.93594420881278,-23.613918979243625,18.087906876962165,-3.6054607430477916,-12.398970164271404,-131.08582501197915,-12.745806374999189,1.5889939628756398,-28.756624992772363,433.58712908684595,-76.0190121558303,251.29687896130056,-19.42289068194064,-27.132323990515385,0.035379921622287175,-38.59291041474654,72.68985103628943,-0.26348219507285436,140.04082058847555,7.804712108055785,5.652065700293046,10.558073071758088,44.89306648682004,-5.666923983331786,-167.63871239860248,18.43327980062344,99.42038473107897,276.9543030133697,-9.24794439262792,-263.5797436341798,-6.245410418972856,276.5817026925273,546.0314917665047,-3.3361222332062095,-16.25508658358449,0.04391065917857101,-31.485388068882628,18.571750017082625,73.08851929918467,-9.89567488263651,14.01929180751984,-22.032799869293775,-2.7779119893644832,177.6054613756466,0.0,-16.44999982776764,-0.6798631617325261,25.90695074429214,63.75595194100999,-73.62161677150678,-8.665162247145604,-1.4744090977574722,-16.420219794330887,1201.149510133334,0.0,-548.0865803767815
56,79.55332535613847,37.40506746375327,-124.67055313438155,-1.549365163978876,135.4217643022178,15.904807053497727,-120.05284938020941,-1.5298750524644469,-58.5538036729535,476.06335048605075,-12.943260624033359,-1.2432920300751535,-31.334103112207504,60.17705105986758,-1.8885001977858034,87.62022433468987,-8.551524180176072,-5.866870769125143,90.75927550079155,-122.15951544815593,-52.54377606046417,8.376441635887238,127.16780996416472,45.930193929059605,283.58546737866754,37.530733677203166,-0.047264700755392644,-84.06168451605907,-108.69311481940315,19.11203471421265,2.816071341024335,215.92382050507499,10.717527901364726,66.54143593757296,87.34674018669297,56.832541803998105,-0.15375746908456525,48.02161197590883,-253.88438901674417,88.32541341182569,-309.3786748153763,34.368376738130785,10.131446589681843,56.86124641784035,18.087906876962165,-7.6407552354947965,110.71671403721787,201.4017332475766,-11.430187749152823,239.86966618381445,-1.6026985752277698,287.82987597340843,177.96490224415544,219.16106426226065,29.389391328102242,-11.285054093844318,-0.06004105850009945,586.630664439404,120.38118685528043,-2.3046884556301643,-150.66179778473696,164.1663249544727,93.42859735447114,-145.49885236543784,-57.839605282761646,-7.558869550868716,-169.10048427319313,38.94701249455798,-118.59829991042571,316.72478611951755,-12.30508871227732,-83.46595462728799,43.24818679437645,-160.3955470986979,560.9015922773016,-4.1608655245870505,-21.227538992397978,-0.08036707495733236,-50.66588001461308,51.988102642011604,-54.81544094261215,-12.548119205606136,-48.50966307473361,-20.693448485003763,-3.513091212863001,220.21263920456232,0.0,-12.47516969602791,-1.295850290316678,25.6331708142907,-211.22714039493928,-210.08486791364166,-9.933674800522754,-2.0524522665633,-6.800595030187695,1212.0393193224131,0.0,450.19496998721297
57,59.910622723689315,37.50330076931843,102.98264711608564,-40.440758235085006,79.24324825889462,37.698945478034176,40.37347984342064,36.835085186911215,-28.629491918017518,22.620929439036345,-14.411869662016443,-36.365519049014914,-34.820809470694535,-47.94035120844501,-1.7845465278030872,114.73298677671181,248.02046334896187,20.765594104291893,-48.25938593186482,203.5380075638946,218.37379873083745,194.31113351649824,-65.72903313983569,50.2431990622081,225.0667992577889,216.04154119443075,-0.011321421493340558,306.94769076176397,61.518174622021064,41.30458864959137,-71.23017293811131,217.65788547724878,48.11498785960807,-65.74622704359675,-78.75974910605682,341.17719165993265,-4.037364023563829,68.34197194535855,-64.84003470805001,79.10771690423381,403.8771423375794,-57.18768381078847,4.582171082383586,-52.155552099559834,18.087906876962165,-4.215623385911764,36.84297046799299,143.0022601427553,-21.323228071956642,173.80442399995746,8.316393493026073,573.8540996517771,-25.23449589541466,107.77412868788947,60.59355273055857,27.843767364820636,0.0026102436447693394,334.50420042523467,72.93100775543249,0.7165662790217133,-134.4571149129541,26.163271686745176,119.59653733270864,297.1616772580125,153.1870020588563,-7.28459619880063,-168.87369590191565,37.58920250268432,27.95479022069665,224.823464100767,-12.125920242797278,267.2952830309418,12.885167900392686,-187.5966697453947,403.53235682194446,-3.9142872197622713,-16.79903098834988,-0.0018749080905499649,-32.43953488826548,-21.24156227953146,73.168721282662,-11.344759082624414,132.99900083456825,-20.19268970286812,-3.085148350409181,167.61175285620848,0.0,-17.198368375911425,-1.7760322805674198,20.619058114399174,151.01145406587278,364.7074864587838,-9.623824237630346,-1.6888484146294234,-7.130785637082236,-765.2334410674109,0.0,-547.9704083448598
58,110.62065127071268,37.48354359034491,-212.59810141978278,-20.31792962046247,-60.07578247404841,64.09129453047464,-67.47878481482371,18.211167131518476,20.041066223167398,939.7975335749336,-14.52182446347743,-36.806107385112675,52.83897501194566,-44.77539237550478,-1.3658422765485718,225.22867972917572,-281.6375702289592,-18.729009211553766,-28.60829670306342,-141.2452788290993,-52.13122472685093,370.3307651528608,78.66784960385101,-17.364035194688537,182.9348237348741,-89.08158855195819,0.004597118611821829,-43.09834743174185,34.025925932463615,2.3937044317715035,107.23077946865767,76.9365397502125,50.54363204778039,30.812370052340505,-78.76132874590793,182.6755223016796,-1.3591570589917767,-17.141626664416723,344.358199513478,78.98526148044317,-5.6875188486608055,105.73447895739999,5.075230791044804,201.4317334050015,18.087906876962165,-8.556356662144498,107.58565208800107,-131.14219356017327,-2.490352394222823,123.13482277726416,15.077882704601961,288.07281020605717,189.4855718621811,-26.501487520924268,3.4052076943504104,14.04725429877376,0.008402845666211725,84.61733617251326,-325.1890878256912,-2.2618182546696657,-151.50518304098335,136.90103514391734,-44.333897601561276,-144.1398806125699,-53.583220300117446,-7.870516726874253,906.9234338881279,100.05218884233534,-84.38352483209702,257.3070386215375,-12.225874185795632,277.6408958434609,8.677729384328751,-374.8581459648802,560.9221642316629,-3.9174114975967242,-19.692389599786186,0.012463486649328559,20.93128797019943,54.884765745924334,-43.23821753249966,-11.818886482257225,-49.549593571749405,-20.70929892622638,-3.2545308856605657,231.085365465899,0.0,-17.404117748330766,-1.6313022157628145,26.709062843264014,76.61598465563274,-81.16268432621042,-9.583708821942723,-1.877150843782342,-18.06182852467521,-740.8868275220767,0.0,-485.5068299430877
59,68.67015619191616,37.502804737756804,253.37673281212588,264.8531059272248,287.12903205742964,-53.3433841175506,-113.28830691783963,-39.40721651173841,-57.639264524133736,671.0862469656654,-14.412690784938007,-36.816986723742495,-12.33461538961124,60.57954683701493,-1.7904504672789734,56.36676745463513,-14.632814021143291,5.541110291883656,-160.55693651472768,-103.9873826298913,163.11107706754495,115.65601078992351,103.2015216657924,24.43354447006805,523.961899788056,38.261958508869064,-0.014015360636254588,250.91705547085718,77.3664202560672,-11.229411411874382,26.49997652378852,145.6642583954924,51.4184256480646,78.42335659543119,87.56599759862083,143.34621274995777,0.3228558553840412,67.5622661510698,144.49157258136555,-221.46699226247765,-305.53117454141216,-43.71768600442832,-4.164222725133194,-29.441086898241096,18.087906876962165,-8.429541473424868,-64.02807375466034,201.36237349171506,-14.405556930360811,204.40950198938094,-31.83385628992098,288.6101359793599,-81.57775253234989,219.87560851405982,37.665090678530575,60.26042313522297,-0.006947032724281774,213.5299948503935,-166.62630418960134,2.6288668421770307,-145.68433759307362,26.337185478259805,101.94721634724763,194.55931676238876,-21.91855709535344,-7.168102118974746,-168.27745779493267,23.882156489399726,139.497000746439,236.7081114723049,-12.109614164314928,244.51117048284107,38.95557593851668,264.53694563653806,558.7968428953424,-3.976263744787305,-19.3761161160742,-0.011816847761521351,-66.37595559779568,-1.9063078121182373,-83.38646497480288,-11.774904913109546,-49.39819515173288,-22.902826357595576,-3.231922296003184,215.73600561004358,0.0,-17.326817520132018,-1.7397837250515797,26.87725475464294,-213.25015327028936,-210.56885187385492,-9.684247727038057,-1.783448281863687,-15.351241932287682,1214.6391127729407,0.0,450.19496998721297
60,56.3911697855667,37.150154755332764,85.78409872162673,113.38831338854288,32.0838602451435,-91.9499338085301,1.4105036392398038,58.809790211058704,-51.21413058700123,284.0596721773118,-15.170958017417435,-37.07239274467206,-2.4884434350775932,60.572844794223705,-1.342512765935121,80.3864733301289,-1.6134987041368554,0.36001227692849913,-96.54040204444003,-91.4159500745242,48.302677566530704,127.27505715308584,156.0658018180494,91.2544105103026,-5.462487714175262,-81.75983479999532,-0.005304586629039711,-28.071515429944892,77.32234670261663,-32.66702659837486,72.3088613714017,193.13134948563268,45.05938981051211,79.05474213025767,87.59080278091085,143.99427460462584,0.3405521496990665,50.53837876371559,-54.577329597791696,-419.97323089749625,360.09788105318654,-61.37971160129389,75.76789204774543,19.667378847553877,18.087906876962165,-8.533477306403098,-36.824868600435714,142.98455255497305,-22.25876407935171,243.9726476597784,-72.02022923650105,277.45656795723664,-77.99080623814842,251.12066790852512,-8.784988117794514,56.58125536524193,-0.03152522810534821,22.867305872539077,-326.92323000101953,-1.5622048695992272,122.88606591526252,25.810579186983993,137.36527098208845,277.3088031016747,9.555097270379541,-7.289734727641182,-168.5055748060723,16.024631459388413,-145.91389708020034,231.78928302771624,-12.829509465258047,-263.93434622550427,18.673973940934854,145.61566991433975,235.50998011630585,-4.061871997088781,-19.34606158306782,-0.033938769272233216,-32.37903000697063,-2.223792107131295,-70.36706342236631,-11.99806330970022,-49.924882846858445,-22.303060025143587,-3.266979780241788,211.47039955752223,0.0,-17.48927358033766,-1.591566999731497,25.776578325700694,120.14770497699139,-83.73621180560465,-9.604055302848069,-1.6844356560245137,16.0687994744343,1206.3768474256435,0.0,450.19496998721297
61,70.36493392999846,-116.08266738706492,174.20073982900317,97.13811267722899,126.39104663979938,15.423336838766916,83.70286815615007,91.45336998653231,52.027524903255525,296.7786234785758,-13.935576537228748,12.542217267629528,-0.3784986014111536,59.219830325134545,-1.7260942059602036,113.61050422981359,331.21312204288216,18.45049306692799,31.095948173844977,86.58152406686807,89.20916410814576,252.65124603209725,-65.93633573345433,49.784105234429724,-50.62466655989595,-80.18514296745728,0.013332687682326804,103.03110485244483,-109.62076698205125,-62.75811124561922,45.91898469432667,205.770414652458,48.660236728112345,85.64289897438563,87.59061634001488,170.19740134458087,0.2719108655087685,59.131374510435016,-454.3827885327315,-402.2449160694224,-16.724613784692238,-81.55666636146108,210.89033416434293,-30.150001638179525,18.087906876962165,-8.683077976752255,87.15244105976998,-131.31987450097373,-22.939862939918918,25.0834648981468,-81.59511893373593,289.0329652639695,-102.96893033085895,179.59466213143364,20.80226628249971,-31.392872725776783,0.010706907894175496,272.98296455631,-28.1153343865269,-2.5459379508910707,128.8729852345743,-195.77703441920517,-44.80557386550857,423.52564431976367,-22.851781051041158,-7.272663184401621,-169.05530494095012,-111.27803906055841,55.204374056279,600.0616694569817,-11.633872951056944,-264.11673686586033,-38.04707787408116,107.34361673257317,-52.85276791967927,-3.9346031428402273,-20.516432134290472,0.0199085021758017,-32.88135292154742,53.16494948820552,-26.465521332276886,-11.789277620915,-49.26839016593491,-22.595665482443746,-3.2844802539820366,174.18988462456426,0.0,-17.345504760228508,-1.6864613040979455,26.628326841514543,-188.1839339952381,-200.71393971903186,-9.756097660520895,-1.9156836487938715,15.442433949410269,1201.830199315169,0.0,-548.5881969464092
62,45.03726679904992,-115.33130580959552,-115.19584849345821,-4.9598699929769055,107.23677252473671,51.924255195026305,50.2755789946614,30.63618904579228,50.25765085280859,670.888044014208,-14.777398110496447,-22.4043363544677,-32.940718203404835,60.31876899183031,-1.386315929048201,-24.556104655040773,11.25229259259541,4.7511185502293065,31.17106411150393,16.04758096404218,-17.39706999370342,272.3621555001485,155.83772398860276,48.738115362530856,63.29837266373589,-90.25540735048526,0.009964124938715192,91.70061381120026,47.16491617452596,-32.65018133947003,82.38978547016748,254.96455440121835,50.45390995272924,8.368009775409678,87.3584105012115,147.52401134134007,-0.06878490251507478,49.09861081167513,-54.83104738278577,-414.59484546859693,15.99608580624763,-67.08845348626433,-133.8405199548211,-47.21741576033236,18.087906876962165,-8.630831956084677,-59.042462768092825,201.37995165091667,-10.617016700317352,308.6651478315456,-28.881308924496807,241.489398849868,-77.20482815424278,328.75810271269074,-12.650919259110813,37.734555706624754,0.00013985893078010295,86.00807512215218,-327.72638490821276,-2.4907072805167836,133.65245995110294,-196.0691485907792,94.07520929080313,-141.6160826051914,-56.04649372163383,-6.979684120522295,-168.9189247523659,-111.92743492516728,-62.17541952332317,301.05288849653925,-12.466654764644247,-264.6407478507101,18.86258077751963,60.99739103634395,234.9381185204555,-4.107884422046752,-20.96070519272837,0.0060678666126492975,-32.8360373160071,55.01283057867038,-38.644454089304105,-12.39934467425392,-49.646471968871985,-20.553819579645314,-3.4429885091847785,186.24576441163748,0.0,-17.5348351954791,-1.743983545559984,25.562730829829746,-213.2717315583261,-85.71591997072827,-9.917051174396152,-1.9116029235545355,11.172435269087345,1212.105904106365,0.0,450.19496998721297
63,114.09762738379482,38.31248805265631,-123.99861276541415,2.564496660065973,156.130748659953,188.25941527068915,79.23193065236046,15.802867238834,-57.96777688244382,671.0555543331516,-12.663423774638533,-2.6881939432766457,26.98454901085979,-22.500899962973072,-0.8547939745232098,123.79524497938291,18.914159173802314,3.7924659922582955,33.57369775827544,146.54048652036994,43.28103861228659,195.63039466743513,-65.18528787470233,31.22171135753192,-25.328356554249627,-65.85439188525751,-0.014639849152836941,277.13885960046497,-107.99980760348551,-0.30578474971462005,-39.339109158073505,40.158699558081416,24.400572623932824,202.6964641946141,-77.85689249709121,13.059170334876244,0.041047104592661476,37.164319573310564,543.4673889024507,81.47239108670998,665.1441652219708,75.02648935583171,145.95706197426063,129.28937429294558,18.087906876962165,-6.359998236755562,61.88094363460467,107.87716410421805,-20.78726832642055,117.15925586158056,-20.063453930422686,454.56488920427233,116.37546918342535,533.5663840873514,-28.355700645242976,-4.5445965758158895,-0.04337055285265587,89.98081936433184,77.87769068683237,-2.0262934304270233,-92.40352327770813,174.41066845382522,77.43039677487597,281.5612869998584,-14.743258094461096,-2.84256365740951,-167.57144907239257,70.84504211865426,-73.70188143086982,233.82430137620327,-10.67919704938872,278.7828752945392,44.589798704859476,-171.89877273673244,429.70133266976603,-3.31579568522947,-15.039170811813497,-0.050614665795358504,-29.444002001011285,51.63824104063481,17.81252719789523,-10.075738854582347,-7.483475933629035,-18.667819929659082,-2.762937974654525,210.98728342237587,0.0,-15.722274061933394,-0.46081919087892853,21.12805424837578,396.3416455207882,-190.40311815186448,-8.458086385049983,-0.9420069812835082,-11.829727717042253,-738.4381479072906,0.0,-499.00703679537924
64,63.74729738494235,37.448360260254795,-123.46929628347557,31.670061592030194,160.8654872658976,263.33001807184434,-52.40249714923922,-58.39893027960175,-57.909272566201466,146.5153581232359,-14.623684475720577,-36.772041190122366,44.30034395829076,40.63826537448527,-1.824510978346907,211.78669876660155,339.23564307479535,-20.02629278562603,-24.340418808671934,-135.1202826300057,256.9417071454046,185.90130616692647,-64.81448617956157,71.1090162972339,125.79434740017169,-89.72006873915562,-0.026391665622041826,-98.54365794274622,-25.076038496624633,-62.44690720917914,-143.70591661769424,105.92029979302654,26.868989968073272,-40.16914189022192,88.41944764468347,99.81532788431991,1.2807110046422825,42.18409713569473,145.08581130535845,-417.5586148301521,2.929507401156618,-49.08240194172986,58.268683174348006,-28.330103771150547,18.087906876962165,-8.161504439208953,-61.09056606502509,-129.33223218202468,-5.223498489822058,98.43020232198903,-47.81262242258802,291.14175964600275,-104.36682205806848,-166.13812444040906,-24.394034555264955,-30.327248000455036,-0.03403508648398367,85.88009786380653,-326.28543354849614,-1.2668732318778229,193.45066365958647,-192.38095726164283,-50.69909815605813,-125.91963255543672,-16.034382464960363,-7.624725242779787,-167.48883675889957,-110.67715715280848,-78.25554630579467,361.4553409048478,-12.28760307407311,617.7830409179008,32.01673841740953,-9.501987911979048,562.0208172796004,-3.5276735345802703,-16.332251655962896,-0.043928088156253764,-31.388192995004896,17.409290975507016,-82.90106051324409,-10.46731676241652,-49.42369681186863,-21.479570239884502,-2.732571793729821,171.83256353418724,0.0,-16.982502272339982,0.07677694411600644,20.93884605598143,-211.25241880716862,-200.56414003782083,-8.165511706143507,-1.719537025087349,16.672675542305942,1115.9533846347967,0.0,-547.2675541253466
65,71.106734079597,37.96552791471144,175.44703612585772,57.3913170502412,86.20148526155262,241.43586467000912,196.31231523461162,67.29582044797206,52.56065866421963,-77.58078261991267,-13.483582952963193,-36.315279143434154,-61.947640341426926,21.598622354797644,-1.5880631015275968,238.55379318814826,98.46474450470252,-7.575132631777209,32.395257776305115,194.00310519592236,286.40205511747087,338.0157358208828,-65.27972161567988,22.801317910042883,146.7713381997906,155.68695955559576,0.05705563670821623,-58.56110900778874,-20.369678224440914,22.780770908981964,136.12653948192346,228.03189090815854,-21.36021491994115,95.16423014472423,87.31702871993669,176.86284418513827,-0.2045814889226684,49.513570611480105,-653.2361863011299,-37.54777541252873,641.7461230769139,-76.61501318250312,3.9142825748655037,-64.087406824234,18.087906876962165,-4.388663001862526,-43.92378241281399,-129.49228128284597,-22.320107879748,-69.48929679354745,-6.3262113564958895,431.93048929281673,-37.899188825005915,449.52640124642386,20.295272415488544,-30.92300734650643,0.03222504302161705,452.11974963046043,72.48221754620431,-1.8385862122694092,1.744720422300093,29.426509686215038,-43.26955862162366,282.11673486393863,9.433787692662575,-7.233044445857687,-168.74133222687544,36.44025440788645,9.171688650664047,503.12813453133447,-11.184167810460314,395.49902112499404,2.9757868079315712,-106.1515665828216,546.0329562896557,-3.7121258840504563,-19.12953773047251,0.05768432281171637,-32.53000064770679,8.764269937294282,145.4495036698745,-11.614098924259228,72.56172820996325,-18.451809118815742,-3.255399891316774,165.7714004574142,0.0,-17.285415700143847,-1.5614131371674764,14.440375350260512,-206.98016878726798,15.611253723777654,-9.534856435447255,-1.4804538811353982,3.2347300205033953,1140.4696609257821,0.0,450.19496998721297
66,59.46977536965519,37.16070058184862,-124.55537255045382,185.21132204547598,120.08260319299619,-18.34640259458298,153.03626938429198,-46.78717976662451,52.331357447454664,809.2749308353085,-15.140586280687177,-3.668691084276328,-13.7827567080557,-42.17382853769612,-1.955873513842068,259.9486055131749,186.96948780841646,24.602741957761765,-52.472930283293074,-5.762755126491257,70.75642199225285,171.69368661679238,-65.88233935275836,75.03224804389072,45.335742287821716,38.24162072091067,-0.051671367383749084,-115.91941230863183,-20.798773752292806,-7.383947266131228,-16.867229421548636,110.07303313431032,50.47101499626274,47.485871512069785,87.96486830016363,292.8128288617147,1.0292913204799061,47.66195367913843,543.5336151067306,78.8626712515311,675.0328476306895,-79.8368700272225,142.4867366612096,-43.87560862418752,18.087906876962165,-6.496387787413695,-16.213987663253615,-131.67735390707844,-20.36703544121143,74.92830184179694,3.570650085366253,573.6933773063894,-50.76495158682627,180.43545444199432,-21.425901597176804,-26.638472911923117,-0.05510657722039473,85.42657534083791,-310.3631114456513,-2.1160243727435986,60.68846201852893,-194.92277493792128,-53.81689733399329,-147.03135330242404,15.93108533441044,-5.854054187682495,1328.6336244519491,-90.67943747115126,-6.267624203649116,215.75010041881387,-12.883259527915797,282.9803407605437,-5.2561386439081605,-82.40007281484267,235.04121726532557,-3.8112629180649353,-19.087819667025315,-0.07837424825218692,110.34269496073877,-21.256776010032787,30.923173932579807,-12.18545717686968,-49.82003034524795,-22.57252841492567,-3.329733040709519,179.55152167062857,0.0,-17.321866124293315,-1.1445472234460174,24.6839963046118,119.83103453360502,-63.571071120183305,-9.337568259221245,-1.9091581956273014,-5.447371275155326,1140.8710855668216,0.0,-548.2399222751555
67,70.94002027479566,38.216659612732784,504.4158124098095,98.47398322751455,27.90140636367561,197.363276526185,12.35298942892976,123.85394554615318,-51.404743243625944,44.45284889009676,-12.99975953319843,-36.671080648003645,-8.956529956326788,-45.91136795455462,-1.6296097406027656,195.55146712920643,-24.064262478030177,-1.999390867115531,46.149125702048,294.44198079433323,217.24786525602022,311.6856854917519,-66.00554980663652,29.257226492196683,149.78803815425536,37.64250534915597,0.01272723081049494,244.52588927526887,79.43103026363927,43.087421026445725,-37.34053035448407,156.84481161970484,9.964406902193584,-0.028568236651391913,87.02408845023088,37.45908803818323,-1.6773374890137356,123.10345968464156,933.24642043582,80.07798655842734,675.6684845339543,-42.322682410143656,-210.46657788509023,-64.9385146806856,18.087906876962165,-8.420766820594691,-24.55541650923468,-130.11343011955512,-14.015685290522594,-3.3816057451897943,43.2527765306661,288.5988186510598,-25.27067993242566,-168.69639137943287,89.46264682292666,24.661519160172578,0.0010162310060511937,150.91111173206423,71.99343691078646,-1.0144702355570219,-118.40242161448585,25.479216340258972,-43.783842770077555,296.5499088803969,25.044461804617644,-7.535224564800851,-168.832291397971,-27.174033732254646,154.26108860761593,401.43569090782927,-10.68190441429723,214.83270214926588,38.51011619545497,96.07609108616039,466.21302176347757,-3.8785203865632445,-20.623579573798224,0.010670782478667207,-32.87093908273763,18.071697780703264,-83.11172307642529,-11.804747027307732,72.7714050345821,-17.25251205519485,-3.3669126574305874,211.58816502700913,0.0,-17.181211802179195,-2.237028813276722,20.810899484578645,-213.71297107269677,147.24974006459067,-10.041730643448021,-1.6932421478067277,-15.143121485940968,-704.817132987216,0.0,450.19496998721297
68,68.98104709931603,37.617483624277455,174.7861921453251,-18.639240905208712,5.364045479218218,355.3688442994268,57.05155964652491,58.1133114877522,52.26080124813181,-77.62537787802626,-13.19375821698135,-1.995756903349723,18.14809260774096,-39.582444554592335,-1.5740273059642393,304.6317294335605,490.348028284643,-13.974654177842742,31.839523380894683,176.90322260070064,305.29518078147566,159.31089645808075,-65.76600182275678,83.57236732389515,48.89252960386369,41.93541000295631,-0.03056268177706869,111.32375770952282,-25.73691240956283,38.56991570754813,-9.036596088166874,195.18865775791207,30.920833359875115,63.061616699020036,-78.62518797831574,369.7151785651782,0.1950166220815245,58.48751564314667,-54.96386974248493,84.85589608374336,-190.5162301619038,-48.51560599835577,-88.09603412186856,-38.56933820268695,18.087906876962165,-5.887118437041898,-85.91180886241216,-128.1448721470871,-21.61503906579662,112.00977395516755,10.47289742204542,360.3458466654261,-25.872532086252527,3.78308795996654,-28.740393094068615,-30.49466838095887,-0.05386247850751706,650.4909676908333,71.51181033928273,-1.6668404334558724,-76.1716955223794,-196.22314053711156,-50.772234921538946,-4.149318775487537,-20.746047132580358,-7.525343481847002,-169.00635630845366,-89.38791777483416,102.79241260341011,380.3045546766064,-11.93425025659061,-264.4655945184359,-42.45070516652103,-76.02841354860286,562.279599041096,-4.001016593624365,-20.495896791571408,-0.06816991849550708,-32.71731358530815,-17.991878901067103,171.7766713399109,-12.059301887951007,72.49631368450763,-22.689849293220675,-3.36330235863497,161.645779695716,0.0,-14.163264206561854,-1.6134834579960105,7.595129733100942,776.2683763920746,157.4067720107371,-9.71446928697465,-0.555345692641593,-11.518210531941632,1194.7122250225416,0.0,-544.5511803270408
69,53.17060133581455,-47.41628027254775,-112.47484711422385,122.30008499942774,137.6494521907732,76.98210586355529,86.0223584530387,28.539940512778227,-55.67900274211246,320.6213939336725,-14.77051131429575,44.772103600222984,42.508191141612116,58.78457057368379,-1.8407930606334062,143.9397780165716,-110.01562515216473,-13.226023502897373,-27.349795918379673,-213.9585804502116,7.049240542269894,280.8074498189413,115.88137492481695,17.329100035557467,-3.513646429449409,47.93534317387011,-0.04021476152570418,214.9174043810807,-25.386733173280945,30.389316583586872,47.8048264077081,180.46928956311027,30.092908167264298,-105.03249166437995,87.93633877948174,102.44405546203217,-0.5577909134053108,57.04820534997013,-55.061600914995594,79.14976993801842,-287.4524307031153,-48.5315315719562,3.3073073463204308,-26.74699115799495,18.087906876962165,-6.726815479433352,138.23055949812596,201.57071886793926,-21.885541384989722,135.78777995752455,11.175321227294424,435.83792897085465,-23.353029977527314,153.99525708946413,40.958199044443084,-10.395817228178654,-0.037648008249249194,-40.016599791850865,-323.9137892017245,-1.672687149109962,145.68814951273654,-128.32794393342198,96.60726543514893,65.36818420703523,-53.970061993957245,-7.111728172826963,-168.12619002853688,-51.309477163065786,-144.68274595035132,265.61045186793825,-12.44626881597467,477.53784787766705,60.216551569276135,-233.73892764046792,261.0101846880968,-3.9956738674819485,-16.30281927477149,-0.05552042847848132,-32.08998871982555,-1.8867977320136307,9.440225997169385,-11.333682252558182,-49.57163472441986,-21.517002070961404,-3.0656149626390308,162.67988348427926,0.0,-17.233574163705168,-1.4680407762140524,19.961516242487374,445.7571133409744,-12.756993191706318,-9.366388842443216,-1.8403108765066112,-12.838365807526651,-753.133967530021,0.0,450.19496998721297
70,71.06861534387458,-116.98550163176184,-122.00676662800647,71.32318600122684,45.289470080015136,71.58132330742743,186.187874596926,60.88481515716723,52.214144047210695,174.91291951055348,-15.68238827927683,60.54571098729414,-34.38908244091698,58.54115687358712,-1.7988763106645613,48.24768477145175,336.90527765253665,27.898760088506716,18.117332336003162,52.43499068553596,422.55036248469077,249.43012297552286,-66.52553404725322,109.17178333868347,-54.01803292816163,36.915137590106,-0.0221283988514386,52.81610415352921,-103.39551374901133,-3.6195055032309362,-127.89929046397384,117.9313135955316,24.561437237611976,114.08127331576257,86.84878862916084,158.93783207835827,-0.07477762475316545,94.99005396012649,-55.12280635927173,78.3390888630019,673.5038920088944,-65.98213829963537,146.9873940509952,-49.92872593824973,18.087906876962165,-7.548708013987843,-15.061057034018791,-131.53067755937363,-15.17961362626911,111.94579355440932,-16.83819859997764,280.60841122840424,-52.15580333193328,4.785531955174186,6.548242952108059,-31.17491697507947,-0.03709699951893778,230.5520529812431,-36.42526919449822,-1.7165296206204261,115.45426757336853,-196.27729926948024,-45.03574550289762,-1.9135571435047811,37.26128731798832,-8.578151585220096,-169.4465469107713,-91.1569333957092,67.08826255148149,515.7818177487515,-13.357517092086638,-264.90193610403935,-11.365753339514146,63.04992383905053,98.23170360577423,-4.316391490804028,-21.979034334523345,-0.04561283606833716,-33.210166702365655,52.839586776419715,37.376279725004714,-13.117649106176685,-9.372094253018856,-23.24127916981073,-3.6325954193669086,201.5824710638424,0.0,-17.82900693217538,-2.672783124570056,26.177377444179037,-209.66088821765982,-69.12834841577659,-10.522828674460117,-2.05412383283559,-15.108149588814646,1191.0146694680254,0.0,-548.7911719806473
71,63.37276512783096,39.51622868129679,-120.55132784016101,121.52142403886067,56.601915161818525,-14.088600868360675,-132.35704985367303,69.14438130055578,-58.104193244059175,421.6055239687725,-10.438176386421535,-35.96555713247446,-20.081878251505852,-45.4405573060952,-1.9216549953172402,294.11608074969314,-100.2735992852403,5.86483137390837,27.808799919259084,-98.37476985673399,112.1250381074457,176.8601138410069,156.73413697127262,42.51611399568281,22.905783912964466,-45.90715797036774,-0.04198064136729214,-26.454639866470504,77.39970732499127,7.998264953325304,173.06169173872337,143.56735519592183,73.73492035686859,-40.499398608168946,-78.39668245758497,177.96072093523242,0.44085197067461684,58.692913712041474,-48.336728556926076,80.24043231347135,-106.39234998391665,-45.69601698867943,146.9445984473673,-33.2702792344618,18.087906876962165,-8.011129497321138,201.1826250009105,201.53919277867743,27.88987829982735,149.96416791501744,13.62198620985857,290.31981119465496,-26.215402382479223,91.24061042138717,-1.091804188770101,69.24197585206109,-0.03287077592520455,86.19997442852035,-28.47173800610019,-1.6043327036725616,135.80833760190686,-194.38275551341587,129.66093385908565,150.94699368682282,3.7089005423631045,-7.071908268772583,-168.01511740782482,-87.91576005087632,53.148845617173265,320.5167091208555,-8.147245966304766,102.01561035290727,6.381296103825144,-8.676142843336507,236.75325456198095,-3.4606502320963757,-18.568918953522644,-0.054195873066113766,-32.22874235935877,-0.2697105741432913,-81.79077431844073,-10.547265951071845,-46.849044157852894,-19.80538357794477,-3.1181985939923003,200.10503335971083,0.0,-16.35551807913074,-0.6523619989808074,26.573219284690243,-206.0554221636199,-64.63565286053269,-9.024644273962808,-1.7469298336787862,12.830845896078337,-740.0449018400034,0.0,-181.83504895163884
72,73.43786715499071,38.77516609895165,-122.9924046341062,-91.44130210314447,28.30211255478328,45.26070542930488,-79.24221458324614,-24.79249390091426,-58.07545235948378,1044.7773362854193,-11.951427318320395,-3.1454761837568426,14.461349569476475,-48.23440231168148,-1.9034535155121595,100.16046650093921,-156.77150264233322,-0.6284860042383469,23.778527797583944,-63.9752629773556,151.7092875189656,74.81639530727605,156.40523250751215,36.318524920914996,-2.86201043291004,-73.04187318048882,-0.037953434615621805,109.72874960815115,37.50727192732798,22.73303529789622,-20.452376741226615,154.60866904750714,50.13808881646541,52.39300128719422,-78.5934475178458,114.10210086657393,-0.5773116534433909,30.454508143544288,-48.47214524856285,79.90141420849973,21.181093148146207,-41.427115586151274,-78.30046043866705,-3.3731978851820656,18.087906876962165,-7.5839695620445955,19.806134875520105,201.4774294041735,24.345457545284226,159.09835252822626,23.934143412041756,290.26529828117106,120.84686854905003,178.16233239853642,-25.4823612063116,30.506189157045966,-0.03352393642474584,459.12405100021385,-28.714897217270664,-1.557884549039197,-147.8710683493372,27.1029015056531,94.32909757617232,-130.98318056649288,-56.872132891623316,-8.063362812458077,1329.1648410379248,85.42130536266238,-43.66163022591539,235.56090235734422,-9.635387944552827,-263.3136467080404,23.78997590713228,-112.13939893893458,565.440248083774,-3.8515653255188607,-19.44964164209974,-0.051014625931750046,109.85348595580187,-2.411990814513295,40.37263187284507,-11.389730058600772,-47.78864031273641,-15.01074065636916,-3.298992489078017,250.10707431241946,0.0,-16.92725100944183,-0.8675376917419433,26.529108955797582,-211.83072490365478,-81.3159481159212,-9.334493615853903,-1.854620722356523,-6.301858337058362,-758.7568719345711,0.0,450.19496998721297
73,49.67996944938846,-116.44236484865291,-124.30184906686904,53.35267171613046,45.030039774657276,125.84162115550804,73.1835933372703,41.270370440633634,54.2288348828305,295.021211020456,-15.21365547922792,-8.529401526434288,-57.37901716293473,53.32488951106725,-0.8413791958542605,53.14023234845702,543.0702461387806,40.33465259401111,30.729020404795946,65.02354184494392,327.36738752325925,165.18127969060623,-261.645937591765,58.72739510770978,32.412392226212475,-215.11382683767317,-0.03240880923678719,-52.65235893186831,10.303417702078264,4.892765195163928,-142.1568042745285,2.2639474535274076,39.338808048723145,87.81071412136579,87.65895577010816,86.51921466059443,0.6532760260108947,98.7726735153772,-83.63257402924593,79.27598912865705,657.855757340701,-93.1909037658736,147.23310853028048,-82.47447113383043,18.087906876962165,-7.570045361889769,33.34363538528595,-103.46557746228585,-27.549381228327544,161.2562562468121,3.9814396955796716,397.256097242725,-51.87900251557711,161.27251513940246,21.09745959963054,7.491566019818845,-0.05499783520320229,115.34282861484401,-325.2217900146193,-2.189994802622546,125.77638985070041,-186.84754257865836,-23.959882798520184,305.38243696207684,-19.38360176577873,-7.236613077029631,-168.79788686645713,-85.4347055092062,66.8928897099623,507.5460534079985,-12.860579056904655,-263.1885550957811,-41.892002985581826,-98.16991988134723,560.2090807606768,-3.8274936876705183,-17.631846873891362,-0.07006131927934128,-64.09071774639014,43.430137000948065,-18.416435267358267,-11.080920484652523,-10.533298497157217,244.3202210273174,-2.935467345322319,138.89774481520803,0.0,-17.409651263807667,-1.5161663642717451,13.58099185925423,454.02943791479464,109.9301682070863,-9.675482679029082,-1.6189339752598801,-22.366732973346014,1203.038438217707,0.0,-549.1553885818506
74,106.87135070013218,40.67156561482482,-114.22282964576225,88.52410370041393,-42.611333169624835,76.3896399258552,77.72349668053776,73.18490279060455,-1.4124961944256866,1168.6838955992898,-7.552516067514969,31.810310781066,24.72890768163834,-44.54365621806464,-1.9450250142893468,173.0682645701158,22.102123792669236,30.541069552655863,-60.391255647658795,-64.7000301189311,-71.8188474796823,464.84918637599674,-56.647784049093175,23.18557403750413,-47.68245360874978,79.71368978155029,-0.04700338015321956,326.681912384703,56.473105908087206,33.7685750263683,74.77816896955665,231.0389300044883,28.369806071865252,-4.97037528177414,-67.39686024300983,92.16120901210385,9.083771285991576,73.91013281146161,-55.03022321330066,-134.18726535109383,23.56159553477144,138.5915268812528,72.85240971949618,55.532515379952535,18.087906876962165,-6.514396690562327,95.40401143085764,204.12871949242333,22.216817483324625,226.23512224373968,13.802406068480238,303.70142675460147,-43.37568529061508,200.85055394631107,47.618932743267735,54.915364722100186,-0.03171002852750763,-36.32878741540111,-106.29725073721701,-1.1303510601966877,25.761348763555038,-73.91865726779939,122.1817310027078,155.90666727561344,-23.83661702706142,1.635506900564971,1325.2742935628062,-88.39604252199398,92.79434190554912,320.5077479746734,-5.772092410730205,-65.66996691137359,66.0904393385868,-6.02612632161383,534.2830968348277,0.5558820934625763,25.215536738617278,-0.060447377277899283,115.24752124737257,1.2117942087251337,47.25376282918467,8.44822448768252,-43.914823182195875,-14.057449629078713,3.181782746674428,208.81274131429268,0.0,-10.703434845641414,17.969653661840454,23.132455913513397,303.9692629463215,153.73301427360445,3.423813982634483,2.27129815945816,-8.145929197210307,-765.2109296447018,0.0,450.19496998721297
75,76.78826172277546,-113.07975438637267,171.0974595572806,93.82852613735118,104.47565057441156,274.7059821630242,166.53441187849864,72.65915855103964,108.24234073887497,-78.11095491768626,-15.27982906958846,-36.851132236929175,-76.20311895725885,55.86807870344775,-1.7967762897917696,45.07354425237141,205.05190807247104,37.68202673550881,29.183000774130054,328.69982811976917,284.3770531766872,228.11268704763705,-66.46913522638259,50.13255620070993,-11.871089138008921,-94.03843231531498,-0.007180229467817553,98.615132357377,-107.47614833737333,-36.58339136610347,-90.15224130761314,130.64362566985386,3.1920774004791856,32.352877224821476,86.48866037986507,171.1044048367625,-0.4578240865618879,48.21029144463174,-654.3228356470279,-405.6225938695046,570.4350983181032,-80.43224188083855,3.6925264271125235,-53.92464543221623,18.087906876962165,-5.73585981927636,23.50490465563901,-130.98327000179773,-23.623523610884458,111.54385278415224,-68.33457633564383,430.5122347718843,-76.79946833554114,176.00938301622463,-48.19991051843387,-30.665468735347275,-0.024140415184694834,330.35654715355935,276.9327423921295,-1.852189988113783,49.37695994106782,25.63023571856009,-45.16019386642066,-4.807279712952716,-24.3450023907123,-8.666343187540898,-169.44509115218625,21.567984345212793,-8.820190003107031,367.9543121497101,-12.948928617127606,-265.1779254458654,-43.55449165316067,-42.5102493646281,551.6064076048007,-4.277890987128531,-22.23079026374153,-0.02753232758525631,-33.38156590327847,43.11888499373636,45.574414223479806,-13.102415395511562,71.62525732272417,-20.92204065284981,-3.6609391683905734,135.04509470241925,0.0,-17.867724072845952,-2.669311078209005,18.324701554131718,-201.73509038879362,21.438607951348764,-10.60399188631506,-1.9350463702495382,1.1990112824690216,1169.9505903106685,0.0,-548.0802717244865
76,72.40160940612832,37.17540520013808,-115.11899196315979,42.780789983493655,-11.25172441580763,244.39825997940912,79.88282405431944,66.18008370927399,-4.073494408832271,97.46462563434812,-15.075067798948435,-36.97912264075459,-40.866253082707,-45.3848512331478,-1.5105602690915836,159.88187271396723,114.6704232336767,17.93176692395289,-144.05012801646595,51.79257010887221,218.436612097134,406.46061391107617,-66.03116276967108,99.87473394506304,-13.231704865875281,38.09215936662865,0.030764950294778326,-19.718689794521442,67.0472670705544,-13.137163314920015,-103.53037238999947,203.53144917449555,9.485853013400812,11.019384906435835,-78.8689327892149,179.9216020333001,0.17715496572863496,54.98501127715665,946.2466000251821,-419.8233593212922,682.5776471182296,-48.350023460587344,-281.1734914449309,-36.51049271272805,18.087906876962165,-8.506105729927349,-11.316092517781037,-130.10539358469293,-14.586044861793281,-74.46100176238895,-40.51442368545555,289.2751753836875,-77.988848820662,-167.55829041781791,43.792682504814636,12.306007978553527,0.006284024214946793,240.42604643921356,-327.68515514108606,-2.1122185210304605,142.08257023430727,26.122572875690597,-43.815888571301706,143.54822425187348,22.640213341547078,-7.8826464103325895,-167.49544229122313,15.568351191831498,28.708494554671933,617.8016841066715,-12.764413239573406,427.1488156835756,59.8040848785282,-137.54487818880037,251.2499172721683,-4.002695476350214,-19.777852795762772,0.016608569960694902,-31.73205574497404,-21.40650345696013,-82.02039251720458,-12.004268815915806,72.12879165150797,-21.583638901876412,-3.2700541772472884,177.1209502248515,0.0,-17.471561617501475,-2.032481885850913,19.462630921022658,-207.9099806777199,155.22397040553898,-9.912884279338007,-1.6682077243591573,0.7302764922759775,-755.2001160552688,0.0,450.19496998721297
77,49.61533306562835,40.86846878533091,-121.55238651966178,-33.01133318406183,208.04915998970168,180.8358029570324,-114.73227490060783,-24.778014371843636,-55.46813989843701,303.10338215184186,-8.819948734025163,-26.406898139012867,35.356123450717625,59.117505038009796,-1.906227379230336,38.498270633526054,32.96216879607851,-24.16724979355904,-162.93140295740952,-67.02403848372057,-30.730264986646738,287.0704601144096,156.3927143662781,74.18185805481727,88.09329346298588,5.260204578632417,-0.04103814031131778,-38.54742086304972,37.18652790718852,-22.808084558647597,-50.56258438993505,131.31926235523673,30.319987760424894,-40.76677481481358,86.17474575372653,135.00918436981752,-5.6835790158805395,30.472926064737045,144.33572868842688,-151.3025100628153,-108.92955057557221,-25.08547290786653,7.9079601756022795,-11.932623384198354,18.087906876962165,-8.725233652019206,102.29352818234025,201.33496415291685,-6.60120659693088,308.7621137488738,-16.07018010860936,288.45825642114744,-76.04911348166391,89.58502105860792,-28.710682305310144,24.43394746373771,-0.041672404467782725,210.56381504090635,-114.6542399019589,-1.8932044683858729,-148.62112029211363,25.341393163054477,142.6746530288549,-137.60907662321657,-16.780626472092575,-7.979309976531777,-168.9772090508889,-99.5300220589937,22.546774590688763,463.18664356749815,-6.488086824371034,98.78155479076617,21.33472939492653,45.806713086537584,561.0947041688418,-3.5835513878906533,-21.488351416722292,-0.05915823865360022,-32.782952451043684,0.26493196901141525,-83.75434748898442,-11.372960875245193,-46.173888241233136,-3.662620443106211,-3.5517861486479902,188.10053726953214,0.0,-16.46417966318394,-2.016577539647499,19.07505784696676,-28.97940096249687,-209.40019514584026,-10.145565062850538,-2.003356103635707,-15.986029420317434,1202.7604552661112,0.0,-157.61060708853836
78,114.66448391230642,43.67255414523314,-119.74510510459251,19.08231663196458,-0.9481768826425262,47.81201435958122,196.65759455078796,95.58140744557288,51.9393987391574,-60.945237901340306,27.1019880184791,57.08830824426044,91.87227037710701,-49.1163966720446,-1.9083823769093817,-20.934635123563105,361.4451603734753,22.542080246920438,40.04318978588252,387.4098828355262,189.83147045038683,196.5261816948818,-61.86227179183091,74.81221405380728,-152.210398549113,36.85290241338059,-0.04331231848598624,28.3492037386826,112.30724014545775,86.06276467805418,93.21616621753176,318.31807409551965,32.005999631126514,80.58050719395897,-79.55376604028554,174.00456911936874,-0.05945519470091446,38.30569082956634,-58.472021661877385,94.29393945092342,412.77271650165784,58.973636224559975,208.749136520796,48.65618134188651,18.087906876962165,-5.1002023811912105,-42.57492265065587,-131.77524583327718,-11.294927227466223,300.7713926838608,-1.3328128314311043,572.9030419623076,-21.241658597449028,361.66498592635065,2.375097058862384,63.096393689663095,-0.054068382571690755,-30.036785635735285,72.49038727477793,-1.123073558436369,-68.93032194312217,190.14289936222514,-32.23732987726337,-144.29207342733017,34.02927931285169,-8.238370976645038,-169.37641569255788,79.95003368092488,22.011333761371507,157.99749170167757,29.451116494232377,-265.82726960212716,-1.910539114293775,140.50139843462455,562.8249471938532,-1.7645934835767656,-19.648721154409827,-0.07215033303049684,-33.2625956332682,-5.221420314734985,100.03237225098103,-3.7628512633320477,35.247502183570624,-23.709318199795973,-3.68991369216691,229.4703714735163,0.0,-9.36078389454576,-2.266441817558955,22.627159338877135,-211.47980753953968,158.63302036236135,-10.244108606459536,-2.0709541348656675,0.4311243218181583,-768.6135099051742,0.0,-548.9230531424575
79,62.06190168586559,36.85938407137065,-124.83503057734228,37.06144919040386,76.03284770192904,62.19329697994347,188.7482899607648,70.34659415931445,54.88099308955206,291.71841723648265,-15.725962179780176,7.282809985311674,61.173317001271016,-48.71673600534889,-1.7593613762237,106.69165954008093,-182.7148683837763,-7.482318815612164,26.504061205510123,190.4759196260789,230.902969303445,260.35658447634177,-66.53240916705948,62.78296313823943,-127.87335713684679,36.9664095230369,-0.02375368204496343,-11.567130897765121,-9.265975577957622,42.1567650034969,-65.31198267794977,242.62598908144645,35.72976524844151,18.561059735603095,-79.50069341046317,300.9948259877388,-0.19089095152654809,29.04577088472368,-54.67860621159933,78.42088310458446,371.52923582086845,-40.781391997214385,145.92782944663415,-96.37276317175302,18.087906876962165,-7.82121102239997,-77.95484140764215,-131.6979005238121,-23.150476695846645,123.18132299820928,-13.420424056274275,573.9662684175438,-25.9366220826915,176.67320534668335,-13.525104292730528,-17.552340634085294,-0.027150508420579325,22.61594611176624,71.12283497281824,-1.8876443389939237,133.18245933671483,-177.32405913362092,6.092478421405255,140.47632592561393,20.855157970795887,-8.54383022034898,-169.29272322023846,-80.00132113417244,30.583652990029897,429.5734755739951,-13.400361399255535,-264.89149169506896,-7.4078098295824555,-159.905233648376,561.6162874219857,-4.253596014211384,-21.5864927640209,-0.036575974950671136,-33.11632816127088,-20.743385615800687,148.54768236033814,-12.945047861769874,10.62176290431045,-22.881208126760963,-3.567499510440227,171.1479530974858,0.0,-17.86189068242142,-2.600000569873173,7.717799561375409,-214.3998244762856,157.36632631135544,-10.426507295427841,-1.9817167393321442,-19.249541138552917,-764.4645433112081,0.0,450.19496998721297
80,101.35648495551992,-115.2612451761265,-122.57603373810286,19.86814126291342,-59.730946260320074,79.9521455827729,169.65724897907128,56.752139868403646,-3.7996271205925343,-76.8218158700798,-14.571634459605807,76.16273312902118,80.07580611863015,-49.05094317687025,-1.908697151121471,111.51381683120856,-2.779614038371546,1.4164895913404105,-20.023120366339484,3.5527532521572596,21.864806358598095,324.7314157100759,-64.94300588431405,57.59179551806782,-108.36458777546281,36.88166729128937,-0.03618594809472241,266.5813386608136,-109.08147980976759,35.83340200529858,-21.536107316835004,178.0557316169775,51.501850860738216,48.52211714182768,-77.73245819390925,314.0171122012486,0.9928397225849865,54.063278067542676,-55.331908384874,80.04607146083737,681.5146987170118,118.79828758410758,5.812136652168554,40.4270355112861,18.087906876962165,-8.593741979816178,-41.26367719439138,-131.22409529456263,-12.912836241643273,168.76675809845423,18.8005634364697,292.0960212118261,128.49960128670082,-243.1047184204136,12.985904146195649,-31.154689570578984,-0.02113379055104111,22.15252877423287,-327.52125052792934,-2.5107462242132677,159.39092822672606,27.030181669252766,-18.40063573354677,140.2081868823245,106.9797911035128,-7.03504280431183,-168.26604732731874,100.3084866491521,-43.551071216186386,401.0208871098588,-12.308554114423908,60.44659469206792,34.960013853465426,-247.31983198921472,557.2047062846526,-3.4903252533378857,-14.729161809831501,-0.0406575602177439,-31.318184689092224,55.50761308504281,-54.403904521717244,-9.622770963774709,-49.34859724671641,-20.675701097852844,-2.452514909485294,195.5559803352572,0.0,-16.902920647904192,0.22180988666733104,23.06205557748438,-212.96427859149665,158.9373890481959,-8.45695145006785,-1.9071101319009867,-3.5095127656386595,-772.4110339318977,0.0,450.19496998721297
81,65.39544719267624,37.284515559406266,-121.83110951779466,-6.715263261367231,108.43006223170418,80.164760204281,11.87938848454297,6.874497031885233,116.09277509815482,674.150164574101,-14.993306800401593,-3.797579592086778,6.933805307229926,59.41224860616176,-1.7718341597608789,215.7972562090018,148.2739775145179,8.780957863549519,20.63440436037753,63.56755821387367,232.46727676714917,229.91929372948943,-66.38043552028665,48.848923883471244,104.43532322684045,-88.66247493899898,-0.024316766248566834,-43.60435522597182,62.78748693925662,-6.997444308020672,-117.47964305094875,124.98925173633991,45.393320547641714,-28.9486141311228,-50.55083047654593,39.58448760796823,-0.09404643242227954,83.27341725951916,439.0482238246976,78.46804742452217,-9.691554795581865,-52.865613536143414,-207.53912814401286,6.353890180913682,18.087906876962165,7.109646538022224,207.86044133220926,-130.93200594940816,-14.543880334280756,138.0169869228356,27.738354345182223,288.3105311861581,-25.363659837210967,-170.0439867283171,-12.342963168507518,30.278414367748812,-0.037680155004741006,26.36250870390296,78.57227428374173,10.694395600985642,134.15006154053543,-196.69263524059704,-44.54357783978612,22.120374573524234,-44.59637844593704,-8.542684535884705,-169.18162765800002,-91.20751819511672,28.740468846828115,229.83299664389799,-12.652679341101745,-263.65436529572185,43.30631310357869,118.8339904392171,235.5080690916665,-4.19963927579084,-21.729322668587642,-0.04700672911445386,-33.06966020768987,-21.5016495508324,72.57228454696262,-12.816444841539585,11.292731853505606,-22.84320818892719,-3.578408855796249,203.53635417983176,0.0,-17.69188351783774,-2.5764493129032635,26.49821837567074,-188.25002668266833,-82.20878496616749,-10.460217208582508,-1.9642603457930725,4.042162345280957,1210.7504208231683,0.0,-456.79938270496655
82,48.12652841697276,33.855652936838744,-120.21194084134262,-13.272880599877533,86.37888626245773,47.699625072625224,-87.33371269575268,-16.295122041736594,-57.454542453400464,1088.5803695144766,-14.106998591400396,16.71643002850606,-51.73250931725825,-24.572995781354578,-1.6701230225941184,56.18469696620385,-252.61515070067816,30.407791262941444,-32.84415913703579,69.05581681393926,93.31318289333952,257.5508961382797,153.49156234070813,55.33401031755521,-32.413666195716516,38.44316353877353,0.0027559693054660934,-5.211404984042205,49.216288070834025,31.133966022637775,29.17100127136763,106.88928963723617,70.71184943104204,-40.25666080972668,-78.25337944743775,135.80020349934406,-21.928476026780427,41.20902462885312,-54.96425862062195,79.11472664220487,-293.7170824256794,-28.573195302731865,3.891327928708251,-1.2484361744071784,18.087906876962165,-8.351615030065902,17.458553921540826,201.55088371531673,12.17338633537126,223.89143996371845,-0.8576575377411902,289.74332548083305,-24.97237993537334,91.15453938668578,22.169026302342527,34.853465410949866,-0.00015201433800021903,-39.887728204984015,-27.200617937644914,-1.8310974660740464,-143.57590821730528,-160.15496309307164,95.30718633072766,144.44728129809914,-43.82301363464461,-7.512181591904735,1328.2165706591072,-90.33115184612747,-114.38991601103731,321.33889682938053,-11.793510984057477,823.981146618888,19.588570780713667,-129.16310024101693,555.014310417308,-3.8519929940457214,-18.678678583021263,0.004801512011524622,110.39353097004172,-2.3905634197724237,-83.23020385205889,-11.290812690315777,-49.16985307668497,-19.650734551491826,-3.0898704438786244,184.65617521553102,0.0,-17.114033414143798,-1.2896613400502313,25.525381300448483,-210.1679917343396,-43.69929824722896,-9.393625728878037,-1.6523175753712174,-9.314133964692195,-739.8270668072936,0.0,450.19496998721297
83,62.348255552127384,-36.18963132001734,268.35715309922125,10.697173736189857,-52.5349374970579,50.779502982170015,82.87755370166505,136.37979841832092,-52.67264879036022,305.1672454699709,-14.45344033286248,52.67542466442475,56.78489535771439,-47.0008308043014,-1.449531028376106,183.9414556254584,-146.04548224310008,-21.777040232911244,3.2121656861564314,189.31110280786174,368.44967002989983,81.17145416651044,-65.85847759693996,58.07107873839933,-105.86898924689214,-90.09008222215651,0.028322316189699718,110.40947742862001,-10.400361902354534,41.83931450587383,-2.190894531324087,81.58471299775982,56.218361549342234,-128.66890261293292,-78.84573414743659,333.80313157735804,-0.18692910432239085,36.461874628558576,-55.053741601052856,78.77596006424257,-275.3169994551982,-13.008555383187272,1.6876867498106134,-46.533001870774335,18.087906876962165,-7.114145564259743,-103.44711559724543,-123.1058410019516,-12.900239724259068,164.23703499849722,1.9437084314961746,431.745667835631,-25.206342785159364,-254.92517159111011,39.47167904368957,-18.843366075074176,-2.071554595752904e-06,86.1342115312851,71.46333931350392,-1.4178708075787512,281.57832282772443,25.662520683953225,-52.873010496039,-134.48731017366205,-47.678347388533616,-7.894220275317297,-169.123977260706,-91.2284524919021,31.974743100755173,431.5120271114451,-12.129520734859364,-264.6350882680683,77.81045987286657,177.77067260097584,553.891985294531,-3.9877883595666117,-18.98087632199557,0.01360003154921624,-32.66922373142198,-21.279034006915488,104.04930650507785,-12.07963800791407,39.53367854800111,-22.71972960439829,-3.3541927556631848,164.24313441566883,0.0,-17.414506539304917,-1.2204499011400847,22.573011810361567,-213.50586812426067,145.64241416200798,-9.529107264090031,-1.528940449155116,-14.464208864588247,-710.5489808178284,0.0,450.19496998721297
84,46.79890455833837,-115.0271363751991,-119.84377346384372,43.90550730375215,7.437263638669559,-101.17013710103346,-100.48284468106269,68.43971566910903,-55.885754424377275,9.320266593512898,-13.145999762184532,-3.427740293005479,-21.71302395911675,59.029559723830076,-1.8685817736317905,326.4526208650371,441.44134304370414,-15.91148636126575,-123.49961076491317,-122.57230467202552,37.895586567940406,153.2414903955375,-112.60541662222583,108.163819151989,200.43690362060212,-80.16639405819484,-0.04013920409080151,313.3607457966528,-109.80551910683204,-21.965260920541752,-9.740705813406707,159.70701421166146,50.62940748640321,-113.89215848101615,86.88823119523998,51.57204717037734,-0.08180339111162767,74.74561040338375,-54.78667002639388,78.82869168807812,1.1028847924922094,-61.95710995662829,221.07445023280522,-27.491594160006404,18.087906876962165,-8.602851213088714,78.2020873988205,187.87178197495453,-6.208119014314172,358.42998251939457,34.11135882854073,442.32904334289805,-21.235512682035523,162.51173558013036,5.060250247261752,-12.182671018943083,-0.048989401015802354,95.75591360038712,126.5525118547694,-2.5786465079706953,-130.0921034411802,25.368196728519504,97.44252749830413,-100.61315818435189,-57.18842233041127,-8.014563500102998,-63.739069087580745,-88.73674393795521,-117.47653997094473,172.79709681481071,-10.80044874347171,-75.60830709417165,27.729499615341258,-36.22768823404341,557.1028314645852,-3.961743697583882,-7.91051021375734,-0.0651335120658813,-17.4971834540851,48.26676568095355,-55.378069665248965,-11.78286561969818,-48.790919863386016,-23.10197399813445,-3.353817357802859,194.23890526192392,0.0,-17.143061093188088,-2.203488911525141,22.443438908204804,-212.55115750462366,-55.68095186471639,-10.063504418956096,-2.1100031167405824,19.375073290333127,933.4538626838682,0.0,-547.2676139437668
85,108.90146367040391,40.68908300380391,-122.90519231117756,-50.66611433173624,-20.603862849879736,-122.75058125808384,-73.92867376487129,33.95469899616926,-57.028893501588854,-74.72767381495592,-0.04438641362424877,9.781479737582753,-2.1741940146660066,-46.95021467765743,-1.7458960898079592,112.18892872855537,-126.01646071625065,16.07968962387343,-7.446276146267311,-105.86056407936152,-106.01961148057585,237.50603136763547,158.72848291831536,19.39215447681245,162.58833485287488,-25.594891045538738,0.006983011330779864,334.4167716341739,-76.23426593791051,25.963470208847593,123.38699708038564,232.64697032764872,43.09098824648904,13.416390937071466,-76.66090985367356,68.4890631628167,-5.682392922704015,7.069942586182138,543.3659023182173,-97.19515506866874,-181.32026699914675,126.49690056965176,33.00156819704182,152.3374879798576,18.087906876962165,47.827580189874354,110.23875821430677,202.12808203646898,29.24749792876009,277.9967345988909,-27.78479339536721,291.624769784913,337.55437438214693,221.53371009702064,38.630500472019044,-21.04199724108317,0.048688163475202016,223.51294059483615,198.39657329325033,-1.1420848449984882,-72.74260941056147,162.92746448883474,107.32779639860996,141.2731767479236,-41.95478134113735,-6.289293125672716,-165.74800240398304,73.66227491911705,-112.91425489673578,415.237247356347,-5.737057632312774,315.7356972746718,-6.192449172511797,-197.60313690460526,561.9902206206276,-2.366722023643117,-10.537863827319125,0.04928391256063175,-30.46015700527104,27.993193158463743,-82.36217926788882,-6.1152551171096405,-39.550885544025085,34.81663858518501,-1.7742782957055234,195.3927680005209,0.0,8.815945500337689,1.420889467236095,23.19064869050556,-206.92484846354148,27.846959395410117,-6.973053003939542,-1.5294136137422207,29.5958773356143,-765.0926816788307,0.0,450.19496998721297
86,35.22669104565823,-116.38464406913214,-123.88984413471644,120.61138070631607,11.459358195343663,73.31061330967849,13.975166040236363,26.0504862099756,-54.95797326264276,-77.45430233911293,-12.935245726550315,61.76017632953032,-77.11125869331718,60.45273970955046,-1.870535834263876,7.844154584253602,168.26435594002652,-30.565190828816206,30.572188064113963,-121.64574010144224,44.82190501693186,95.01181285623576,-151.31610917396014,4.501676753189957,182.8945044027733,-16.237778329351567,-0.030134391359545477,178.98511752224834,-108.85421361585331,7.129219141558502,197.129875282506,82.52795355398003,72.66880627234124,91.40484597813918,87.66888608996591,36.49397563793518,0.5060769557295233,41.6691802792142,-653.1891294658374,80.58259450721577,-299.6885650450634,-55.95082815469766,5.655673822972825,-19.96493060588553,18.087906876962165,-7.78325552784488,-40.17125134790073,200.78780173121493,-14.1810902260107,267.4659971068025,-15.177889853356225,289.83797179760876,170.22848341774065,219.67942589740952,-11.466124507325397,-11.376587380890133,-0.01818766059737429,86.35565000272268,120.79912395671045,-2.4447364328905175,133.19960122505503,-193.96064292562096,142.84483220618873,-146.6088390464487,39.098219484128556,-8.02868988375261,-168.9113159575956,-90.10028864853098,-114.28261776977017,239.45415965638165,-10.86838079256575,99.78967642582519,44.91950040344423,-4.165513843048941,562.4768569997267,-3.759580012776487,-18.99756954591308,-0.03287160398778333,-87.67570925565822,55.00362238361042,-54.56109752998785,-11.21526128947545,-48.27830312654984,-21.849055246366436,-3.1285847533366065,193.4706162483254,0.0,-16.453099579531926,-1.538645622082611,19.07562594514497,119.8958014192602,-84.82412502022221,-9.620892774078998,-1.9616077625993207,-15.868359170619074,1203.8253737762786,0.0,-547.9150355219099
87,122.90818541394614,39.1859978536755,-123.24593562896273,-102.69412020100376,-70.24419425945489,324.0395543335111,84.4798132213159,79.23539384338484,71.05947271091337,-75.09921101671941,-11.121865567923031,-3.0054643226787032,143.03548933825877,-48.431000359555995,-1.6057586405015947,-56.77824618345564,40.345129071030414,18.96255488279989,-5.64513690637507,60.8180082586759,260.8520338009915,317.84429904566025,-65.79986855188399,15.388849304778214,-148.76841325787717,-48.58500809946545,0.03734742500443371,300.7556286257276,-109.47969621826012,48.150414901383215,181.4784282704355,-5.999576385672334,5.938647693109592,80.84577000299358,-79.2656621361026,80.13026962377113,-1.2058427145650894,4.817510668865161,245.35351418306408,80.27860814126068,683.6903693516074,89.66357654533672,-157.76638419136103,211.9509051462081,18.087906876962165,-8.464906862959108,-50.22386828628334,90.91039322492321,-21.99247705340502,165.614824757656,10.359382662294687,359.89777826433357,437.29810647848785,-25.023677895102526,-1.153115330129909,-31.30529092861233,0.01790554220203347,-37.508498746278434,669.403250525556,-2.5245016622206617,-112.58462340795917,136.66501690399585,-44.67677830992916,-4.676725550472249,-23.36802075708847,-8.123942436163505,-168.26917398527087,100.85481224469706,-72.64967406501349,150.9395599139623,-8.812419364135664,-264.15573853077143,44.28346818004901,170.98553631276906,557.0961953006998,-3.8247254512040163,-20.529680625466,0.03765976391750564,-30.876856173605564,55.253452757177406,114.085309535296,-11.435060253157863,13.828580887077578,-12.440653871003168,-3.383078342145872,218.72477321568607,0.0,-16.8650100886038,-2.3542328015197134,22.826299390520134,-214.02624080308533,157.89693457444014,-10.132208130583438,-1.018852934652562,2.4102631006486557,-758.5913443482709,0.0,-549.3452619702423
88,60.58361935756296,38.33289011094581,-124.02121605544635,15.089982448163449,128.51565023826336,-11.74529062594627,-68.78336243600339,-12.153474267243201,52.69834027828764,-76.77407624372336,-12.74963457689727,-36.4740862575567,25.660215119169344,-47.114693205320734,-1.5480743083708108,253.4448879998402,-72.6259924392296,-2.865691752674526,-16.457783856089364,292.76295487193363,133.2605649599621,214.96855233570858,-65.68275036140034,-40.391062753832344,169.02730159276604,103.81447685436324,0.057274737600436734,-85.50136553534468,-17.395258314377553,38.72611940762471,75.51914651765844,312.1492636614518,-11.681299364277251,-26.682846809470274,-78.70135272078775,273.43149898989384,-23.517336863202928,11.590781256565947,639.9858923434081,79.30203905255821,-304.45729782473785,-50.52532331053942,-201.96897915688618,-41.44628274273348,18.087906876962165,-4.923804206180263,-63.671628436488554,251.6192627123841,-12.86895484527048,18.259474140111404,-4.444353765688821,570.7917782422194,-25.62026677094694,522.8777391935997,4.054371198303208,-23.348789174711097,0.0330458629995854,334.7509416314505,-98.61122763841333,0.013257493071635637,61.04690195203448,26.31873801559814,-45.76234681262196,148.05358788043858,-21.68691124985919,-7.492779439750153,-168.85961224457765,38.69174445941214,-7.013713455201645,353.77780156118143,-10.44944341801712,-251.02755455841069,-36.51865521850614,-72.87649199568268,561.3973226438239,-3.6781309345583213,-17.03939756284309,0.06022017547336783,-32.64449916868173,-19.935416811931876,80.52324739478458,-11.561671056730571,72.90732170689044,-16.982129427149893,-3.292986652669029,192.0620137568086,0.0,-17.065345882346822,-1.5007602275314005,20.37332784125957,119.71655934378926,-86.3719908093884,-9.474716106394412,-1.2377996665952098,-3.366772757677403,1001.9698866582439,0.0,450.19496998721297
89,57.3711109336385,-115.53369903267648,-117.3186214211049,-31.102617685815847,-21.91832727742039,-24.3059293553052,11.69512900089958,-8.004478899849717,-58.60413159957804,-59.21936726305185,-12.821824878111203,30.50644377591475,38.1106335265709,55.117856588682464,-1.7334249320309574,-46.759647507187125,-168.50800470003847,30.67412433890166,-88.86565424434905,78.32803754728832,332.02790411389327,351.90535956524525,-171.48503556775304,23.67502185644453,-111.211213898293,46.72859409206133,0.0036185702093623415,260.7814838097773,-107.69632275515016,21.14578407240361,116.46867542527994,28.90399560453101,24.90769163927111,1.4470764335050643,-79.18162968375576,9.785185436119852,-8.167535506740434,-1.4338629867421209,142.54240814548035,79.22246168316089,731.1999426798325,-45.70717781979669,135.86977720668912,-16.098617161823952,18.087906876962165,-6.942380722555111,-55.28300139677094,-131.11266658044804,-4.517173075471598,128.1652845545015,2.9602083273421007,288.8039055837947,-51.656101449287604,-169.669708427736,38.649276069958,-30.700673531561026,-0.006810230918401138,84.96902879613087,458.00237886981483,-1.9903529564752778,70.3285398766288,22.428994972663492,-44.87061821366374,275.20203006341114,-23.59964884218403,-8.531288695981225,-168.95524422350545,-83.77710688442237,25.97455859501058,370.5040231794378,-10.490314012957057,-255.29311354026697,14.527164463617064,210.6420908368601,515.4721174481282,-3.9354351479058463,-21.30564592995069,-0.0016623072345757772,-100.72335842482694,55.21432967745584,2.555028484660546,-12.15258806405182,12.555533167588367,-17.071165665086607,-3.511065946711765,179.742490134987,0.0,-17.238548037733544,-2.3322001650353448,23.26856702453766,-165.89514956928858,60.173914116276634,-10.27769141735452,-1.8018359939279478,14.826704579094455,-614.3892186739015,0.0,450.19496998721297
90,38.4449794627227,-40.031551088061704,-117.67110235645605,-23.669130964641585,140.02684572600685,76.37031649561747,-53.707678339750856,18.38036224090495,106.96544714987724,669.4693381998214,-4.208059423635722,-1.3956702167095614,24.674385099450298,-46.66894308300063,-1.4303780098494743,-6.4692895151955145,192.13121780918542,-2.4723832954973624,30.55962050879381,-119.0846233456266,239.76824870538243,327.50711181631675,73.55735064009819,61.27013492977622,1.1357027399042123,-76.34484224185653,-0.007641120753530754,188.6471414854618,64.06734782261974,72.51834457380654,-5.971680632916591,221.87444432300262,0.2009886053489217,-102.68940448622962,-79.26778900109365,87.3900986149012,-27.008157629864,33.18903382751186,-57.219119612065256,82.55765131019322,-286.37221243172553,-49.90999446640643,-25.3081368285804,-49.063294473513245,-842.9911577632796,-8.31276571834036,-65.70004383604223,201.51656830933396,-3.993234146660707,200.84220038043125,33.429446566273825,441.14460136947565,-23.61185591710871,273.8188567931839,-26.906340129671612,40.888795122391514,-0.014365507257379775,211.92289899270793,-304.4123052560002,2.788544190564492,-55.97322859433156,-28.625382234489418,96.69059759818046,-0.8264956937172363,-51.89303350938849,-8.246944524702075,-168.35351849188208,-56.725610932603004,-111.01723851763866,288.3450013873603,-1.883138999152535,-253.39587128562326,75.00016219372762,-75.25417433667992,564.4955664027464,-3.4077788851576623,-7.861055097444261,-0.014286715143971992,-76.06509045914767,46.393780362458685,-42.508465124158796,-9.385704537710268,-42.6772901357293,10.129576104679824,-3.2067039490612483,207.0759446109846,0.0,-15.354987729176695,-1.9687378857562114,23.445048361628267,-213.85835682062486,-86.63174458395177,-9.810679609914672,-1.7557955683356268,-71.51123513638149,-736.982277284492,0.0,-549.4023185780575
91,92.51021211920074,50.312361979943894,-9.282267559119214,119.24644995208736,280.85340170676665,20.95179035978267,96.21870243722523,60.88083295141271,52.93533247381389,668.2066111827166,9.616132713190483,0.9078745367285945,-24.270311817272038,60.25139438625312,-1.5045915353678485,58.05561569417553,43.99101373671722,-15.363408821184208,3.46777143426989,99.87218860838585,46.724874385582254,229.54916671864515,158.53300934048707,66.25101958933418,213.75982907526912,9.654207077670515,0.01009592698058594,16.84064338326403,22.449008535742994,29.181388173248795,48.12874108024604,82.28587927663045,26.77070642760438,243.93935934291628,87.31218124729968,68.69488177470677,-4.757770340478868,15.291003908598885,-649.0520007293992,87.82956405381772,-70.6729632110072,88.1139208772435,-116.63930736924411,-10.806111154931255,18.087906876962165,-8.776126903576149,198.40551000314568,201.027591252944,-11.921130238079629,48.98608838636975,-2.2484342061525773,394.9250232921582,-22.782988649713523,524.6013401880576,-12.259282103731584,-31.214070609834355,0.0031129533475006735,211.24166228816443,-202.93593399178263,-2.473784684902389,3.271001730781194,185.68603799417014,113.12547906099852,-101.49340373069302,38.17938171236218,-7.944757278193707,-169.2851432992714,43.354342603558486,139.92776126055418,416.59236161487365,11.931440537456973,-263.7837558060456,4.414184234908017,-47.36231075465656,234.6501141135541,-1.8855797542970565,-20.918632073430132,0.013378147756202025,-32.61920377730011,57.01324316135474,-46.9677309639192,-7.026464988315232,-33.64417576301918,16.488510610204468,-3.460905066800664,193.7004738360812,0.0,-12.69647786766909,-1.9217250099460719,26.245900537365923,-206.43166133349678,-171.4684650305792,-9.833657420841194,-1.6959090046002883,-7.017394874714649,1206.578806388767,0.0,-265.3651029069856
92,39.08261899409561,-56.986534001546644,-122.64210946716113,186.01446999099457,103.55158691313656,20.05223986768814,-62.091551314867075,17.9349445850564,-57.53286373905597,174.23796721331786,-11.964403069673557,-35.59775155647854,-60.28748349363829,44.67824804053795,-1.8968325649672548,149.8670664594141,2.194472825954578,8.203313226128538,34.83817409559062,-121.47039517039974,-30.294105934342248,259.76225057097855,115.22103135377672,49.4923790976533,76.8962412338964,-11.98373322832952,-0.035357043279430546,44.75168018817845,-100.8868798492286,-11.510030030951922,-8.442917401658383,228.85232335936846,73.31115503942647,5.100441142609632,-77.6138280453715,72.32109734029353,-0.2849764597404798,-19.65395500852618,144.786996743153,-81.1807821179082,-190.99026451364978,-57.97027114752505,9.78795497181999,3.2085338309120783,18.087906876962165,50.17731025069929,71.19479666964412,201.09440973159565,24.998291475002592,242.08331500490462,-20.998279155461947,288.3514652238904,183.69262869722002,219.46290801458932,7.49846115018079,-10.036614263865381,-0.023725747835444178,149.36914255156645,119.42150290648837,-1.7536099406779786,-86.18840951883503,-74.15322799056318,93.7069430868282,-145.01689770640266,-55.14634077452402,-7.059353925977213,-168.20870548398966,-32.49782615301181,30.50670550534748,213.88010573778723,-9.678337975055726,-85.21146069474133,6.439241550417102,-273.1639440719465,565.1897714567153,-3.6217002786167476,-19.032432290005403,-0.04167999860166918,-58.890359838626196,52.92084867173844,-57.11599680836194,-10.984780016511603,-47.85119154986728,-15.467142536146037,-3.1496035808642855,185.2544873062222,0.0,-16.76265256720562,-1.0003290201370656,22.559705914373634,-212.84518650146683,-83.90372761388807,-8.982348996476576,-1.8442220561800273,2.1456116212717804,-696.7946242128177,0.0,72.78544126498242
93,94.29834128643279,38.635522924092896,-123.86068606325689,22.59000726897433,119.45249927641616,-79.408213833214,15.254323188524955,49.885419966320434,56.671728248085806,420.91422913935764,3.1591923610108523,19.022277690266865,25.68841806835464,-48.8670076653914,-1.0795686281509342,-7.044841463854922,-30.504799867920124,5.068455250415889,-32.37642341840678,-2.5730303115156588,39.698411163592155,187.78441789262538,156.41256282152415,42.28796091994575,148.1887757669195,-89.12857183626103,0.011349753998155647,310.72739342162544,93.73579484146495,45.158171376267724,110.19787579715268,25.064912446073155,51.686868557204754,-133.87475629278222,-78.94485073071945,251.97709807711638,-0.7309250465535634,82.69185719288238,93.57593003208581,167.02710623938927,-294.22398638535327,8.742139904529198,-164.56281170864116,26.900355878301035,18.087906876962165,-8.793913547035013,200.1338639074681,-129.6674303193025,26.5010510653662,359.21937541003155,26.392176295075817,316.0933041368865,-25.639216040457896,-115.40466830329109,-29.669476509402006,-15.447196196071117,0.01583466726931881,583.1441157850934,-328.3812706876332,-2.624862421586962,-149.09045389714407,202.2469738437459,-43.73585340403441,-145.98462774854107,-53.2459364238887,-7.857552176139494,830.1768339956897,82.8477219119476,-117.7256666213996,351.5886567989297,-10.106625491065563,459.49195080933436,-34.99344129285906,-67.00980436260755,511.2900972352875,-3.7518281805399107,-19.635300362095816,0.028781638532698495,394.89381367296863,28.33560819039404,7.603214658399109,-11.283453149560065,-36.953515128316845,-14.165971286669912,-3.2235459259708126,204.8351965455093,0.0,29.719177814382267,-1.8755018993254273,24.151838234901643,-214.0555248776826,-208.73314120238766,-9.81796744214394,-1.6765128552821735,86.98143844676876,-675.7063695034524,0.0,450.19496998721297
94,43.48528635648505,-115.94031641385337,-123.95653553951061,52.0425471975769,3.7890890494786036,163.11848952724762,-151.1023968502065,11.904734088063696,-57.69513265445924,-76.78133160688608,-5.684993767632538,74.93676334174062,-98.03417166793854,59.242453054908346,-1.7655225107638486,60.82527064251479,130.71702718689838,9.505641989505516,-34.541917006192925,-12.982723127844789,84.98288099590945,157.75499645975233,155.45754574186236,13.179639530450414,-29.490674116566936,-87.103575932276,0.004010811296371731,26.768242846654402,-108.6476295120961,42.488611944268776,129.78897851773326,73.75696346722249,82.08603200793364,-6.178564847005951,86.9543207895955,72.36155396168773,-0.04704296166050437,68.90082385525602,-328.9718399422756,117.89360540473,-291.29698457770974,-79.87097580778999,177.38163233079817,-51.824113704218625,18.087906876962165,-7.347375465555,128.71902144309396,244.928575823033,-23.202910067501264,-69.50957371180996,1.8383924023061615,430.81780692789107,-52.17998475855109,46.582217422441595,5.62134985493021,-31.000569861805843,-0.008594728825398143,173.1129545217806,269.19185112094715,-2.249379645248015,56.33741557201272,-196.56214289725546,-45.01875224194687,216.47131275633404,27.182623032788626,-8.50753704135896,-168.85655667517187,-81.75844398988762,-8.516630793315539,527.5411047154347,-10.215457230183844,212.76362619216567,7.43636401906837,120.9213494781615,544.8287018035386,-4.00979306208826,-21.498479837017793,-0.0034680840126177226,-33.07958343674373,4.908107554070895,-53.70514596766574,-12.19588609159711,-43.42786644570483,-22.490875432191466,-3.5479394724718225,168.94314717579084,0.0,3.3198178784988626,-2.354247267196654,26.40115708131855,119.89607457264258,-82.99955345789559,-10.284115747770327,15.703056046662434,39.90713213358735,1196.204389458475,0.0,-549.5320661118224
95,49.408936541182115,-116.47254414566284,-121.61828433997668,-12.691602689764244,-18.259145323285335,51.0622866916462,188.921227274222,-0.7416099314780735,46.23989670793978,-73.22155210513668,-14.718943338311869,32.56645887959417,3.6277623254919535,-44.50574236701215,-1.6027153528788651,114.94632387438608,48.95477165151334,-0.7411331100420762,-31.668869965431774,64.7760631323713,41.20865654396066,233.51515904326766,-174.29978180347976,7.534500310196524,-118.83191005075582,-17.250776079578365,0.016437629276805314,-14.971384595200758,-106.67810932578776,15.826669141197542,104.50609996208065,225.28352108998735,64.81273498243083,-150.83111086983877,-79.26333666062229,193.27612563218025,-8.386679771344378,5.065270225878912,-55.18392997142115,137.98241878973474,684.2473385529726,-54.865653383806325,70.6909800672641,-59.69211973391276,18.087906876962165,-5.313425600832921,-3.998989942954673,60.71472406759161,-9.789664965967715,17.44450051284883,22.238798357530047,500.76417317499255,-25.161414920841768,-40.69748907219166,22.760918621156197,-30.422666576736077,-0.005806780736188772,-39.91491432367788,663.3698782815525,-1.777699931093216,-73.74973589146082,25.551057658806396,-44.60946084405457,276.73454650127707,-23.33250935939354,-7.980600622692494,-169.07846834488765,-27.682208382346516,29.224891096369035,208.588080207103,-12.392924110959527,-82.20476074423595,63.58969124953473,215.35737747918128,551.6741802679692,-4.142623468929951,-19.00679036587717,0.0038779108439358917,-102.83013671820102,54.443390655268,-14.527791170053865,-12.290690603375765,-49.465745790341096,-20.678725392026116,-3.4079787901284093,182.64434555997892,0.0,-17.6455103229028,-2.611318102638079,23.481134804002007,122.10428348591206,95.32386948567225,-10.434204801245885,-1.7122012530766824,1.0906526209527159,-742.200588833207,0.0,450.19496998721297
96,121.00732064451795,40.56049788051375,-122.06821598725944,-95.26243888793907,77.7279094556403,-5.180221988001607,203.60550357625942,99.18717818445502,59.75949434485561,-75.16702167474898,-8.349580014326936,-2.511538585514581,106.56013511607064,-47.41348496370808,-1.3781464271900359,108.02030063176062,-131.1235804585455,40.62778264531422,96.85042364692738,61.064749628306906,261.8253204406434,300.0463651638725,-65.30489009640092,63.9861191681622,-31.852564595213675,40.8242510409381,-0.042213027056200704,409.59855947723423,-25.88073000391202,53.37045465318794,78.40283866754618,-20.275329974054685,26.1607855965308,-144.15849359503903,-79.23106175747857,201.54300860013433,-24.307436297068012,51.61355354112677,-151.04244021344442,81.57027923852924,359.9168072925142,112.10572872918551,-209.6047934746029,133.57034433182753,18.087906876962165,-8.105100218307435,-32.938516424817735,187.79468786404271,-12.33203739628213,206.61307068108007,-5.7056894302715495,407.7362334770942,440.0237625162396,51.04850579422678,38.486638633279135,-31.135356921615504,-0.06133274681838071,56.725414453685296,245.1539315409982,-2.398270493858832,-75.3349820399096,162.15390869646734,111.18047252016613,-17.010276040649938,-37.41620300474418,-8.261779834505225,-168.8209804384374,72.41737062757458,-74.49204751382864,133.45749547039398,-5.994227878888793,-263.9828975317668,28.86183917453826,221.2533495217111,560.5876043883873,-3.5927599443173417,-19.51758588648409,-0.0806282256109218,-32.649455504077444,55.43091852648705,17.98193178770678,-10.485528170524184,16.915060976739955,-6.498965464254401,-3.262636074342537,196.09059294209297,0.0,-16.25800301942659,-2.3623371716432464,22.05501926220791,-214.4121927633344,-14.703456940103308,-10.179413689310381,-1.6146509129593223,-13.476048043066072,-720.3580722564849,0.0,450.19496998721297
97,49.2144319878962,-107.17833067800083,-120.1759122770463,44.681104362911654,185.00226496095175,16.97548157082552,14.776327228428272,35.645233642374386,-57.58649332155115,-71.53041384598154,-3.4589742645106742,-34.1400203794998,-29.561702033391896,60.468182550449974,-1.5336136241987695,64.14864935102645,87.93126904422755,14.41888733542012,1.5993008422597683,187.23995304144336,106.98968382007874,471.22619969634445,-64.54983403977957,18.88188856036917,246.06418559526915,-60.88254556875654,0.032857477576649426,128.61852385005054,-107.60868661371707,-55.3816003886232,-64.79729364132162,187.22295933974232,17.642844920193976,-39.96168037003291,87.44406984673208,112.97199044925596,-2.452975468575062,62.39409555907691,662.3586217159861,-376.81106158604206,-63.139676237324785,-76.36514972959037,-77.39835997107028,-30.56889339554099,18.087906876962165,-8.5727030653163,-84.1564451569415,-130.7504537109972,-12.415184501711044,205.96702798199203,-53.741710604359795,288.50219048082465,-72.46844326530011,-123.14508140081571,-6.911640490883256,-30.721986057340605,0.02362292565294905,209.89637044396517,0.9012721708009053,-2.030624333811926,-67.88783992110358,25.9445040191285,-44.50917912691231,-58.46272179165012,-53.42825792485005,-7.766615041121524,-168.56441170286817,20.64163019278302,-80.48295415083547,362.3859256509031,-1.154786950714201,266.3784418007772,49.133816958174066,87.57567842946453,240.65572888144834,-2.912420569619539,-19.73475223958614,0.04450204157504714,-32.57395890317042,54.84972555035914,-82.7294332862207,-9.44406717857439,-42.570894134424435,0.44612430348996523,-3.275510481857564,136.4046481149538,0.0,-15.190402107516922,-1.7975893538807943,25.954473979074095,-210.92526642421888,-200.10938202562173,-9.754417354187824,-1.4965706511860637,8.23568120582396,1211.7403282317478,0.0,-547.9710824180565
98,40.88038360495854,-79.02577968662408,-205.61757596090783,20.74813047100038,215.46475380242768,-63.49035817935766,101.73812688423521,44.149280857758114,-36.50136548473636,171.761976561535,-14.48927816078963,21.647336561848288,97.18936098242065,57.45036375978983,-1.798223789732383,107.25057689007542,-86.82927141035883,-29.688871373400076,-94.98842014865116,233.81404878399132,124.11496573836648,278.4614826174129,-65.86480176736362,-15.737281108670093,-67.0748293403707,-86.41958680315446,-0.01861476698634437,-105.40188836221381,-31.193139620598746,7.127917626321342,103.9407984556647,28.998886341283157,71.91035702632692,23.868351170967323,-78.96632130066648,50.62757955395907,-6.501276920484432,-29.772266096288956,-654.1197259199906,78.62415416287428,-43.9941176491917,-41.27278261307043,146.4135985658743,-84.32817531145206,18.087906876962165,54.58857739925772,-1.092612520919966,-131.4328247311779,-7.1223461336841165,73.50858888873405,6.75451394489804,360.0977225007301,-25.57099676955876,-169.32065034688952,6.979444862887762,-9.053953015580033,-0.02908762818916121,-39.830197553319195,622.1284772393471,13.332732678062026,55.4780687036205,25.198782950596282,-44.397090634845576,285.9448455638858,48.330247496561796,-8.344335721878211,-168.86618000889644,-86.99428506373289,-5.030504490754707,118.3101304885809,-12.154444553564346,-265.01676850944773,22.495637348921992,16.423544714805196,562.3479968155456,-4.222760204346115,-21.415067020706427,-0.03489489577710064,-32.97368146495914,37.35838188371684,71.32413468181909,-12.485241091201939,-49.11352901045744,-20.128202108958668,-3.50019959619405,161.83772471031992,0.0,-17.685051476732816,-2.746515600174887,21.710228866939147,-214.3891935872185,5.638201769628189,-10.637983229288595,-1.9083770358682048,2.5572913047074675,-730.622621193346,0.0,-368.3145242470582
99,67.04653306339372,37.73875007561611,173.8159635159724,-46.63239520764011,-44.69302509566256,-134.12390018246353,-63.15423875671695,118.05552312933672,52.111630227774555,-77.9899382101973,-14.118097089870153,-36.467786217725845,1.8925696467678477,-49.1148474119936,-1.8016534818108696,233.35134358158763,239.57367123847123,-14.877025215206372,-23.893006045077186,440.32128417500144,195.46286780457731,174.95144599629674,-66.50937942983079,42.22586162092743,-129.18125985721565,-91.12373095173618,-0.010923237040106872,116.8650711833907,-24.848005133865083,-22.241801229137344,170.81939613083918,208.98014926467826,45.549810540403676,58.90236195917553,-79.63249997203661,268.6331761907307,-0.16817000101291443,43.04009225163076,-55.499622114510615,-161.45002686263422,-65.10306970431985,-37.22923077467653,217.50682884977064,-62.230498570734134,18.087906876962165,-6.382527318547312,57.06003521491833,-128.75494441510133,-15.07486249980216,-8.010002315911688,-16.290450535973747,389.78239432724075,-52.06140700165214,215.0719995142025,3.172374743349071,-29.771279187111514,-0.027977146255291692,209.09464051472048,71.55574525866216,-1.4323950905710905,-82.47634618449277,31.644948971034708,-44.77751710794487,708.4229595416249,-23.711463803798548,-8.620858354731306,-169.49647776392985,31.493630767055702,-45.058550286945454,269.07863075998534,-11.78379635084624,-265.20529355522086,2.5152944259423036,89.88065378491609,562.7871644427727,-4.144263760941472,-18.611047193110192,-0.032334655283831226,-33.29221041800377,55.3570227656192,70.81436061014452,-12.964760821840125,11.690479361266108,-23.29030281679029,-3.7049014222676204,174.19239374414576,0.0,-17.65356222239315,-2.465623949288527,22.601499407322976,444.2314017563353,158.2308235374902,-10.425318223523748,-1.7717438808051895,-4.446882384766529,-762.2312732493056,0.0,-547.7079038938791
100,73.15569352339215,-50.52521669223272,-204.03518975999688,66.01177840213735,-23.06786421163986,48.39882589011267,169.13989902034052,53.89510291561556,-3.7557536643771368,670.2363834616548,-14.224558763529048,78.27045523441554,-30.58615691400486,52.040960521135005,-1.4142604051122138,193.9300747605066,37.094440001595814,17.904742581413924,-92.12438596835942,92.16656028305502,389.44676316086634,149.69349831399728,-176.1505087242824,21.19018258353863,-29.201401865637074,-201.51467702614636,0.06359064222482755,261.9007608181225,-87.17399822824832,1.1613744557222463,29.822710793917487,28.01632941157279,33.81817098582892,-21.26143306225983,-78.94910276160839,122.16620647938379,0.3805795182475243,65.20099540466089,-454.5296876586928,78.85466907001091,628.1136994890157,1.7826812702923618,145.35156352091886,23.82585671744345,18.087906876962165,122.46948261354488,-102.93274144918405,91.45555259967851,-14.753897109553307,57.29806147935708,-0.802891338701149,502.7749326734089,-52.161036501487104,-76.55451005079098,-22.059874726939853,-29.304406899292417,0.034412245949307856,88.445757066711,-44.54986870443808,-0.13373773328310748,110.75936400302642,82.38968579121104,-44.15744863165347,-140.1111406151306,-22.949917750473325,-8.561456479690099,-169.0795796136959,47.41481387701392,-2.1354707444824674,654.2061187212581,-11.925324586637169,-264.33287779579365,45.10528198326956,14.691355659300418,174.94856714484877,-3.9422297491956653,-19.12297616809455,0.061807525534070706,-103.65616186841787,46.09110616999001,80.3712048067859,-11.77025745969316,3.970235667409773,-22.84709784585933,-3.250659553156727,221.18716467472441,0.0,-17.396458181169162,-1.9580939670813384,22.948113741730893,-203.0758003117235,-69.26451009320768,-9.91733533235855,-1.3925202204424416,-14.557018844779584,1164.9855469442416,0.0,-549.3126325674782
101,33.80567251989079,-117.01970478027391,-124.59335453156828,-89.38584560640233,-60.1311100373933,77.43672688457349,-32.33196318768435,-6.499672103232525,-58.77932656916802,-78.11463017301165,-15.470356268913775,61.366355337675316,-45.00590839678547,-38.384980638959746,-1.8401853247197448,66.26547307915784,310.86871806584645,-22.669097107874027,26.794747999221546,143.53807456441646,142.36134153574267,328.9762784033454,-66.78253819458817,42.60583604946796,-154.15833234634323,-7.492141574388484,-0.029658463995796566,252.06489557429148,-106.75036317298327,14.961985746228635,98.77153915889166,117.84149866481705,45.004429639932944,-100.79372202679657,-79.63617091661713,235.33885335571566,-0.33640274562425326,63.284071189735656,-654.5795917657439,78.239982726758,-40.8979695387378,-27.070015318349096,146.4610052535367,-89.5931145717195,18.087906876962165,-6.015700306599533,50.29522100585064,-131.53257656409062,-7.0252851047291465,122.80114623262075,21.141834565830706,431.6509315400493,-25.716280174218937,-121.95963750285136,-9.078562439083244,-30.30380624648489,-0.04385507944605299,-40.81038193574241,664.8921537984006,-1.7377804668609136,-76.89415384098528,-85.89426295943043,-45.20106648086759,145.68847096881626,-52.7711639167328,-8.692397676584838,-169.49290461349304,-27.85625349734809,-9.025073067850885,255.84227855068553,-13.126836868045194,-265.2789966116735,5.4514046693027085,261.419768558976,562.2958210049286,-4.355761254657308,-22.609595835620045,-0.056410908174602724,-33.43690026337867,54.16546996956943,58.43493280332216,-13.376163537525962,10.749464018728396,-23.42904103299883,-3.746936791166662,184.29327670188528,0.0,-17.93075253916828,-2.753288268461204,22.94042996113745,-206.8489365123628,154.06324360000764,-10.631101479524476,-2.052379663327096,-2.3058403972608135,-764.7571943795786,0.0,-381.0750923661624
102,51.92266368757078,-107.37275985015927,369.52134668027236,38.289581762824696,126.6425482306521,247.30406926576532,133.83444433158522,-59.92266389466666,51.99782700111845,-77.12705126996329,-14.806108595470684,-3.7955745878683365,3.2549156986354837,51.917071569218706,-1.7486227165319086,70.52313892782144,394.70759033137995,-11.866602419451302,30.711775555068716,111.68677219556804,352.35234747818885,217.73845878945818,-66.45933098699473,29.730915079164554,-4.13672275431262,-94.03306352568319,-0.010997507441420112,108.9846906460515,-103.25149507884352,-38.121861434646625,-24.3679704501537,-25.190705808697448,-15.188369205777631,89.58289147329818,86.60183145749113,37.746753534022936,-0.6192348354224017,97.23712704282086,-246.48891182667185,-414.53871548957085,681.7939007689259,-69.36940439211823,3.621163968349805,-73.7482044976083,18.087906876962165,-6.635417643842112,-72.79315379782132,-131.2350331022619,-14.787622447071163,13.163473092026559,-62.32846059972064,430.7627962815021,-77.57461925702219,-124.74077583043639,15.115481571964457,-30.28237551449457,-0.028118469072744665,521.1660809869126,661.5916596371677,-0.6506097916761597,125.65300927352403,25.196496214468613,-44.872862660628144,31.566899410349922,7.061467842964806,-8.276714599711807,-169.37860414718477,-101.69575318571466,17.215080761139752,179.57769711387226,-12.470659640009538,-265.0457449752672,-18.51989212055478,-21.5792157828516,559.9113361919486,-4.220460751493322,-22.03529991012802,-0.032183926621868086,-33.18935937445516,52.024567051329754,-82.27706626833913,-12.856732321667456,71.7254388722736,-21.037278083398782,-3.6096281471386744,163.54803555826527,0.0,-17.69173760884003,-2.5614062832212587,17.045659085044882,451.7416384065138,30.481132741752162,-10.436778720182048,-1.9383498261620495,14.623258077869709,621.7985881322315,0.0,-37.31200716230704
103,63.751167347194084,-44.9468789640274,93.5573614098501,60.05923649552426,285.7118764345387,-58.32146246216646,-39.51520949599531,104.52798672616218,-51.611045323351526,181.20772881464592,-12.651575883340753,-2.9033389750103704,12.311545138952422,16.8466822796358,-1.607353286043387,154.23657131636713,-125.80576833470005,108.91865107057976,-42.47114285957446,-121.728892913255,157.8263080059436,339.4861430258354,-117.01182098304724,123.89103885564917,405.6151605705641,40.24522450368126,0.005773900365141139,393.3951016130469,-100.92916602423234,47.36730316014022,77.85847914645933,186.64834164696722,68.1290723623107,74.3365387305335,-79.064064198998,70.43261554574322,-50.833261656714164,48.234049819222825,-55.410249298571365,79.58058506677698,-222.08042586975796,-38.593492431286826,152.78818135103748,20.550356811082167,18.087906876962165,50.017414031831656,11.663572252317074,201.45337341823108,3.766248859649076,436.48088088017676,29.736647110564626,313.2504338771884,69.70137374427127,234.92395096009307,31.697117978316506,-10.005581754348029,-0.000864885528314858,84.24615727235735,119.28272564716269,-0.6659451884167674,-55.88756505341969,-67.9433409481032,175.0918625836956,-44.351158146281634,27.004588033741104,-7.772609622139032,-168.53575168731913,-58.93406969763116,-77.6980622265436,310.8149100191116,-10.335378799261704,-248.37267015036602,14.30885265594396,-67.53393793589683,564.2906615316695,-3.918741105508625,8.32948824971143,0.005770922321537697,-65.5322255331089,-17.820693591335047,-57.34691367305909,-11.486288642658899,-48.47047559539485,183.31736769107366,-3.2867981839477665,245.26192008900176,0.0,-17.006443643707577,-2.1252958242759794,26.854278600789797,-212.2146324319118,36.728722727792096,-9.9501860245165,-1.7883508334896856,-4.468981634549842,-760.9003123199107,0.0,450.19496998721297
104,103.64863913440442,38.557069646907706,174.96546622788398,64.32052281731086,186.1497169535314,26.94904249051032,78.25102545972143,-23.285292372478526,52.61313472128308,263.9780464143457,-12.302348577648273,-36.252073095427434,108.48014561894541,59.55379414196958,-1.4757271307801383,60.0892940001385,451.38090705632544,-4.210179308852384,75.69757371175832,17.70929110636116,322.4625501494367,191.68967586803245,156.17876019514486,64.04760678188225,-145.91433939119267,169.968409254594,0.031065362266238235,255.12111768269966,-109.62764151792926,-50.10396221804822,12.48052436361974,85.38300182726377,30.503395576332135,211.83993622129262,87.47794419472429,106.91575066247377,-0.10272691173684094,36.480625443710196,-56.089603045151975,-393.1049432101523,17.472398731939265,96.74097035772772,9.746316334619824,-39.347383817068376,18.087906876962165,-8.811260363331835,63.86842748617632,-88.13921031180035,-22.21375526604623,41.89275797125062,-60.46679233817535,422.62862368235267,-75.01340596881843,206.20595305586983,28.394539476514126,-31.333628133161998,0.022774862700026568,210.6218317010855,63.206453776089916,-2.577181730158944,-21.012252485699054,39.63373752528526,-18.776088981651977,139.21073726281114,38.40057291411563,-7.897817161021921,-169.0588091139769,18.618701230596233,6.413130132962705,366.0933878378006,-10.001084346159212,-263.7748676336951,-63.55250474403954,-105.63055415666706,564.0249780684787,-3.860864725560874,-19.46686094641375,0.040850295752134,-32.5965551147218,55.28613453290536,-78.22593096232215,-11.408047833835901,-47.60656516546763,-19.397395709950967,-3.2807553836848222,178.9368757061859,0.0,-16.994401209343152,-1.920217722680575,26.718939553827656,-202.44806733899384,-197.43770086567838,-9.844776680622845,-1.649399122467866,14.422779731274135,1206.115978313458,0.0,-549.3695929594451
105,55.560479290336296,27.392961311478132,-108.60434061398355,268.73939003626504,78.61899300094801,-57.735569243618535,-118.5525629901327,-31.400716645453006,-55.020945558378756,47.324211794698954,-13.99574186406772,28.348842565118666,-8.38784307053221,59.848227957290746,-1.9107771033904049,296.788713241138,-40.02004467624445,-4.520096033856854,54.61775150391047,48.99229825974342,-59.24098654521034,406.31591852851824,-161.32762093152215,56.940290819558854,310.1474746381965,38.93772034769029,-0.040143100326671996,388.72576371351937,47.28056285358495,-36.39370422287728,19.319303875840113,117.65167039520209,51.59588508430012,33.15908208895172,87.32749127052578,71.87645036245387,-0.5011318632527498,57.25049830780652,-54.97700020902196,-414.03632244658064,19.285190145535072,-35.662461045342354,76.567919760571,-38.08788810050682,18.087906876962165,-8.40256331641916,-25.055282368639954,56.30520338680708,-5.966726232577552,182.10746873187423,-46.44214869455365,289.0621307282305,-91.575856540136,8.388363388374401,23.47159701816639,6.005226791067469,-0.034824507328787946,92.053629810975,-322.94327496891003,-1.7579518670818584,-21.211120332360622,25.56788373134485,113.28821359710462,410.3385113571217,17.13826380783552,-7.382377388078277,-168.51001463994874,-110.53103975930463,-78.06207076068739,305.6691067383688,-11.68466658469815,-263.30107822200597,43.35283957457525,210.28120039037577,559.5096659836065,-3.9824930250515354,-19.531742884148656,-0.05388683616920592,-93.96280596785938,6.6170407379767555,-83.40544759148604,-11.86036529761654,-49.14423136886,-19.41909017469319,-3.3073989502252923,211.62661799114608,0.0,-17.291403547085554,-1.8822193725262402,18.978253875517538,-204.7791227230808,-202.95283373268884,-9.729707195567316,-1.8609269301100493,0.4978376539891615,1202.814241183193,0.0,450.19496998721297
106,120.32116093311542,37.48526048693249,172.42583563408704,19.829414928973588,101.74858627094763,204.95596265983025,11.135268457113654,141.38543600239086,51.993535289001905,-217.8953487122846,-14.506934702823207,-34.63859084140924,88.77940981265789,-43.87245448188988,-1.8073009339490091,50.61927229027672,380.36525406263684,-0.912253120761915,33.87207786067021,20.618586540948037,297.60461413179917,148.72081524874733,-65.85612379315668,92.08273953745318,-101.96887262176139,-83.10037149096827,-0.026563870957853338,408.55738073287114,-25.555906812979146,18.82197268160268,-81.20820397403162,301.7034487651242,52.92786771642243,93.8347198086843,-79.23513951735013,138.82993876637414,-0.24734937593042408,87.34747970064237,-55.86665437521816,79.46154442578427,-14.567156539851544,104.62679870077547,151.51077673720087,55.53928550987703,18.087906876962165,-3.995690130513647,71.4640437046786,-130.51697369658982,-22.926321265827745,145.50492827913308,5.561936896645782,434.3679703700782,-44.0669025618584,-19.135796466224576,4.681541166891691,-30.420382284121132,-0.03747016891889838,32.989931408171245,71.7758246861254,-1.5349198019013184,60.0300286129821,213.6283207150471,-42.35634055116088,-3.7298419632542936,-37.19087851104128,-6.750775577407056,-168.71359236643224,56.08696961206437,-81.83947557672627,335.56394680996533,-12.175487193907776,-264.5912120403747,-35.21315337419418,259.0743169077599,562.8449363648118,-3.939383831964749,-17.14760217095805,-0.04670211841144872,-32.86443821101316,23.946538165262226,101.98419097934531,-10.587074251240614,-7.4823714820792535,-22.993670083024096,-2.808385434185446,191.38768497800353,0.0,-17.43200694056882,-2.369891845397034,18.624188198300217,-214.15045145855106,150.62169410895748,-10.279287722956637,-1.5284176888502239,-17.99926370959428,-755.4781294458601,0.0,-548.4621471913963
107,68.91988463939931,-117.05267224776694,-67.13568839762586,10.484496169617449,5.791765337664634,78.82235971677817,-72.37787021672189,65.67945727000587,-4.031871107693936,657.9267956042853,-15.82973344639502,20.413737895674057,-14.353009373273691,-43.07413952003833,-1.591623967228805,150.85488284562842,515.7940687334433,-5.502603291040358,-35.95140492330351,-112.02653032649191,62.60271991096088,426.9091556660963,-66.59004780268201,56.622029118680544,-3.941529131572588,63.6790418830733,-0.03561921389621315,189.8147763330317,26.14647339157369,39.56027425235433,14.806804005366809,156.00257355059165,50.96684343060196,31.079269957100646,-79.66788703291479,165.62766110396097,-0.14791112404719117,99.48193212787037,143.9276292859216,78.35038991153264,15.921256609353259,-46.205069801612666,4.529104054730595,20.118109682641478,18.087906876962165,-8.81814624137911,-26.487682207261187,-131.4887547166434,-15.11964066460873,161.6568277380058,1.1503076305517193,290.9802956695934,-6.162551609118161,-27.481434521501047,62.767816397069176,11.548819724454981,-0.04537685916285965,24.822514950477824,-328.5150085350533,-2.633213912317587,-126.20540845370927,25.287093268594315,-19.849344620993758,-141.367572816813,63.39657302797623,-8.752392074767238,1067.1509668002532,37.85441641404884,-75.3786667397889,309.6816361852295,-13.486702604115678,-263.0987472687056,43.492376538827926,6.426516461215735,320.02706067768077,-4.377379758654415,-17.740137269830594,-0.059620980774732046,84.98587615398995,54.85257815977749,-16.93682981183854,-13.19792027536257,-50.46667503562772,-23.2042119332703,-3.6541092060987443,175.0726958465053,0.0,-17.913542766128906,-2.657740372594474,22.47026563248256,455.4808475369144,154.3095568334807,-10.583640292604814,-2.1405828651674526,-13.74626082583379,-761.9073427455631,0.0,-545.0849196684491
108,107.2965402778082,49.15463444250516,-172.4481292118731,-40.04928675163526,138.5584751513279,203.38264549683285,-67.85369648871566,1.1008090128394281,30.191637804794354,670.3531395648029,7.444793724824832,-31.921657598080632,36.83406057693703,-45.9570079560642,-1.8620754525434131,32.69329159966973,-232.05854713196726,12.612439023547475,-20.744875532896103,-96.96950384602425,-68.15868877539964,129.59208043957764,-162.97782836115078,6.129919059502099,66.92376377081494,-51.706244933803454,-0.02208080961327222,140.80879713384448,77.85586043210985,37.53743681622048,98.14667045395692,108.79797932305011,52.39244163616363,53.15992402975814,-75.696476982694,114.2055584728469,-2.659643542658532,-1.5250308947770235,-54.37188296528635,88.75273528213239,-224.3941223494743,128.54582384545867,44.75537003841378,80.46990554885642,18.087906876962165,-7.925143740694802,42.80468526653023,202.22502202319848,28.343249966072648,123.80276395559245,24.801594272423344,290.94248163322817,440.1740729054468,181.5642643982335,13.589022042888434,69.49174285377612,0.012431798580466684,91.18984990447417,-28.765693982323704,-1.9438572773966603,-131.90966362971054,141.97130350508758,109.06672052410349,-141.7276853009636,-42.082241336887954,-6.01173763598513,-151.21686460955024,76.21929279494263,-6.566072785911421,309.36507200701095,9.676585307484737,103.60270243321185,51.15338597659729,50.38688835557822,556.0495735740143,-1.088806212080902,-7.438214768319437,-0.0062443540765648176,-93.08738744742907,6.818796732367428,62.68471254610129,-1.2679175016378688,-32.619714630893505,25.36290027712845,-1.2144605369852126,225.7562255527569,0.0,-11.97898731690685,1.607953830790053,25.969530516524177,451.3286493204246,-26.240603798093325,-6.325694732208449,-0.5742387175201873,-9.919912780263845,-758.2182735875939,0.0,196.51264858178774
109,65.2897492450829,37.99756922243005,-98.81258584937416,48.46195185756335,100.10914018330887,237.06113930974783,20.44263331144932,32.125067758154884,-36.26473181751911,-229.83232768177447,-13.416157051305344,-12.59916103952178,92.70421707914174,30.940654212889488,-1.8297714426107397,82.0486474445305,-89.18432940894023,-14.13403274104351,20.1830016601265,-117.84609276681127,-30.80826992110989,397.6763319594247,-65.30424802296595,69.8715451312994,103.43170528545579,105.72179856004145,-0.017605535401184806,260.8946404448394,-8.311431834408607,42.94246311767416,-24.720089945639426,214.69865313147065,73.21271555439337,11.520300507571719,-78.92466364416701,18.376528988814286,-0.5770833652091415,47.678164095161634,-55.382379104396854,84.58570275034515,490.3888019335465,-29.261998654098182,148.72672877201964,-60.35326500731479,18.087906876962165,-3.567203638324115,-6.851759088748516,-130.82283041433755,-13.679529330209764,99.40920984797705,17.31116227651999,291.12139274692225,-25.038954984268717,-148.95279819562256,28.5496300708702,-17.89301988338782,-0.005278480013406939,-39.18107727678401,-284.24141700156235,-1.166007825596429,-57.929828903968925,25.90639071711635,20.365350525891312,273.1807920134431,109.16737772723224,-6.719209719781938,-167.48891641173736,-55.81129173778398,21.485757096809078,315.96269583348726,-11.120085195181906,-203.23348490151247,27.319396926036184,315.69845326991754,556.1891680235855,-3.8111208195492523,-15.217229197861675,-0.012332260060885267,-31.98167175757137,18.066348465098464,7.074070420037874,-10.130469396968241,-48.66377091193536,-18.265491177965476,-2.719740255494761,200.1727765938709,0.0,-17.03004085647585,-2.0284081925278277,22.21193624931794,122.28641142408772,143.65111884452764,-9.853201651151481,-1.5188193788680078,-2.9315560608518387,-746.3533492066526,0.0,450.19496998721297
110,101.579699753604,-64.03434492818714,-118.60234422446788,21.772369092825112,8.482810122772458,61.45741259253213,0.9657496113832132,50.74463696879369,-56.153695934439355,428.3185512593351,-13.121972513322975,31.70964523724049,-16.944557411408468,56.987378876963035,-1.1310538649567303,297.3747350181683,276.95708291852225,22.054497787278155,-13.964897560571812,37.695546984378524,14.309293846655049,99.2909903215351,-65.02302462462393,32.24010963620934,23.6970180985735,38.952441413968835,-0.02110086258984102,426.75549032611946,17.284686241490096,13.181469541424901,-9.88954324824659,131.02905379505523,10.285058485349502,-47.67468001270758,88.54571554543759,155.3678831356944,1.116949120373919,104.1432155130124,542.749367419041,79.74806241942669,370.3011647753712,94.17630778457874,5.119312619353045,234.72829886625135,18.087906876962165,-8.054792952563956,22.30103657292438,-125.16012844646406,-13.851237866063437,171.29579104007672,42.87976593447572,291.4643240081281,-51.75476839709233,-75.86274308578955,38.25754570056397,8.757995997868685,0.0014368383628580574,-39.641599912187246,-324.4878804501453,-2.338122905462045,135.78060454221512,137.6914847458769,-39.00469331883077,-140.7119335479039,-32.54581689657117,-6.827190415295464,1327.4621812785815,100.48966510573268,31.859088046929553,371.0425919335079,-10.871960719137467,462.05871269806727,9.333284569952466,51.00927194679476,554.9157203429633,-3.433982315475787,-15.782443322366424,-0.010762903858321848,111.37680884805164,55.374668215049596,-17.345775018033674,-9.819059570004956,2.521178763916807,-21.13413598477704,-2.61881698810309,207.12755740329794,0.0,-16.588269913544497,-0.42112874073731543,26.649097550524285,-211.08533739728293,-80.24352622445988,-8.639648879224369,-1.7022357040683591,-8.123614017449395,-603.7337252873654,0.0,-542.896368113145
111,54.779025604602786,-116.76673509083545,-121.2804375979091,99.34776967594601,-12.720874091088188,49.88983545597904,214.74042605316234,40.55119149522795,69.59972755121481,-77.62126769777754,-15.314563013112664,50.78971011502123,-3.015861861605401,-43.85139638449484,-1.7147697058365086,145.06017268530937,75.81728130300709,-10.463782161986934,6.426159492647343,2.995537626280015,23.788154405364104,312.6101624131804,-66.63782964356226,94.87329743241806,-150.4671194431266,-79.00223182056469,-0.030155685856334654,-56.81428055813117,-80.07603895521454,10.155359039707502,-11.083010593878768,201.6438807883454,42.56022823647785,95.78095602540023,85.63774200478838,246.01638092495412,-0.5663277001824225,55.18296454193271,-54.65956322274725,61.60671786968705,554.3769693076579,-53.37061031068589,2.831620038557511,-57.92320503291028,18.087906876962165,132.5306314443599,-35.5352168998319,-124.2641410531411,-14.953828189233086,115.80650016961151,20.61805042159794,430.1601016832631,-27.2863634145164,63.31489158627046,-4.442802294151747,-30.491651873297464,-0.04819412333347033,-39.56558557799035,73.48983908877956,-1.1784479868243625,70.3621214916301,25.222644804714022,-50.32425670769085,-134.4565341285293,15.530691228674208,-8.168050428606763,-169.41388628482912,-28.564275722816454,34.796419945624024,322.93908997882835,-12.96494419021584,-262.46744658567553,22.035216314606725,44.65416489126493,553.8990858683553,-4.28981900902868,-19.059782664342283,-0.060945928799704674,-33.369917089239586,41.72251320605244,28.80940028945034,-12.970635754304713,11.562574854140022,-22.001945940807524,-3.6112270071230723,175.91593879705462,0.0,-17.875526548865643,-2.853034866332235,10.283152420709595,-213.49291763834322,155.70199307478538,-10.68273716193069,-1.9560600575182276,0.6341353232916978,-658.113943047647,0.0,-167.8949187337348
112,56.80035220283184,38.44914185350589,-104.73675057181359,68.07169650617071,-26.150579229974372,24.23313684372345,-58.79164702322157,56.04828587082572,-49.567056349506984,301.40903844831945,-6.554656867016163,61.87029984416998,-11.58286114925076,-44.35811615346319,-1.8675350533690238,403.8974208528141,72.33531978132861,-0.536865662495493,-88.73036201699223,-63.50329513728014,-86.59184589606896,242.2293473553065,-65.09066278654163,13.876150436847766,87.99076205164768,-68.4656796894272,-0.03036696279042468,-45.74455464904956,38.52580759299243,4.560677689813977,15.520759192702007,224.33193931915395,48.68642098251948,53.88793836148584,-79.04451882962924,138.07270223425226,0.005987846445878316,132.12875068979793,144.11383761691263,81.8389017170506,-51.088193714451485,-18.034830270025655,5.422672372091706,-51.76734219883858,18.087906876962165,1.328313904393364,121.89467477746985,197.28285061673495,-4.8048605318217135,205.45107357796647,32.23108740435789,289.4306808982362,-50.664512344735044,174.49519226389424,9.476791312558731,31.269342758639805,-0.02305400448521676,85.25080703847264,-21.66603576030534,1.6687364990577456,-142.4069361750555,25.581290277959663,109.81032274108995,-134.78675398885088,-16.535438875971106,-7.732027856164352,-168.51704533230392,-56.570874067419616,33.7329334558293,281.4060989272594,-4.244816154179891,-262.5485607750416,17.14143888849088,207.76679732994444,565.8773134685074,-3.2776826331149578,-20.18177353193106,-0.03600151262819712,-32.49101206276508,0.5620907394898129,41.31889498467298,-10.250497932144059,-44.52245652525177,-23.10412451420806,-3.3231040830703935,228.39895756151532,0.0,-15.744423145090417,-1.7756168633155474,26.33190176673518,-213.6529912170948,-70.20396023752534,-9.735738426779635,-1.8516494617496733,-10.942614709782772,-741.4103596610889,0.0,-348.54885037606437
113,62.825637545004824,37.48169871839927,-122.05684594414299,-17.382054485191127,-5.212266908871092,-21.105737936431524,46.216388629803276,74.10600285555475,-38.24442891123274,421.28033415208773,-14.48275564144504,-36.62473401617246,-11.238171130560225,58.671614994262605,-1.9658965702723996,162.75088891070078,-100.7038281462799,13.499548553669122,-143.9206711155426,-64.41918724387668,86.94883492431404,319.1305123153334,-66.22633308537829,18.129189370164116,57.72503693937688,43.90191259247469,-0.05468327991311019,135.72553321993917,38.00570174910266,21.83656890113004,-3.389942079611995,170.64589834195337,67.8486827914606,56.70746234608007,-79.56974931441344,93.33452072472333,-2.3363096619877366,97.22526832735302,-454.69035030089435,78.63084551053596,-174.9199375656557,-19.399703787853873,-198.44772361621386,-53.413560621055225,18.087906876962165,-7.914360763913785,179.8043350544589,201.15409717956166,-6.055079059010602,113.61805586128574,33.062753582570316,288.14745863498416,-51.98172066633686,192.50560452264838,59.30529274522911,31.2100087715455,-0.05673270431973845,146.74286714551667,-26.374654502891794,-2.041801239753926,-147.70689339600156,109.73585535703165,196.1140186754952,152.32336294522517,34.89203565817369,-8.577871626441656,-169.25190646850876,38.96763383622138,-50.720735890473804,334.9210682843788,-12.151826203130968,-264.716314450366,4.121304618908074,109.83678293414145,558.8557933167772,-4.169630464287219,-21.62555946793974,-0.08246622811525545,-33.093045988186425,-2.712634966160198,-83.42191512324264,-12.78108492880561,-49.56535467293367,-20.35741051337984,-3.607241351826105,220.98204188504207,0.0,-17.611568727585382,-2.625516918908544,26.753889715933326,-213.0391105465477,-81.97373163741504,-10.501884066397809,-2.056483214904904,9.49672473712996,1187.936790468278,0.0,450.19496998721297
114,67.08911610338991,-116.93753777267501,171.1836663925259,70.5320741525804,-21.108616828157363,234.86944256412312,210.8905842729899,89.7371619028811,52.00844620660891,-77.91069605249615,-15.504183356427186,30.651457137808155,-17.088371927822706,57.35500625459488,-1.7812862937642986,113.41018879572778,49.37077880495999,24.867828719974735,174.74257184004696,258.22146897002426,162.00665222916024,173.97412642622993,-66.62400303919323,42.78268701076634,-152.39792947173825,103.97108525292963,-0.029718382072261726,101.80493122343488,-109.20138491516734,39.188560502530066,151.97981492607587,177.26674769868254,33.42904687555524,-98.5612633764225,86.72040825579448,73.61081877353587,-1.3911130688903641,32.63854303043235,144.38559197327746,79.02120762825321,681.7616383674759,-92.58851716610006,145.47529102243598,-78.82438303780206,18.087906876962165,-8.701630991755348,57.132495583305875,-131.27183416268932,-23.406051803354657,162.82593235296986,2.448031710472309,430.926964555104,372.90764081608205,-255.20597497333873,-9.656735137974161,-31.182100355638788,-0.04822960562763238,-34.96443355073411,70.85197309315129,-2.5415745472311815,48.28115831421892,25.4625447649444,-44.74413345255316,-144.93919469669572,-23.894990056665996,-8.529849094259683,-167.2738115579952,40.49687173667035,64.8207799115865,349.9285381031767,-13.297991493012853,97.93669467608743,-23.65297766128384,-236.29894001241445,-10.134302497394561,-4.335190885292261,-22.039094592988903,-0.06130006427301565,44.60162902086519,51.417336423452646,59.403308098667075,-13.106255852249367,-9.571317426542759,-22.693951221151828,-3.63382705995886,179.87719325679822,0.0,-17.52253653617725,-2.7713306795820634,23.82955751587185,-212.1908910388329,89.47251981256532,-10.593243317805177,-1.9119527373765155,-14.91931752141473,1188.880556044578,0.0,-549.1426693083313
115,76.15874774578336,38.474980691467266,-114.91816167397951,59.62773955102616,117.48925043196974,-134.8904710430091,-33.761338357082465,7.809449040868649,58.23076350502512,-63.24305734065385,-12.427770210684077,-36.32179013808278,13.954992594265201,-45.609611277512464,-1.7442592156420502,240.87877458434923,-29.395117725312776,26.5479533991321,-112.0773052482819,305.6019627910719,-106.73643139324149,327.0781277617477,-65.1513382045411,14.20021397582533,38.79723570232469,38.55284084988208,0.013189157251350076,131.41082045863715,114.12863694793975,-15.458809380364823,11.248509726640663,122.01051619000198,42.7273450171663,-4.714752365008505,51.43573843464332,38.217707444447086,0.10624794795147323,38.13507069937315,1043.7527679345255,-282.51898589069265,-271.87020919733277,-41.48055815572787,-343.9738945716066,84.818861421939,18.087906876962165,-0.22821557209377002,29.575126202603133,-130.95432653822735,-12.388621919525052,79.78205502598118,-15.652082148608635,432.3848010717187,-62.08919508527789,28.132589840190654,24.01022858839874,24.72570733766955,0.033684338445875026,178.14404713120408,-214.74367999886914,1.3651917767470356,-142.97379762433133,26.43459614413068,-18.743191512507128,128.55307459017098,37.65763262776471,-6.0569011554461145,-167.37768790645225,85.12440772547637,33.35452002394666,399.2856354406423,-10.165262257023267,-262.0547238257517,23.12937620789347,165.99062707930744,565.6003249283889,-3.5768121099595303,-16.792519830531194,0.04117078525531098,-31.56908588076657,18.26017546556974,72.00259932165275,-10.097143479028704,14.218329443123098,-16.304798891747318,-2.7795120368488173,232.15281172896775,0.0,-16.596682265414096,-0.7567705678178234,24.946595531053088,-211.812627284222,-197.65164284774454,-8.632149660641703,-1.4720532590066355,1.449220717524457,1145.565104305578,0.0,450.19496998721297
116,74.22156302861126,40.08704051519529,-120.95353191478823,-77.73982710964557,-72.77021761100895,-150.13883347494246,193.10909501856585,36.08291541864275,-2.004653906800192,-74.83398768985089,-8.566277859870025,15.653338514290741,184.13789695576565,-47.913950524814105,-1.5023324226189563,47.25403287443598,-171.91911569204734,5.934785474559575,4.119430527083878,19.667206069689314,-71.28708886844467,330.7244094648266,-168.2441706617524,18.726647416623898,-5.313321961902727,28.95528256101369,0.055244114822889816,72.08638081378348,112.22140658268837,38.32066849357292,124.4823703374505,147.46701399951849,36.92478017398148,22.73642643829765,-78.7568558431468,26.896692093890103,-2.1985991638675677,-8.359888422612803,141.61129982985813,81.80489997461004,519.4684804208058,-14.676362059500034,-113.848997661046,42.014896166657195,18.087906876962165,-8.185755467980101,-36.665336269668224,256.4294548667941,-1.8400294989319164,283.7268450298389,17.98757306748567,430.7191710392162,121.39708041824576,-165.3425263609203,16.911112833980916,77.12501334346108,0.03918260817184759,-38.85013662680717,70.95343252963902,-2.0271220337640177,-136.56882305903582,26.0118969501075,-19.00981571572779,-156.30318723059904,15.245778020403518,-6.81989140433577,-168.41349806596125,-45.69029756622294,-47.21171376102898,401.63051252885134,-6.269943163479009,-255.8893361977628,12.848626466193227,225.53759679478102,547.1338056727287,-3.451266189559986,-19.26157352862478,0.06877786574017436,-97.13404541568103,19.805458541427928,101.04086101034432,-10.387138025139636,15.428522705332256,-10.609138208537804,-3.1935441494727987,222.08359315852258,0.0,-16.17699562104576,-0.7923658502505324,23.056189566746706,450.1753978601601,156.09933923085447,-9.25528487252099,-0.4872988252714559,-17.531477326453658,-769.7064956537378,0.0,450.19496998721297
117,42.527420078852295,-113.47626591604896,-121.58634874232705,275.1678578597229,148.96872004111418,-55.35239932568931,-101.64596009494332,-9.376856083961062,-57.21705233962267,1046.393861999384,-12.232767991994564,-36.32356276854657,-35.65063621747699,60.47898191236667,-1.9110843745969075,113.38883769646057,-142.40526607237743,12.42322772507338,-30.99368468442044,-108.29511687191521,-119.65861953085573,320.0332278786479,156.90907044518053,38.35851847005983,229.61352422748232,-82.70929221351315,-0.038683266213242175,546.639219394484,-109.2221756533275,-8.073499674975876,4.960889345869434,138.2264083482252,51.87314027102984,65.46132110537545,88.37130911962272,144.6079132851122,0.22778036341306032,7.1395819102941775,-57.467412023163625,-230.79138747541805,-300.1005338754105,-56.738714946527544,-131.9321639865894,-28.35437497958852,18.087906876962165,-8.434681696802308,95.30282207809147,201.61393830853618,-13.094058154860559,272.71873296082,-34.776309755108656,293.24827084137615,-56.38044045444764,222.38020731788924,-26.897726861617144,-11.647453297495103,-0.025097661692981523,-38.723654604445315,-325.2614027859428,-2.4495494326289733,-137.74594275020175,-138.54279867884034,137.42590797360478,-121.38363472016246,-19.980579355951576,-6.512436197869141,1323.6587049233426,-103.26549537482168,-114.48817700814323,210.04633905633915,-9.971092146663489,-259.9501431746393,46.176289303017434,-136.67337856845353,568.8463834932408,-3.604317483257956,-10.919133334636163,-0.04579537957015384,114.57987552322264,55.671593323848505,-82.9327250040571,-10.126496816592203,-47.97599712593756,-15.986568057521083,-2.8267316968553744,191.06607561827528,0.0,-16.54850185594293,-0.9633324952861235,26.020595365883004,-211.64301568428496,-83.53249798472025,-8.94204728500013,-1.9687074507286813,1.1820911861357721,1199.262879716884,0.0,450.19496998721297
118,64.66022894299395,41.95390708607397,-120.58455870957474,43.41314913447319,11.048560668104157,-14.81392071911822,56.22980775238395,146.6259566368011,-53.07220809171084,49.82270526345141,-8.356815869844255,-28.55899385583056,5.9472960393758845,-47.378074844437684,-1.6990366004727862,350.15199075055796,-68.50052999568642,10.37675241029791,62.24838724229291,61.493444969874766,67.79980245512357,297.15616584546416,-63.73983329569267,60.31068094886133,106.0669739799765,39.44347379215623,0.01214115699515781,509.1755167343297,37.37778362766948,16.073610501062692,-15.899538084990603,100.48614004088917,24.55268807101429,-40.52905395288301,-78.37928281692874,315.47528923105426,-0.7997738281904793,131.63782744788247,152.8882230509555,81.10576575137988,652.6988805324512,-21.55690539962329,155.0549537827088,-13.747007214130583,18.087906876962165,-8.726201906794858,78.36356744194545,201.70315108332636,-4.677254530483574,148.63352140089114,42.086484326506095,288.4804071621952,-51.17303818740389,89.98471355252775,25.146618124251123,29.866710892655167,0.03082901447645175,84.28305859351232,-29.25522972327973,-2.4605871395910843,63.80991841917263,137.6935384824208,109.71250839228267,147.5023484662367,-37.07429905746069,-6.857216079195323,-167.71574529069136,101.56760461466939,32.11827048425279,530.8239651338963,-6.085635262777582,99.47032907211037,9.633851308097277,79.35505138012192,564.0411681729386,-3.276888061818848,-15.329749104011492,0.03950547894157405,-31.56700146240707,38.18537654200135,40.34910530399621,-9.478033609366296,15.321876721835194,-7.726602995847169,-2.9024383831289993,212.72018471634948,0.0,-15.842408074003439,-1.5553853382899367,23.168084421489624,-213.6543635656925,155.73497808625513,-9.30746931625386,-1.5321641449052266,-11.37212410773194,-768.7875473982613,0.0,-458.65157625738357
119,122.91493852624811,38.013496307759496,-124.33495325409758,-178.1249962472546,99.38371817715729,40.28674832104232,-42.89001477483022,80.91057174709839,53.240678468085584,-76.90134018338594,19.59853602536434,43.696297981658404,-36.350258180923674,-36.83549014080716,-1.5950838563440346,239.6142343800096,272.29536611168896,-15.742646748458498,29.759822700352508,-135.63560753918912,-13.06443574538297,125.80246669632217,156.3736787040972,74.94172071045615,172.9263669727233,-183.00136332665454,0.022742424447056563,188.88060376910522,-103.2738475412528,89.01730996360492,-19.74784754983044,99.99683180146266,76.49673805622395,14.225487856078157,-78.7726390781465,140.884664645563,-3.902715859852087,43.1996709519571,-258.0571198108578,265.728707941667,-159.3532385879185,126.245141496804,100.29032666235757,103.60838558433271,18.087906876962165,-8.381353123598124,127.36135390705059,-130.69119537417225,-3.829046029941245,237.7804272260327,15.682439799115738,289.54026953789565,433.0793960184047,-87.79576122018689,-8.433994334523097,-29.069375490280784,0.0004902803403038046,740.9880496152332,272.9402409696807,-1.2652948707721121,-150.3546236571762,27.630356926321397,-5.813471239702631,284.7806950298255,63.82974877262147,-7.999540424222098,-168.76588055458774,142.58283631820618,-117.83932166417715,418.064748780991,-11.244408039694278,-262.16105384897196,-3.6480993406075046,-155.39529959181834,563.417380349815,-3.939368970963189,-17.90735238359481,0.014378998704310239,-32.42130223178206,-1.7744031407945515,-83.05550483330242,-11.389251750158358,-24.77116734183999,-17.473268257272718,-3.17771688699915,211.99985922213654,0.0,82.29978712029023,-2.0566484028634866,22.891787820254827,-207.05321401640796,20.1412200663856,-9.914479310337429,-1.3504156973269088,174.65334097206315,-740.9207387974717,0.0,-309.81515257809485
120,136.88688919817616,37.35181796180881,-124.37526514980206,80.83749642157689,-9.584091437076697,297.3907101416386,82.91987504514569,103.34155842890333,53.440038303973424,-77.57559450327895,18.20477421105533,43.820318641756195,-30.83437817091787,-47.828436232242105,-1.2422837236380528,53.27891820660723,73.63543650412443,49.8389761330822,-23.610497216647342,-145.55250180054236,111.76065710189178,204.62275929214354,-237.90088363662758,95.61081716941482,61.91938328253157,56.54666032007627,-0.02774127661205591,364.32852744921337,-109.20802941602652,89.09785355181863,78.35829452295492,-47.095135660129344,73.15255716459565,232.3663281240568,88.76914842209997,75.11495517903695,-0.042748079369662996,75.51645271090577,-553.798174935486,267.22105359616927,-261.64651144786353,115.83631002115551,100.38502448933586,9.110967528227283,18.087906876962165,-8.28719012287503,52.55402103578272,-125.5487664906234,-20.858172381684984,187.92342700408372,-4.431131556827757,431.2057230274742,151.91019178869743,209.72309431019747,-4.889467036123851,-31.224047386539603,-0.051613019844380915,269.9725512038482,145.50198183600529,-2.472051853082923,-77.25326808071362,246.1376209962749,-39.72697253522118,-142.17793940233108,-21.224065668648485,-6.317514807428308,-168.6461037218815,80.41472954232964,-18.838621300880668,499.9671235738989,-12.776776293418953,-84.4356077201262,-5.231498442105977,-185.47289823531935,558.05282944431,-3.5417432720670288,-15.988875959301069,-0.06428609859037539,-38.37357784755331,-2.0129739111303886,-52.350154791700746,-10.320004173266177,-25.278350544143205,-20.412412983278422,-2.6818105271466037,171.065360147191,0.0,37.06588282368595,0.02497595029785593,15.282337180655787,48.96383967674591,32.774195347401246,-7.7900173407342255,-1.4255858306379545,204.21917668505884,-768.7613819363364,0.0,450.19496998721297
121,111.14268015552686,38.761360390353666,-104.14675132571384,4.926576905215367,-77.5397778949073,440.20201298156724,147.9442215583483,100.69020130106988,161.4284890941242,47.098007400861505,-13.336468197616067,-2.398202387667096,66.66107158013254,-48.173163282268604,94.4621188078881,157.0083685376197,88.1380580040954,4.318067410526931,-42.32087952606642,-4.112247421998372,3.0750642267566546,258.0405712836135,149.2195886004697,65.17620314405795,75.61038242891519,46.487516213617056,0.06441928678257969,346.46878416196034,139.91465149474905,35.69538008803986,-5.105990753912748,222.31750911485548,44.01146547427384,-12.688105160396507,-76.57505485220956,139.09619496436395,0.8658224661897848,117.80383377611399,344.8858351523592,80.9464636727674,-209.24257115948794,114.67185152267179,8.536399374577261,96.85513470013967,18.087906876962165,-8.724735458823247,20.77524561003627,202.35609915961865,-10.616339471289374,197.07139393211483,62.641618546559364,300.6772899496067,-23.55859278920609,362.32067001071584,22.400121554532475,8.247896944916967,0.11128555679028344,-38.65157746294324,-327.5953579478727,-2.5291107475587666,141.72672495083015,159.54701661285324,107.21040960527816,-11.586810071389563,-40.83738362677385,-3.6781353024225987,-166.64106882808846,72.80073610933536,162.1121705979607,284.38850105062346,-11.429904648381404,466.18774693695957,68.0775337525154,-61.99223636258529,559.9336661638177,-3.240301943290169,-6.537059416611846,0.1470025662339574,-30.757031415295426,55.33915125582131,-10.219202839387233,-7.510565564540542,-48.39639740416579,-9.548497189481136,-1.7749807251665972,186.1292793671741,0.0,-15.191135241697964,1.1895050705985861,22.198251760031976,423.4203263998697,155.55386395019715,-7.3382967028851045,-1.6451048553095937,-7.564743653796083,-769.6334025118683,0.0,129.30576289392286
122,69.56342597442395,-116.41191806932761,-122.37445784326879,71.45294247705174,221.70165305439838,48.24307456917925,235.46701887547354,26.90649338348112,52.30290042637999,-44.79337642373325,-13.425044595924243,24.579274629734684,76.43350948247225,44.27048370685073,-1.570515651731135,146.61595711626336,328.79803951998423,-0.3590369603263467,65.41339129659939,99.04803163575004,151.79012542508002,88.34895057082421,-66.15587094380538,82.38495906277328,-58.62943910496186,37.67261512127837,-0.015327109044482978,249.15972580732753,139.7664081969353,34.39035154569585,34.45157398145912,93.49014517863928,45.302071762190096,-193.46955257285532,87.10363039353336,118.27089533752654,-1.776806616045986,63.33288082012576,544.3548597145034,79.05989762834366,359.8945648602242,-67.12251279647514,40.06836738644273,-18.990801743841168,18.087906876962165,-8.907690011903231,-25.00065053547913,-130.7139705390205,-22.173306634341277,191.10131962029405,15.717086852295845,290.40082957028795,-51.99833227023171,-81.66608396288255,7.409803497440385,-31.38950076983148,-0.023070555973902365,116.64441325166848,-328.7242873754046,-2.6436582774873165,170.0606156615739,25.413612273466295,-44.53156976750557,30.102511884953255,-24.172659781025693,-7.944128107918269,-169.09571271941246,37.04116324418012,-8.755346032427779,386.4164496075371,-11.095809210233506,280.8573001312896,14.909952382336314,-36.19032233802354,394.05366681451056,-3.9875649661448764,-20.66870660569602,-0.026197306628070904,-32.91187534354795,55.17471144280481,15.515340323363569,-12.27608537652364,12.211199188005256,-21.85047651821018,-3.50848570442834,153.2763253576721,0.0,-17.324833917150624,-2.346581660283646,23.072985230437034,-214.31521294360994,22.11782411946891,-10.22754489401048,-1.9832092938715917,2.7485261884981633,1198.5593956006212,0.0,-543.5428609469577
123,68.86024002943016,38.41682841802169,175.40758800058174,63.008411923325504,179.09044411415772,68.05615298862453,176.35557263216563,34.27290960556526,-58.597722887859,-76.75306543129491,-12.612408668481429,-36.287513285571876,8.397536056413871,56.92045296522105,-1.926185787940449,251.49628782980113,51.64375063066026,8.056588052703454,-25.570299254336387,18.47499538965186,32.87999186401763,379.3508002004843,-66.27036769810155,37.69601270114177,-150.92553442430128,37.94920275463424,-0.04201782941610866,393.418164542954,-20.400865081067774,26.513043068695392,4.276321722716958,43.22418633701817,43.277477307081696,115.95967478087312,86.61268253775728,300.2575528397953,-1.0560907102213386,42.78337834487911,439.89234993981745,-15.802507221033153,440.3113937987382,-72.63966378171207,-260.94392243169426,-74.98516237016783,18.087906876962165,-8.39786158190114,170.6343166437608,-131.8521558010029,-26.078090357671552,-68.19377605698496,-19.095698362158036,147.01981413260987,-62.15004623957567,-256.2109721684213,53.154975823608666,-26.368104366352263,-0.04281091259387929,99.11114390383152,70.84018524288186,-2.2760023584362865,59.279041793477084,-195.89422993660403,-45.16667184077194,140.30910271292197,-54.99195667776722,-8.577137455893283,-169.44747567700244,-94.08895089662393,102.53827841146312,217.9137586091962,-10.2815668038442,641.0509411617547,33.3986188201068,47.07711639537875,561.0978602544782,-4.0164323300169595,-22.185581042783298,-0.06111869651019991,-33.28742034901528,-20.621285772557545,91.40027717014432,-12.509371271733698,70.10688968057556,-16.64968478328459,-3.659611753486451,175.0298544834952,0.0,-17.294160511652372,-2.74691290529067,21.950572259125295,583.4292888622738,129.39864736604983,-10.59702967277754,-2.0678911229562726,-15.992205679213882,970.9620207187322,0.0,-547.4888784147691
124,78.37837191159919,37.316297595124354,149.99237096306308,115.10452978168468,-9.427033059360369,89.13453737965759,51.0908646976422,25.406679688274618,-58.80006743945483,297.0541012329616,-14.801247385700426,-36.127983822820646,-2.297138238785386,-44.35361666408322,-1.7422993601204935,155.81217020445038,118.08060143973655,6.681496720943323,33.834705324445295,205.57232976261082,218.37627835981652,187.51344997161388,-66.28069739342507,93.34072626538754,20.89822165776867,177.29327856549168,-0.0022748014340120103,254.34764865081632,57.76009770326013,38.96626453338048,-144.80597448716975,182.6597516314148,25.160588244590055,50.16249880558788,86.91589678085377,-24.434080018140776,-0.2360116649129441,59.210433253602176,-155.09276217102453,78.51443105411477,682.3267687551728,-40.020362949733034,-208.6184297930656,-10.00652109563582,18.087906876962165,-6.516224437446983,41.03809660811772,-131.20944946622114,-14.681899137360796,-13.643378616445851,15.36087244679301,430.7615387319737,-26.60767413454273,-68.97624192534329,20.46048056434984,23.020216655974732,-0.010413729141460177,1.2961079405663725,71.78504798636224,-0.6176482276482069,132.40191242254082,25.460372243229315,-44.81473505464834,281.123110738214,-23.740076820835053,-8.091612542319062,-169.3519404823487,99.91336630062783,69.13383906007796,474.0145297389985,-12.482628449579167,100.31434163553631,20.937190811313847,50.97403850953178,234.8450040784082,-4.087389313498045,-21.230382062757837,-0.009991049435218502,-33.01825749723685,-21.333965477405204,72.07374921270277,-12.570251698221135,13.621104507292666,-21.042851878501402,-3.5021196186010033,229.62233191515244,0.0,-17.626389655748387,-2.3903950694710536,10.489194483528351,-192.22963507175464,145.9279630264354,-10.27032357507777,-1.8840585911444172,-16.697736740769862,-743.4204038230894,0.0,-548.5120883653583
125,53.77086438416458,-104.49896035481137,-122.35701933705666,225.10873579703465,270.4552437359648,-56.1137758381774,-39.74310482725779,22.576255045532758,54.59900964160654,298.35666404288924,-12.519094916904224,-36.18565533983842,31.503889410883858,60.904997753485546,-1.4064628065002005,97.35316965398415,115.95325182335154,-40.54343893737064,-34.63546513310153,-147.04374342329479,106.7369593632314,204.13633614120008,105.02514237952346,29.370369419876347,216.41607897510644,-163.12367123307783,0.007955490222470402,107.31343905205344,16.31787970150431,15.314958137127954,143.3788925868782,187.39252603003408,61.907453139162186,-141.8237141920579,87.34663038396495,123.98576438486758,-3.3118950977834083,-37.647836219602695,442.91883710945024,79.373839850012,-311.5758059297702,-71.6476055908082,-205.609110776724,-14.329844933289618,18.087906876962165,-8.8309080853233,-79.53701192887966,-128.36096792151477,-12.708716445549747,43.307910721409236,-5.948663463952688,396.21161851150583,-51.88015865953757,-167.02805481178163,-29.72517174582404,8.418089340447642,-0.004781131491668709,84.41822513486852,-326.74460110246963,-2.5185687374356767,134.58638588173272,26.937627436065593,-42.75131082722125,114.51246007023626,-51.45221434718233,-7.425701645100567,-169.0078557970054,37.22472427133019,132.4809013592556,347.3620907173153,-10.197974973176585,-218.69396647800315,21.38375963565196,-75.95699472520774,-89.9785816134206,-3.77982731346183,-20.4864633716781,0.002350875197601715,-65.22153968062172,55.169565716829624,-47.88461224185139,-11.787987801626343,-48.19223869965648,-1.291637469427691,-3.397844381784698,149.41823164742766,0.0,-17.08791534178319,-1.961106283805985,27.226457500288586,-212.32667803814192,-85.03620976942472,-10.053905201471062,-1.7977144357504244,-19.84692428798765,1213.306234846256,0.0,450.19496998721297
126,59.8590624167996,3.4345911251144607,-119.4884953555141,114.49707138201457,111.82497168970677,50.96298776022565,144.49548849891977,13.616845104404671,-58.7623399493426,170.78108571110994,-15.199703730649263,37.8795010393451,6.619616729101809,59.82180124884989,-1.7978699753343554,98.90105308216293,96.43841790707594,-4.7324140662976015,-30.589453589180938,199.41405766408118,282.1824000979501,222.86474490463533,-66.45889043929225,74.77892840658716,-153.50482808731059,37.5365851140702,-0.037191055974939484,-33.12219898977625,57.426490021736846,1.8054255317573489,-83.70687225465392,28.87071810594176,19.262369618577274,215.4934590295508,86.90459576944731,2.7267980707179755,-0.903710338569371,91.65813055740635,-256.4914569832903,78.26994799718,683.8335146773978,-69.71519526622382,4.803302129523518,-90.10222729327002,18.087906876962165,-5.347082097960166,-65.82656215693274,-131.44939636537293,-26.848079818524475,-74.14201314821716,8.518204948983467,414.0976899640972,-25.735068322029797,189.34941093819157,36.16516572823882,13.723899857272688,-0.05494900852555008,-37.83102859893398,72.36741322722631,-1.3713099553063766,130.95470730121582,-196.20288948045794,-45.88771446583703,-145.74374309631804,-23.549279336437017,-8.52152572266337,-169.48998140867252,-91.1440182360705,138.8387106460045,418.69368121137603,-12.848153102473253,99.6595904190308,43.861634831110514,-170.47600615444503,-43.511429440056084,-4.295178651545023,-22.156781864511654,-0.07158013933126882,-33.262616588519,-5.543328120560588,85.52915196786509,-13.176353008240419,-49.35891652158112,-21.786551405891203,-3.696579943644555,209.35457173638736,0.0,-17.844234226208293,-2.498455151541264,26.551544559485798,-213.2421127289946,-58.095632354222055,-10.494845588112986,-2.0192006991542226,-48.97812812611513,1200.3483424021538,0.0,-546.4145838792174
127,64.14186251699692,37.440603904344876,-123.43391345807655,58.98110149165372,119.68494417914532,-53.17022254969372,21.842769603090428,-5.574293104860516,-57.702411584665924,-74.0142415116967,-14.560922956028383,-36.39975338271015,12.719983581795331,-38.13895904005422,-1.8862662544698463,368.3764143036781,-78.39675536971258,10.779517801873448,38.66809243980797,189.45463357092578,14.982374980142755,193.9215718255144,-66.28456185253447,-32.67886942279338,117.18573711367563,37.048930798662305,-0.03368792753230923,111.17075490448032,57.52734246080241,39.48171200761542,-2.635459723564338,110.14733326104914,34.83912685324784,34.97487188501594,-79.29766125705726,40.154450854754984,-0.5047287024811385,57.16107143760069,444.66716105826697,78.97495826517084,-292.5394005183385,-16.952980876684556,-185.51804874247605,-29.95153492767624,18.087906876962165,-7.94357009459059,21.315548402247284,-131.38097401896076,-6.377278419022882,40.84018699662716,43.780468391992024,430.3456133114352,-25.52366910776016,-170.78722308742852,37.019997206314436,22.804492573405966,-0.034277734920511865,203.9272173896027,71.07406826280723,-1.9347274209384264,64.76939227347115,25.60660348326635,-38.575113173527484,-1.286841698819842,65.71750025555382,-7.924428351084211,-169.33611308509973,-27.591350444349565,28.580998800474532,271.1859874814571,-12.234015831166124,106.71036623348806,21.755609937302015,257.6461875773956,238.72321226819633,-4.136091908541893,-20.522742998099194,-0.04833074269062046,-33.192992915036605,-21.330088300154674,71.45771958937357,-12.745012136761229,62.83665912600835,-20.5258767555218,-3.5851471127246883,213.7736052768389,0.0,-17.61867332330337,-2.256647716504374,10.40220848278937,-212.74981125325357,148.54448991449846,-10.112199406278238,-2.0098400806902745,-14.895723909114123,-635.1492362441275,0.0,450.19496998721297
128,63.47743697514658,-65.2864273671248,138.62842893091675,-2.4020442650975267,-0.7253965610909721,54.92132955176847,228.23717814220245,50.16255721454456,53.8998258796062,-75.84569997264191,-15.606155647172605,63.822110319595595,-53.77690722387559,-48.71619442430733,-1.8590175838833622,158.31562654589152,613.2818639015185,7.020276548224711,8.24076429557436,190.11880389280336,256.2343298821464,147.8676488616106,-66.81621388623398,54.75848046336009,-136.7178308203034,-72.52598997447778,-0.044152671242100844,-76.13752887673188,25.808147400026623,18.060628565923803,-112.69314108847915,204.62810043334005,-3.758082573484667,18.566509953785552,-77.87862068507114,107.46356662181584,-1.833042220442046,90.08143070375141,-253.89544558792903,78.18711310325232,613.4901659362821,-64.95228119625484,145.39797347685803,-34.97114618289307,18.087906876962165,-7.692527030618157,-10.666095528383654,-130.96706622659698,-23.565728581159057,-22.995644170175325,-5.7135301060771475,390.3953506682828,-26.296566513118744,85.00389870278036,-23.56998784117565,-31.05468853879953,-0.06113534602712606,-39.49659493800641,72.72056840546311,-1.4193637710860174,135.59420224266168,-195.92969726885403,-48.57176194975061,-4.0861420631389604,32.394697053628235,-8.873923083592887,-169.56391748846593,-90.65299063463901,-8.099861249455373,307.36233533698856,-13.251593753875762,88.3707967966002,8.242020302884306,-58.05371457237688,348.73303811294164,-4.373594750566003,-23.03200591463272,-0.08109567129200962,-33.51030476458998,16.343657100709507,128.43205052425418,-13.554087208897677,11.013095186951405,-22.666976867699294,-3.801161591595445,163.168147760579,0.0,-17.98659489510248,-2.9953051339201684,15.423344042724064,-213.0637014766751,156.14517778956235,-10.811436191851458,-2.0431260850018713,-22.356416905036305,-762.1308569014926,0.0,-548.4654374225343
129,46.728043714079796,-20.48218638275667,-116.5877704848413,133.70196334496222,176.67723127421377,190.33868548831356,21.529198659494764,-27.453805894169783,-54.98849355544288,297.73795387044686,-15.522096958265818,-37.117849801194104,-31.351601864772384,59.757210439247075,-1.6491562570484644,213.88280971151522,-91.54186334359053,7.960618700007562,-69.35108216372349,-77.49715719043947,-129.8024966985309,309.3389906514863,155.87313807568998,124.24343429494583,214.90451221933859,169.46236121800317,0.005743833053329506,249.03618632296295,-24.413893760244676,-43.49989685268675,-12.219832499828431,253.89640194166392,8.21480927921895,1.1386150461275677,87.52573915582336,155.9686663427611,-3.584497168702299,30.395586483588247,544.3859689375595,-420.2881819917139,-277.73892614032167,-58.30652506161513,130.59196712645138,-23.30150468679998,18.087906876962165,-8.667797384325935,72.12068153489038,201.36693398234297,-14.776951704279195,331.1895345965887,-51.78758940884846,288.63910697140165,-78.18538170868212,219.82739028735884,38.64731822554229,6.309672010180182,-0.005703437018038131,185.9963807123516,-327.74517291628797,-1.8148690262818705,-141.27333337606368,-124.90648028605948,93.27882257285064,559.5467402779391,-56.941700854888374,-7.1772383119082885,-168.6667111910341,-71.21029630718374,-39.28789493065937,343.54165953453287,-13.213245396963776,98.66555997993378,22.09572349887019,-215.82465553786136,561.3516835760694,-4.114965640094169,-20.530077109448893,-0.00569134262088572,-32.514708554471866,31.030981063107085,-83.33061743448823,-12.441128829513467,-50.24702137929375,-22.12593292194655,-3.395893832759068,162.1595580974036,0.0,-17.65352982293109,-1.5303766105074776,19.078651707430264,-208.80613593613054,-210.10241561399366,-9.47388897630181,-1.8346567123784663,10.554385584901855,1202.0565302339637,0.0,450.19496998721297
130,99.40950327349456,22.99806844149885,452.8986590542381,0.4420837976807734,144.50404909725012,175.32253720723352,29.84846242142141,73.1978504326026,52.112645413306964,670.5033230192344,16.8483793420621,41.68843024919428,-32.14457818552151,57.07122139511609,-1.711037106052768,179.8581570370078,-12.812580176342756,0.21249848541823543,32.6871066435791,200.22196211016055,299.92007494062807,150.76424852763031,-66.36620174006545,133.18964742084736,-133.81535473207614,169.94727999552833,-0.009080439263711697,107.11592609135141,-51.05238146156868,91.94936105932004,-83.94272220026734,57.834680814991295,52.621381761965935,301.7668011667756,86.3507116900225,46.99249288950972,-0.6526957849464893,96.377054224795,-556.990163906856,257.3702080568407,17.918697242482946,-56.80678560348116,-48.58186638961127,-80.72692468450865,18.087906876962165,-5.788568480505841,30.00567903258064,-131.0311682381519,-23.007299852581575,17.54900534679017,-6.337274618204792,7.185004175442657,-25.816790826975772,262.48143791496614,36.42966238624977,-30.239749161087406,-0.02377535769541045,549.6240903266481,74.82642894559355,-1.053455992941156,-44.7382762577014,25.60471380594198,-44.69008392466542,139.1122757646306,-23.98111726195509,-8.160261477299118,-169.34037907717328,77.26475333876846,64.18817717580193,428.7205299233408,-12.627525448963567,98.37407964062858,-85.7413361556176,-36.006791841157465,233.05006378326004,-4.160129048098996,-21.78293275622596,-0.02483535135875997,-33.11707071631551,9.883888803878332,119.97296267431862,-12.695252225072576,83.44555028823362,-21.34733114356637,-3.537190663843412,194.2466484444711,0.0,77.7472259089025,-2.446680267036393,22.62782312646013,-208.93201527146263,22.934123679028836,-10.329331424888624,-1.7788303972211157,194.12089442594862,1201.1356761663021,0.0,-548.2709493149423
131,46.477786891569366,40.45516118062327,-120.82835746960723,-83.57715215008348,36.7357393029817,161.84403631253653,39.82810708300978,19.846092401589768,-46.26760093914785,-75.20882739584624,-8.658627826675568,-35.729325672334156,14.598471189042206,53.78819965945684,-1.607815530191845,54.10850278525582,-248.40717061330773,-14.996390585857819,75.82615818223067,-62.09261387324807,-48.295526434309906,282.99560230704344,-65.2628847162269,8.506773746159222,-8.170278270606849,-53.60317142870838,0.01849234136126104,256.95859721214595,37.05263006242027,-3.9225634077717046,32.085697723812835,221.8683699859754,40.96412856758444,-7.746395503444852,-78.74453497463482,97.23622950019679,-1.0876284381031291,25.435352258178792,-53.79157544878403,81.40093716688207,-65.95376949743837,-51.77297263093226,31.95941254828826,-30.7792147747756,18.087906876962165,-6.637435235242655,154.86415769847108,201.549331349419,-3.511564564924119,69.216610024551,15.609946530500263,289.15526915817543,445.4167751170403,186.11240740806574,-0.15618348375981628,30.406194756768084,0.01946679870565542,87.21092282165927,-28.155068306656336,-1.5559511785909546,191.92092999982202,78.68876932159371,94.45323003774111,-2.6707965609779643,-56.971756420475195,-7.919602145971519,-168.4621831849136,46.55772123186679,94.15874190815326,389.9571687616777,-6.363701490002659,100.30186408410428,18.43419409775651,74.62499772586156,562.6298221789369,-3.4045295204394925,-19.710085118287385,0.031268336472578734,-32.36872612428261,0.18414828244087658,40.97286980958146,-10.654594771404014,15.433848872540791,-10.043566876947024,-3.292248554618662,181.05592468546206,0.0,-16.196820844194452,-1.8377303973601604,25.563696887831192,-177.17073332673144,-78.0741759263187,-9.685270681830348,-1.6700418275244084,-16.807625192659707,1183.2447833192696,0.0,-297.8017491906321
132,76.21727051788555,-101.40894343885755,173.95550094232004,93.16930487590979,-31.466695989030704,51.366072664322175,108.47232949706196,100.2880165138006,157.70746575488562,-77.81250120232983,-14.681983853014996,-3.0834856894349816,-48.48177147735513,-44.43935448174527,-1.2042434928697114,8.352964356063268,441.1356004423712,27.093092454941846,77.1876081566736,-67.55624260693888,168.07000849223382,162.73762003788391,-65.82101567928736,99.73617366860289,182.52050926332183,-90.07140443730442,0.04263976072136521,272.95201445349124,-102.53046085364082,34.01814484162621,-84.87492445584101,164.90620746260495,26.91126771806266,53.31603566435778,-74.86802397273324,307.3135143183477,0.4904629890552572,87.18987687343358,-456.51133375138124,80.60396586298418,681.8835694498381,-71.86723072184714,149.36308361605103,-39.50370135936889,18.087906876962165,-3.353138751935444,37.15604553873705,-124.08704879907535,-22.969905170604594,124.93467936276767,-3.133958860214519,433.75404818881105,-50.52360550789017,9.84083463367427,-10.571578308401353,-29.85053961483977,0.009405662077482854,267.81667355355887,-46.90940666760434,-0.8053917173018783,-79.07984718605805,28.012687475480213,-42.87732038444632,7.614866263396729,-22.74024338043278,-6.900083533504377,-168.9627667569378,100.35691695510367,35.414848149765334,460.87566924078124,-12.753566221781062,-264.64032708303444,-35.303267443462595,38.519426283059076,553.4744240971853,-3.9296827117831716,-19.320870444382603,0.03007000936270937,-32.67102411556145,-20.117260587061132,9.623683981092576,-11.571472751016213,-8.523540854034293,-23.02865048194345,-3.1145731791918214,167.2509925629295,0.0,-16.321860676092577,-1.6718828102763998,15.940091550328177,419.7227638814647,26.025625215358016,-9.798970106130655,-0.9144065433830363,-12.49149383585644,-683.5279447435826,0.0,-546.4341651031949
133,127.56280633016966,37.950516689964644,-123.13323832305545,-0.9712935458993425,-24.764914217861108,212.97678968388448,193.3089209720144,123.90926161411063,99.11128701673846,-98.58663233741382,-14.724041191311022,-36.25729226331597,127.29106447350259,-48.51792629979365,-1.8283746684659021,179.3381768789526,-73.36076854220549,48.38581000155893,-92.84891815513335,143.83048993395144,102.86910824764206,262.3931168629182,-254.29155299687096,43.19081287611265,81.51695799723316,-211.3233079559308,-0.011484431818223383,341.0162627468649,112.13312483627611,33.66286258617773,14.269907227164593,209.44272498163966,46.65923402780346,47.97982972179331,-78.29035268583665,220.58555490089054,0.08591638151244958,51.462641925690676,343.446186979268,79.06425370954669,362.6021329640769,110.64603686684973,153.42793940406364,181.93128640447733,18.087906876962165,-8.533929712805207,150.3469484806841,-131.07451556077433,-21.83558799700636,339.4247428548231,38.61232744742899,573.8980984562852,-25.610290210894522,-23.058927983291877,10.146667088028936,63.28849782759344,0.004908826572650875,84.38018316527476,70.78000233975536,-2.2927243053229183,60.50710838369701,138.2730214326151,-51.079566463447875,226.4206800540481,-12.013552282001323,-6.7515461781734025,-168.87519459486663,100.07086587404449,87.66854669597704,324.48538275639186,-12.450162752943248,89.07659020012274,8.99472126665294,-79.47325888824676,233.31391837719192,-3.542068406807026,-14.539237846982928,-0.0010823629634645893,-32.38570514917934,55.49827790668474,99.95763863169337,-11.476504860967578,10.211416389342565,-15.469147334029923,-3.1029346385642254,187.03438999847327,0.0,-17.202990573347662,-1.1111261055736739,20.78105107360804,-212.81108424105287,158.16315578950707,-9.121599808437695,-1.7020814296816613,-21.203863234154905,-765.1204875559596,0.0,450.19496998721297
134,107.36926061119503,39.3963410267866,-79.02435541266517,-78.56440648485241,-55.87080784394679,55.51564493946839,-100.45220797852443,77.23900267779094,-2.5330596889904533,-71.15659833419608,-10.864054997759524,-2.8564144719991305,2.9964304248616775,-47.76775801361671,-1.5560163325279195,282.92053330871113,-61.13715540321869,17.04943466816621,-15.105163918253592,-136.67645529990878,-61.37093087972072,311.85552458226596,-64.05285657547478,53.970403852752774,102.41088819143866,176.38820879236638,-0.016674436508563442,323.9403014818969,-106.24279357868123,-12.694853151526875,2.830442619184387,212.76472245696013,23.366524161113677,-36.49866497658774,-77.96206715219166,88.45828188253667,-4.64540293442619,-13.876895840117175,943.8305648254749,-42.14063970560324,-45.37963858442086,107.22191744648198,-144.5014078951679,276.32128625961786,18.087906876962165,-5.7336562147512025,27.41635555288441,-130.1930072464645,-12.814874827738146,286.0902522853664,-8.56208433592227,293.257502662815,164.96571534525984,-120.92726128485036,6.742437044139273,-30.135568344627945,0.006763566345734662,88.90130833556063,269.2857286539961,-2.1212672370893206,145.29689975739305,137.6547919899498,-14.6700899678199,-143.19624686036423,59.24452009419368,-6.864574136348454,-168.39969853156785,95.67094459617088,-109.21643974448924,342.00434355921936,-8.5502301294355,-261.4624936950085,1.576148466469765,-182.81287342633962,566.0880532942737,-3.343911313423725,-15.073483028246462,-0.003229821102407604,-32.00548431723377,55.5459460937413,-53.31015137761053,-9.456962711037116,14.09200550195731,-12.716729518783655,-2.6953374377239543,230.87976616230284,0.0,-16.352435664719383,-0.6891890941569718,22.983775564938394,-209.287730224975,153.20146686296144,-8.761003934138403,-1.6838887217833742,16.972593264265836,-757.5035037852208,0.0,-359.8109947794719
135,103.047783948007,31.857734763959478,229.34049140223934,223.50824103787784,140.04530995520733,21.501306075117153,146.7908631578952,42.02382540902204,81.59238837949212,298.835081380621,-14.678550925082705,1.1157670818809322,-72.83512738076006,59.8466327559573,-1.6346680563769962,156.59560781050234,381.5042867328793,28.598407851753805,-14.511313490568595,12.463885599287995,186.85511200319962,277.72788995781474,-66.36742242608774,100.78850305280591,-42.59674221109391,170.85898406130542,0.0025507987703623836,265.4076702891068,-108.65193273003227,-12.649381252988713,-51.156904576815904,86.552431153789,33.199418496225206,102.46326853664807,86.77322807685808,76.19972357180008,0.017241936756900778,103.53447890556565,-52.355785393525935,-38.9443251311163,597.488116016059,71.76958036070654,73.22723403972073,-77.31513737928093,18.087906876962165,-8.025009394235717,161.1338368163052,-130.15233913773508,-23.34223697210221,120.2057313548793,1.9226598072098189,288.64647510166196,-64.49845847838428,-252.7711516977904,40.7677811349301,-31.07399669170207,-0.008521681719024838,241.5784225397431,71.6225505408355,-2.401312579575966,135.1360712055434,25.91119086898369,-44.13682173195143,141.84931113329324,-24.05474082595622,-8.217870750079145,-169.33718247416599,32.80457383225624,-43.22703016810778,562.6644127833924,-12.35811886485844,394.5273363629935,18.95434561105437,96.52342156880755,525.5261959955166,-4.110708242799016,-21.37682429601651,-0.005211546014531665,-33.08513843187634,54.01742379530019,75.73378712864327,-12.606240887392001,71.94783103852394,-22.990074669336046,-3.525021609488759,154.47957025949742,0.0,-17.60088009177492,-2.499929117486115,26.438831404873337,-206.1328912398143,-51.961927030798634,-10.367798155600399,-1.8566215501649932,-14.860660460198726,1211.6405308631533,0.0,-549.3897498412744
136,90.22260298929201,-35.44975155391532,80.53158091471023,-51.46591514537702,89.11018809617397,79.2095594827743,143.20029948326368,74.0938232518029,53.14015822181449,-77.25522971682375,17.831150155518742,41.43756658991856,20.733510029774518,-45.99942572100745,-0.8118544191058955,172.01704888849662,441.3453359730983,4.321402836513418,-90.74324145288855,-222.64948276149934,337.29875171481234,212.87715503289093,-65.2565402944334,28.61932169759473,77.5537662094,43.079428291066954,0.07847781688631068,109.48838659540037,-89.38581906688144,97.95775931588263,-16.00935104662875,235.89020502104282,87.48350087708643,-94.22475639694103,-78.39615841403861,221.3373133854428,1.0495347060774873,71.06418161662543,344.2938274951138,266.8840574703044,15.811199611224183,-43.27998297103755,-42.82881001506797,-46.44298131947942,18.087906876962165,111.46555813461205,-10.107809325013223,-128.81827653672687,-22.453891325908668,169.92167414861277,28.944500028902613,418.3241757513706,-28.62282662574581,67.71067934547541,37.64345097076251,-13.635984862718159,0.07739338632328481,396.47923174262667,-323.79245977502546,-1.2767330972113613,-75.17950651841613,-194.88966448996442,6.595394580798707,-3.3565496216422566,50.12363985382025,-6.966683643516667,-168.81256307122058,-48.308980026572186,66.346348127324,488.0975398171424,-13.234819989907223,-235.66638202676413,6.24923402036567,-138.9928258250185,558.4058465933254,-4.010039901862571,-16.836050097576543,0.12270375779502951,-32.41762197515961,6.83498308557337,2.680782955260804,-10.942453318848193,84.80777491532032,-22.988686874002305,-2.8479401474808315,177.27878053442868,0.0,82.68937217544746,-1.3589928971792622,22.88596032946382,-206.70189250244698,158.3300838392099,-9.30544524162322,-1.157380355610094,168.19512623883188,-766.5717278286525,0.0,-541.6198383874319
137,113.37785250884916,40.72346210547072,-114.90701777917866,171.89169964447885,67.5520933562515,51.565592470719416,16.51280979156051,8.379230269810527,-3.3553525744629087,672.3173257421383,-7.812389756195496,-33.603416285337715,45.49672458630522,-32.399963993222784,-1.9311634218625733,239.80615859368487,59.28017950914383,12.857980044072592,-24.725009657535608,-4.120697014937846,76.20867980879282,395.4521730216162,-62.60539886307082,70.69738650338084,-142.71439926262062,173.61718303553988,-0.04713715685387123,192.98845378014454,-21.245150991567005,40.32379150010141,161.43742815105963,275.35738541180444,26.584970081179268,-35.0655421994177,-75.11827001749118,322.2535372059033,1.1741048779937335,77.94414804672562,-52.00526585356556,81.58160212312728,692.2182671600013,129.8492861720921,130.54085459509486,220.06673415126798,18.087906876962165,-2.8687454738743132,191.67532594178093,-128.13532087115848,-1.7973145491020248,173.9957345679379,22.076642055596007,294.3529114947643,-24.298977595427697,-159.81619132802984,40.512846203326376,-26.92034965999645,-0.034654591749623584,-37.506819379801485,-310.37278978748384,-0.993775067805271,160.04298256727978,139.901694115533,-39.81454335119211,286.0007055632023,-46.022778809048184,-4.674876798993386,858.8877837867471,101.73693998486472,39.116775128780716,394.38816090445613,-5.668299428817368,461.344657845684,64.19965337122136,1.7851468264303982,556.769165313477,-2.0030332047331725,-7.829048438486715,-0.061862261470914504,387.44187598521427,-17.71984359556357,31.28912308998074,-4.933266498749177,16.4018586860563,-7.192889143966148,-1.2684644116027464,179.50463852234026,0.0,-14.695945595490183,1.490479407750998,21.272297707035474,458.0730634779468,142.7725846121386,-6.391869026994032,-0.9626292782100089,5.470918004710352,-748.2811842843614,0.0,450.19496998721297
138,101.43899779435395,38.45824636274551,175.45348253515598,25.150306226304604,39.22493927243541,77.59219761261303,127.9262538945522,35.532995244519746,52.699566653476296,299.52121150008566,-12.633040144693092,-3.241561980945436,67.69117942334069,6.067376691259765,-1.51814878959684,-3.225496325049626,436.58296496677275,8.417572611399244,-58.259721338954996,-105.57028621559856,-21.507993088164106,187.9849508632668,-65.76380934260224,87.89456923006038,-95.15119245880162,-85.49767658971054,0.03824293080562092,407.6179219218502,112.01432232573893,16.820378087789596,136.9341579910566,238.0101934828641,50.7627120160766,61.427027722706974,87.4547238853711,138.57638828750694,0.16028636721539366,58.83075157834905,-254.02542106014053,78.86432115847121,682.0000239833142,98.57231790926768,154.10240329115533,-24.276964857760813,18.087906876962165,-7.57777857436569,97.98512833150711,-130.03248428058805,-22.541120993358167,137.13079270062636,-17.06772745230613,417.97937289959475,-24.78852019034865,144.84122864335518,-11.038955661106652,63.03332102471282,0.024825561158635573,208.45584846639997,82.82474027757891,12.035004127659404,168.0257858552002,-164.13295845867734,-43.615354549938175,-108.91906602779113,38.47933287163774,-7.4733140486441005,-169.1741027015338,-63.29204537382435,-6.81309439871795,405.4399802504479,-10.333382627645625,-264.0173911132431,-9.314957043827118,-108.75726080515668,556.2807894474838,-3.8316882903713645,-20.056110240629902,0.04388756248740516,-32.66922584034859,-20.02084017113907,-81.74320618032222,-11.552406446422033,-48.333191665248236,-21.183458610317917,-3.3098024256070513,205.22197290333918,0.0,-17.000218407861865,-1.7598974691468063,15.075485649534208,-213.02902411365565,25.61564937613888,-9.756320601758448,-1.7220263867649894,16.099124722924543,-743.2897289460508,0.0,-548.4115721376611
139,62.92222116708503,37.466073247948565,-108.26323998574715,104.95210434157093,-20.96496224505089,254.02989784684442,27.937403956606236,37.00883821956316,-57.60293664892905,919.1655384038363,-14.56656434359748,-36.68370851115454,-39.08878458040465,-46.64496421091064,-1.809838941873011,238.24748879762464,-27.350094347429362,7.412128307472699,44.60385517870665,127.09381636498014,-84.62812424550376,376.3809658455385,-65.37042424481979,24.712653317767067,145.02014116534338,-125.55745856491043,-0.009618185354380766,261.57507895896697,37.385584930155055,16.557606692741626,-17.161749845331,127.67418163096475,21.471231803631554,-209.94684166611552,-77.33372896137647,361.1006292375341,0.8731008531588668,95.1026589924758,442.89691506122324,79.2550917728232,517.7584000230273,-33.97660439178092,-217.5572489404417,-38.58208666093146,18.087906876962165,-5.824929242641975,217.97992202684367,-131.28373534110003,-5.6136106217358,147.22036291652657,-2.5573313684679557,573.2415785096566,-25.880241160994547,-250.4744888551084,-2.379357767492937,11.452521439707995,-0.0021358684507727945,203.570128010398,-32.4390544495764,-1.1828682847929246,135.75384398250972,26.392605650293305,-46.22985526721369,-136.07771471876774,-50.346668040197706,-1.5518667765777274,1327.528658234336,36.97755790685367,32.05000066521118,257.63915671316227,-12.264124394570326,99.05951205279538,-7.445503274014271,-27.01916035548168,403.4777172597308,-3.6113668775747945,-17.762623984245792,-0.0042636459965954,110.93653302801837,-21.064767821859853,70.87526602404162,-11.05728885059249,-16.886856213343698,-21.241286390422545,-2.9655942066221055,176.9885228885597,0.0,-17.120830269819685,-0.2363628708801242,22.43732672307458,-213.56003526461095,31.837022841457685,-7.883570008768077,-1.613943352366837,-7.577380135646805,-763.6633484107133,0.0,-516.1785282165631
140,66.2832294751447,-116.17339639283661,475.75382870353553,258.2411580256295,327.95544656526107,54.52831062698239,13.90447459302045,48.3319958259746,53.91916972448846,299.65490042542046,-14.07755088051179,17.793350185033887,21.027605551724886,58.53674881156606,-1.7128881748835345,96.26296810485711,-140.03160466927625,2.3657771609924345,42.975886627575846,-254.70562820321805,38.06317041125336,348.4714969747657,-50.48359951313526,119.21016998337885,-117.23563799076916,152.82112659352782,0.00388903205519163,413.0381572002919,-109.55769709227148,36.48533083633836,-18.700175090401736,95.06726869096305,52.04954294430844,7.877086214342561,87.56584532695405,106.6857583006063,-9.59479021294993,71.99305643092285,-54.41247475404286,78.9627297759174,-290.97574155933233,-73.55839308979643,4.325270508235304,-73.51840978446593,18.087906876962165,-8.763119138322079,7.314141587678521,-130.7830050853382,-21.105362697283123,112.00165723979394,-9.277931819892286,289.4497747000573,-25.34724903844812,-164.98111957688292,20.321449074449074,-31.305168890348114,0.003808059125282985,-36.7573301354488,-327.1883421354225,-2.563843940771966,139.91879672264324,-194.85455902507803,-43.97038691850672,287.3517684723755,8.322541156834417,-7.367384981084301,-169.089047235026,-89.96013270093145,67.56158604157862,464.4925112243204,-11.769708733208939,435.00449104292596,19.9640550229375,-131.98412152421747,558.1497870530109,-3.8773201279943117,-19.312542581517107,0.009884774282645836,-32.487640535822784,55.26068668008999,-82.77666258959867,-11.565853647185612,-47.492824488550625,-19.597442534387245,-3.1945335920128595,159.14548122411057,0.0,-17.238466273127557,-1.8402548590464383,22.646262994807834,-212.1373711727691,148.8887497728462,-9.706695264919022,-1.8954718231296634,-17.75104345217125,-682.3142637942118,0.0,450.19496998721297
141,66.63982193460632,37.61470061312218,-116.02323332137946,74.5799632801232,69.33759103890635,161.67520327400862,7.610923436635552,40.12890257695841,-50.82239929197513,315.41750403705623,-14.268643748916663,-36.832564857602726,-47.565779318585626,52.52280500504938,-1.8466595913712645,161.8778484912047,23.400151075867395,17.23364397525701,25.280055837945177,-75.00342531110152,77.41740326001762,104.4042519164215,-65.85915924438676,84.78551998751743,139.54068164597317,38.85152701288517,-0.031847761081144794,491.0005939851132,41.24105502773221,-46.689307834846105,-78.28451427123414,206.06145736305933,44.612001514791345,-106.11096033797268,-78.57942965785783,88.10009548373587,0.5507798397515483,34.91905755306452,543.9300091244139,-415.12283880184,557.7270847713406,-67.10721816771537,89.43136791122122,-29.198265028769345,18.087906876962165,-6.44635112919982,213.58584672059794,201.0759347373936,-22.426706766990268,129.4430855021368,-45.9458554422397,432.31903072543446,-103.70020836295798,149.30499623898407,-18.667805128971263,35.833360634990946,-0.038132918028062734,84.7061806781717,-323.2690462927054,-0.5596401981901514,134.93423282401062,26.014789358094955,94.49360008396332,-58.909101460902654,-56.46115147754709,-7.389082246536974,-168.91045310963165,25.437336587589876,-32.3985645613261,242.93096275353764,-11.931230260102822,96.38626450772263,7.8693474262290675,105.47841444388652,554.5320037893912,-3.8960335022962886,-19.383411523970654,-0.050623196218545885,-32.42646953472816,-2.572947794090037,41.46004853395213,-11.643028319797871,11.808754595477339,-22.833551329674798,-3.2083533079522564,163.92667831713925,0.0,-17.23819130349964,-1.7466744007593595,21.647033057129317,-207.23087670271028,106.97478400833468,-9.649791679130901,-1.7819442229387494,-1.4342292256517637,1156.5408993495664,0.0,-549.1357580689355
142,79.35979574618601,37.13997504885555,-113.71458230672079,216.0638569107091,156.6564068954198,199.25067275122055,-70.67664308304062,-9.444854764012742,-54.42388378759441,309.04319207064054,-15.006238217002277,-3.5717091511899905,-34.03999223860928,-14.812574930393465,-1.959747800385403,265.92415879284226,49.74709032283946,-6.961138558840196,-75.38715722910845,42.166887071749855,92.55945225660899,301.29417294957864,155.59839342459372,96.53983025030716,49.71917396553489,-11.941575238473225,-0.05321104113545669,262.3252401200637,31.602017595683126,9.143314662152862,-128.17579183951625,65.47543309131062,12.21209316085197,23.31207776241938,-77.00522141514541,69.43335568086268,-0.1272772648294381,38.35405833882309,345.5928583771364,79.33790846105211,-178.52720996516248,-21.499497316001463,5.273872978878927,37.80722625340144,18.087906876962165,152.25698762408803,201.6759633505765,-131.43358146826787,-6.706560892445508,311.4061819675967,26.83748452323078,291.9363703367231,-25.183274650142447,-167.22760232201742,42.33074315884286,6.627338522385279,-0.0572448121725316,179.34558669055863,141.4403532313575,53.86165135385136,139.33093460099056,25.71379322287798,-11.626903429907193,433.98881567261793,132.6300877056923,-8.265871047197141,-168.99429044417946,100.04219948658266,104.75029511720297,556.3927601430463,-12.835822992100328,278.7529390060909,47.8371832356286,148.19856881110778,235.89860115502475,-4.232709958985278,-19.163309357825245,-0.08118751138417996,-32.94734086396086,9.531685880699348,21.489120687472628,-12.688657226983022,-49.468558219785955,-21.7545225461816,-3.5168765655231913,220.1115325997596,0.0,-17.16700335261306,-2.5194197045849185,19.004504949533366,403.7419260275754,-205.14850132893457,-10.343712521916947,-2.0002829145315175,-17.836809885147797,1181.6365777459985,0.0,41.20554460314828
143,56.70525747853575,37.61605658385803,-124.5808047309122,-76.02723180105123,-13.440167819639948,207.1690479078591,95.29985030635717,115.21868523837166,52.65698264598989,-77.02765628299454,-14.324869426030043,-35.25105452207208,53.90010389290349,-37.30741409854555,-1.8697353987192025,453.9241867142163,314.5480938117335,-10.433832098199396,-34.045472981801424,-62.47523682494864,-131.80578634745265,216.52838494759743,-66.03838273085697,51.834520916412146,246.7029377270202,-17.441896835656905,-0.034473811939105176,532.609529964802,58.50644096157649,20.39208631644614,-19.93299596808738,136.08727039986465,24.225587301029265,-198.1286316064384,87.12117568798777,150.74079410015176,-0.9516088962434924,33.76093748132944,-55.31474123360714,78.96014553947974,-110.74312327560364,-11.473274030844863,146.8736541890844,-71.40250548596339,18.087906876962165,-7.476811444223295,202.06285995933794,-87.43332142376305,-5.535854305164933,169.1920347714646,47.14155959190447,430.62503755201226,171.4052750534213,-222.9164554423099,13.467266493506564,24.498009606316316,-0.03787391491636597,-29.01632492632224,71.30656691128596,-2.3032829333526426,-149.18630358470773,-84.859798959589,-10.437193005700749,281.0740884650076,-18.824540158067407,-7.216822081946207,-169.07875084140727,-27.489029693251297,25.863869974726338,206.23672518171477,-11.990199686532534,98.43823952815318,-35.96242763756055,-65.86461824145411,536.5866134879277,-3.9472164240098553,-20.412212693977466,-0.05175440259171361,-32.51673968542101,-18.153613572655935,75.46508390230017,-11.859340557307661,11.484015173663858,-19.327087831993424,-3.280231071123394,201.50775738416502,0.0,-17.369951626047133,-1.685701096064661,19.309026744100933,-192.9969571557697,156.53162880983018,-9.686724056629673,-1.833583665174479,-15.210895611159192,-762.2862405725293,0.0,-541.2479062810103
144,64.0098777962448,37.48463800652852,475.3286237703437,-24.580087992226304,241.34727922338232,-30.145611473794588,-61.06320096284875,-27.221721994933155,-58.495865779050746,670.3661888018373,-14.451110604084914,-36.81947980949319,-42.198803712940716,-43.6002769329757,-1.8014631295665484,359.2740733432545,-12.802602056242959,25.31963164231256,89.82762553042748,-61.93200446797367,61.727681467876565,319.55092333811456,107.40347839509319,24.651655870960205,275.35587743934883,39.07423324598094,-0.011974292233168525,333.56402548145786,62.89392104611753,27.598656072778283,-41.7086802481527,167.09543060237297,8.632718984422041,38.17439613771793,87.14354306686715,181.25850917820478,-0.7014237659375059,19.109270109820617,542.5647745478249,72.03690967389814,-4.9148970640830525,-43.434714717121636,-56.307008701014276,-40.9221903470152,18.087906876962165,-2.657960129293161,61.235384997797865,-130.96917554948618,-14.422235781863519,121.035960169747,-8.594080070161517,290.09016516028504,407.57072154914994,-124.82827549006687,53.629489078458555,30.57526584394398,-0.0069262456839721065,213.10234782840462,68.18139758728101,-0.2024791462144618,-147.54267832153784,26.295653367364835,-44.251135396968756,143.6293806934992,-53.67177009134,-7.767028438678098,529.9336893878036,37.3360723785065,-40.79314599886383,357.7956000084707,-12.145947626851454,-254.90219990498815,17.272159235333255,17.27457942694723,563.1056361008704,-3.9715043759649586,-19.75409680912375,-0.010882594803407641,3.0700009645895454,0.3922314542051831,74.99955937217044,-11.900958177255168,-49.16609252787953,-20.3724165180755,-3.2730239567414627,202.0630111686158,0.0,-17.397912021226325,-2.1599843637263865,24.200936416173693,-205.5713825588181,-206.85091224430775,-10.007418426706122,-1.8049469941236556,-16.719905505933536,999.2873024797611,0.0,450.19496998721297
145,66.75719291087952,-108.40897816131027,474.90237957267453,50.779644748266605,-69.73562949856795,386.68711031042335,145.35052054593734,41.989383634379344,52.25199780053223,-280.1737823180418,-13.352806328015157,-3.415621594411041,-56.13103952287419,-39.26463913836009,-1.8380418284336542,205.1026392126912,218.20789999161474,7.966834505620985,31.943642149484376,142.39459209214522,134.99441409489026,243.54099531101275,-65.88259190880703,39.82652299805069,44.10786091672353,-94.61762211241161,-0.0187884109169521,189.3831842691081,-102.22918663825492,31.547964839328092,119.96703426257889,305.2312726832394,63.03098773204469,168.93310646634058,87.36464694058232,126.00235662766346,0.002500675099191755,30.61922680540339,-567.5377571151976,79.04672140113657,681.6764362113729,-69.87068931485159,155.88012520573562,-56.8109230737373,18.087906876962165,-2.5392610969013205,4.582029152357632,-131.4497607196644,-14.171149509331014,-1.1565666011857938,-2.2361394768387135,573.3438791268557,-25.623065383380464,262.70992695741,26.07896425804632,-29.10905817092535,-0.015436310243357074,91.90336855313421,532.9859850616077,-0.681992423263136,-44.4892870727791,23.592549636823215,-56.4516309335411,295.70929780969624,-15.64372673053152,-7.657104439318333,-168.70846744370567,-26.982592011088695,139.1706009214893,253.1802631295567,-11.040818084875681,-256.93665752858954,-23.791379007433225,285.6404161394164,539.4660586953017,-3.9528759360084007,-20.647422660750177,-0.02239203597881756,-32.660953812610494,51.26485307460883,64.05775317768133,-12.017675490504757,-48.72982746196999,-21.98260692886521,-3.416429495962141,187.75000998889132,0.0,-17.297445824295185,-1.7994898209531973,25.53524226161339,-213.37713758621706,-9.548681496012584,-9.784493474810448,-1.890138858871369,3.0197651740935614,1193.2574718239537,0.0,-548.8213617443988
146,70.4357496493168,40.24772915803395,294.4174944942997,177.30262647179572,76.42918005247077,369.0361064401546,142.9205893304499,-21.354835074717833,-56.55181521325991,301.81386316959134,-8.803775818183619,-38.4228545290727,-35.51960379639725,56.67554994375574,-1.7869985306613174,222.85046961147668,-31.014670184869736,5.80220408365704,38.00277888145759,58.30607364364839,142.14431879428017,328.63691428733165,-65.67665889722012,64.73427105569992,-89.01389838671932,24.40129038162079,-0.016270357502791512,588.236283578713,29.724214532790466,23.67654686114659,-54.51554492518285,132.99261641012814,43.425030824938005,80.5666993562024,86.80253864260153,196.56728747635594,-2.2083971768680617,94.99816374485366,-159.39394289735145,124.47834204536969,692.2358837961866,-56.57642249456443,-147.86755549797786,-64.8492666456612,18.087906876962165,-4.618769053750215,-36.914132749521286,-131.4786787182163,-16.78737171597961,-70.49839032193606,-17.239887476928413,573.3256620983753,-52.03142300194015,-83.57525758131983,15.573710774389982,12.789006190965416,-0.02712340157343922,213.6163950174846,-162.92537074638787,2.160941369042819,66.77883519326113,-196.6875823973843,-44.94459280159022,321.5562626252625,-24.062545951842402,-8.191650969443542,-169.20807841001135,-89.5877778410686,30.73213428212207,393.0662443783218,-6.6197653238961,-262.4912596950034,-28.690055096655083,87.65851166619511,279.830761385828,-3.565172221331569,-21.508524980216105,-0.03124097487836354,-33.21800620939923,-18.810910664067798,-55.40773482902011,-11.35811873929193,-45.7002166444501,-9.253546675878024,-3.5355505548704453,196.72066809643943,0.0,-16.03695658914342,-2.584674301243779,25.30777098549458,772.5179643919382,-168.4601466371863,-10.416128510887534,-1.8913162187758392,-13.818590625581294,1199.854006631803,0.0,450.19496998721297
147,109.20307851720699,37.53347639444483,-123.82788731322708,94.32116228180547,173.88493461174812,253.57680911775216,223.5951298503267,5.4812039021097245,53.06085529928234,297.66356480000877,-14.398911578524862,-36.299515738248786,60.83859982176429,-47.89095159335423,-1.7465237368410151,94.89513111278237,-32.4610020636113,18.24156661555367,9.334618276847236,-99.59620576825195,117.7061194706956,311.63631955577875,-65.67777429198173,90.56740648542487,38.75881718206951,136.33610945519447,-0.034419245787151505,413.4465260619057,77.38539764242522,-21.60036007499994,-30.82169008585059,154.83664020624505,51.45949292334111,-92.11414043630778,-78.35529970367641,320.78041190806044,0.3274230999300653,39.38794171696158,384.93234097777486,-418.01078657851525,684.6322723210886,77.12469067420005,-78.75589324344094,74.50506793852503,18.087906876962165,3.0849137344300486,88.23424493531292,201.26048030690063,-14.22160713535614,252.5451791863477,-44.18324088079954,431.9873297720552,-78.00700946676243,138.42455346013176,11.57901755286489,59.27259105286545,-0.0523192346756579,-39.624464040221085,-320.77946082552785,7.353107990479009,134.9013849887749,163.74617178184067,113.25025074268561,-3.8000855795212294,-37.65328935718724,-7.001183527655185,-168.8087470121776,47.64150782604314,-7.575841792919669,442.6936384499992,-12.048270851030798,-260.6308932155364,100.16900920503971,-102.4873612518958,382.75011802129364,-3.830064256061258,-18.592217919212036,-0.06731517159928363,-32.39327050514165,-2.5399882043255277,56.64496066155005,-11.295811182306705,-49.29878886555535,-20.16947718791795,-3.076978686558787,227.71939587462498,0.0,-17.25111111950688,-1.5180518577602404,9.58113082366466,-213.8944815613169,149.18642625916291,-9.459552315830438,-1.6718102538823174,13.721811566823304,-754.493915801191,0.0,450.19496998721297
148,64.14123041723366,-111.00141161223593,173.26773886146458,163.99511829967003,23.707841661240003,376.2730060028794,252.40010888655885,48.24827748360343,138.199339393579,548.4493266686645,-15.444385355362678,-36.715083653519464,36.185911163589935,16.28037392451587,-1.9485119595690907,174.51453796036708,175.05814671786322,18.389683610122923,32.09969600847377,-60.838480357828544,70.5574438189662,126.18204565406693,156.08552522526853,46.81189259620699,32.178033281103424,-20.283732929168945,-0.04873229723581127,323.50663930526565,-103.92416738036052,47.149630797527124,72.8652109440439,71.69239699308321,18.911126992940797,-43.34152708000371,85.89746885297954,275.9049711978174,0.828829498994757,79.06314685539041,-254.1983487722826,79.30230946842406,361.60852094794654,-61.06142154515579,5.172412482031498,-65.0880342010344,18.087906876962165,-8.076678837436079,47.290864881245426,-130.7512457593836,-22.599520375085245,169.66360089539012,-10.366982303464159,430.3801700773171,-26.039359880409297,-82.04721408670638,-12.149000020079908,-29.6754764864566,-0.04191293428531266,84.33832100532473,-320.34455888077645,-1.6810155360063903,62.76896669406089,25.571041447048174,-43.775479496581376,-3.5790495129204083,-37.2582295914681,-7.217224212938739,832.0825217101869,-91.10684756753136,-36.68791034691328,124.144347599568,-13.196972638257558,243.31730718858233,31.47137629487006,-86.69700555418441,230.16764487597837,-3.870416943267902,-17.813683409440817,-0.06740033067173784,394.64643293040837,53.8600703824009,-82.98091707154329,-11.103312905820502,-50.05856535018776,-22.30299209094543,-2.9179993004285025,143.46045785004176,0.0,-17.291575628212744,-1.2182135919909731,15.651933774395417,-205.0076172149195,149.13372842320436,-9.290062422383658,-1.7497919004737839,-22.27035963024201,-716.5039727452859,0.0,-547.4926029963461
149,71.5818579089986,38.890229877879115,-122.17090327122764,123.9152300517496,-37.005944462354506,-91.04842570036926,-91.31806258027135,19.6186002334844,-51.82571601303445,899.7732453562379,-11.506690173966131,-2.854054322766278,169.76812578466084,34.54341177359048,-1.868657960597195,135.00444848914844,-64.20483136064938,11.2295382265423,52.316180138607244,22.268113326321114,13.76285121311658,391.46351223580393,-174.07806802528836,26.775627901499785,197.16564524399064,-80.3206644328602,-0.02351058088547396,403.7549705560414,112.16647420786371,37.73333085243891,-20.915307858995952,88.96607427652829,24.71207016632283,65.62398859166376,-78.39029638626126,30.820699395027855,-0.5858682255268309,33.59508965251419,544.9412531759816,81.65831589445035,-249.39997572298205,-21.17932198325754,5.276151420607213,-37.26936295596257,18.087906876962165,-4.160125218677968,18.10877176855441,-131.4266495600199,-11.2246613117354,72.35659089586655,-2.3739894148059615,288.82741081828357,423.4373155940225,106.90262708490252,13.695199333470592,63.2136882859523,-0.006778702273877914,213.49673484968935,72.95865212549444,-0.529917268517454,115.62298556727887,247.99379695133828,-44.22724598740628,142.07527719174706,-22.341541737451717,-7.4827194724379416,670.0726241250617,68.03947826839702,-0.9602911844678467,479.7199595434681,-9.334763884034833,-39.760668547639554,24.08587863240084,-50.053972572290604,558.4574762485012,-3.4095226927905107,-17.44032833939599,-0.018781072564966805,24.339683121890683,-19.65031418194154,100.76280412698779,-10.424055425620082,-43.623190618422996,-14.655840154394138,-2.953133086743801,195.30537714745668,0.0,-16.2932680639905,-1.5831141234548616,18.60125869407407,-211.41828485624242,-3.5056343694090053,-9.405402203853969,-1.6409798361576904,-17.29025194628502,-750.9081144499862,0.0,450.19496998721297
150,78.85879697154839,-116.75432665922507,475.2189263735928,123.77568853271357,112.94747421642823,240.98090335597146,226.58338451755472,60.27772315562031,-58.61284848926214,301.6486391641713,-15.261128730351471,-28.899875060909647,7.294505865286558,58.50446462459362,-1.7342984939273556,147.0890191850771,52.19097787163561,2.09846233796034,34.622147443020225,96.29450767135167,237.7286935563115,327.2216535313307,-66.45215035322256,80.71026977523583,-75.4699366251422,38.02872762888513,-0.011022366566446583,414.6957150409385,-101.79777498844719,38.19527064763086,55.724773630862096,72.35335402585643,45.82122794202302,-31.02091819642503,87.06361602033559,53.428515379713986,-0.19216837030915723,67.23947782663087,-253.9149009745281,78.43593754730391,682.002817330473,-91.53742348261682,6.269161887286747,-52.6582011504521,18.087906876962165,-8.186091269380643,137.731315730355,-130.9048675734397,-23.17026655211916,133.86707385334404,2.081079215733514,288.82609473294445,-25.726314637411008,-54.49743996957046,53.84702352905725,-28.799359882967554,-0.022407135274854047,-39.81462740883386,73.17172283754633,-1.1280117406047756,132.476689334771,25.743837466349557,-44.56096395916679,264.1340619350552,-34.336262202411866,-8.258723317509398,-169.27906738849123,39.21627579019039,139.44822878760903,398.0867121590777,-12.931569266080226,281.31907725108744,16.440538036749366,36.93673442969976,234.0161219757399,-4.211018314327041,-21.61723525939895,-0.02555946303165396,-33.08878714603985,53.22944138144555,-83.0953946429577,-12.846099389489147,11.022513964135628,-21.952229957407678,-3.56804192259239,151.65388014534167,0.0,-17.742154725342985,-2.5255574078506475,23.099658326710884,-214.33397314416678,134.9663683112988,-10.38278056623525,-1.9306760452787095,-16.56317799374823,1195.6158476314897,0.0,-172.49050307273865
151,70.0200579651884,37.345963925547984,177.6954240090633,193.09617436680983,111.51390544654309,-78.76886861400418,-138.0778335301893,-88.57965004209422,-57.84886419494342,671.290180642097,-14.75543536860574,-3.754810309021385,100.36955754948387,60.40144183298557,-1.7893035285876597,70.03975177967031,-48.983219788369055,6.917916571438916,-30.74854699995005,-107.67954894476443,87.62117253102721,226.05002372130852,48.63367779271345,17.009833774199915,293.94813465530353,104.59417478195083,-0.02319516167218624,111.06922199207303,109.52329503970834,-32.16278389418176,-11.759355941834468,102.12341886557017,51.08850937298056,23.097379026251158,86.94692194886595,13.986528462061171,-0.5249291459852286,22.05961486789622,-454.8375206683513,-347.16736763473756,18.042800977279725,-15.689146873290547,6.937110930289736,-14.541574377797499,18.087906876962165,-8.535472383532714,117.80532916510651,-103.81971394259983,-6.58612458267347,186.25971868138967,-35.916189895159555,290.42477386863897,-96.39378069996916,-147.31243649960746,20.879879388572377,41.27330156281325,-0.03006344660855598,209.5912343957917,-267.02713638172827,2.2978382616636153,204.54346652590533,-0.4202810785316665,18.471457992992327,70.82467314240414,-15.654264496632868,-8.100086571191538,-169.16356097319823,-109.17689925956682,104.71203881884628,255.33970568629658,-12.423295788789162,99.90507382978421,-8.836280574056984,-24.332631338445307,-61.653857597094174,-4.190587473028027,-20.88875813065799,-0.03856822569133972,-101.7470167391032,-20.365673323121353,-83.59578216494283,-12.57870045864381,-49.67823920910663,-20.922659325101257,-3.509977046349368,210.11181221537825,0.0,-17.607001074982396,-2.382941641314017,27.037430321119526,119.0772593422975,-210.28215996763555,-10.2478061729301,-1.9424724886518436,23.491689039054258,1212.5774488256066,0.0,450.19496998721297
152,98.80139958880268,37.66719507472312,-123.13563060195665,0.6636565272410638,-32.721594855095205,260.3500441166721,105.55169961372121,63.27138407844052,-51.47097339238843,-76.93071297304729,-14.074651437456746,-35.26239766676133,80.5898461003359,59.58173174959008,-1.2369163365659406,268.52611292122384,99.79697371791198,12.983062799623275,40.116512111068765,206.86545601443493,81.0587411865931,230.50784999302195,-65.6031349488226,-16.054865158835955,-17.699453189936406,42.78586018962394,0.10528433145869265,283.43480269732413,79.20231183955222,22.84861504202615,-51.9330319414438,179.3269296996586,24.743726556240993,29.94590973144397,-78.28539095764316,334.11814386811665,0.38073077779525705,34.2948951732911,144.05204601050633,79.20697139938194,-79.09464920301379,116.79314432138644,148.21695717744606,25.43313840827047,18.087906876962165,-4.382287413867885,168.25059151242132,91.38064979907556,-13.412204581172281,208.89330365720062,18.481216057087668,360.2322546409069,-52.048828336659696,-119.2486090556249,19.015319635398537,25.6630806952227,0.0703938833029735,736.2985436594191,72.84799020185547,1.1539221315330555,-149.68883418457477,137.2043301656032,-44.02876761905776,421.92898282880554,-51.99102356599842,-7.069226665787626,-168.59085747466537,39.25727534669756,-112.52548725775847,424.7471326660254,-11.794545590537936,-264.58218677944444,-21.70943831351717,256.19509169348225,562.6256815647661,-3.8139774218016576,-18.161458956844157,0.11695543154836968,-31.931590400167973,16.0606665402735,171.6964113947131,-11.058027871290724,11.90966014489806,-19.770242249749288,-3.00689069923203,182.67594091492506,0.0,-17.157714096036045,-0.25581063952902294,21.50662450600633,120.51939875884322,28.998815982896843,-8.706408950096447,-1.094566748333446,-24.528952196463283,1156.0161356019964,0.0,-548.9837901006449
153,75.18510478548552,-111.18684191139806,474.75800485809987,232.84962223163302,460.8055139971835,133.52987565540897,80.79737676189403,52.21064288514156,52.954868464340706,171.83108421427013,-13.586556630012234,-2.2245621877990427,45.88759114744953,59.54445256959328,-1.6980586596528306,45.31711789129706,527.523434853143,-3.9313680873791688,30.860046821087792,95.06941572197412,427.08489901300817,228.58824929147855,-48.75834445455421,42.891540917006374,151.42814583486415,41.41996185770444,0.008388316545608317,-42.37947118802087,-104.73147840724688,-1.1290080540510483,-64.66163512798143,79.54195154710729,31.184406891244894,224.35674184773112,87.10562445889816,51.48483643622548,-0.04515988879083732,58.666152542674205,-451.722329199295,83.65808264147813,-72.37194885295382,-97.11995427979774,14.716618042519936,-54.73946626525423,18.087906876962165,-8.571022789874663,84.99343293925848,-131.11093613664644,-23.438088388015316,22.850781396801146,-7.736386309641061,431.3014676709678,-52.15095549649864,233.88789922335604,-16.968129031275094,-29.753001019804987,-0.0038341645926329273,238.18796201862165,74.55823556237193,-1.4593630850413164,58.73485104059044,-195.71465676530855,-44.6091810289862,-2.025705402767041,68.4454594787561,-8.057332004619553,-169.37065223266734,-89.6341412292534,12.368545226111927,409.83617208550953,-12.163106923581461,97.83006825506146,-43.133724602102795,-2.186063763715688,561.8358554245364,-4.096205989501217,-21.411244966039693,0.003554151126372418,-33.01021583073461,53.448869202886605,-57.93814171562373,-12.54903784967791,-48.10811056620079,-22.487614534154034,-3.5214019952712223,166.86067777063985,0.0,-14.905159065870908,-2.362970639322696,26.59312551072752,-34.0944569513067,-185.6199372335697,-10.330042201764842,-1.7064136040572109,-12.370412096261468,1204.442751154216,0.0,-546.3126478696307
154,53.97924674854799,-116.65127591380282,84.08483810969594,61.47278779427734,68.05270868206982,112.03752594655947,58.5921951696886,-5.51122042146268,-3.7673616381238286,-73.91831545714072,-14.72833002277839,12.404408337952454,-12.067015603000057,-46.57812691395992,-1.0597958643679102,166.7338224502235,91.50174491208088,5.627817242783873,-24.96950127017418,9.701803315205979,238.93163548922612,325.75814176434505,-64.98558816172863,3.8331349163946586,77.85723170772141,49.708628345852496,0.17284644748402606,255.19184522385896,-104.3166473538139,17.836299624028474,28.293006930839507,250.52554008270266,17.690220991168953,-76.46438980157774,-77.71428053721678,270.3197176895255,1.237306123049071,30.28706720668902,-55.288793762593606,-131.75044676586774,17.235278010415172,-45.01162955837044,-137.25137574021113,-44.66486723919287,18.087906876962165,80.60960225400628,-48.61939232467495,220.86219934975645,-13.254859127013393,-13.636058272818326,-23.244520230380385,557.4823765214667,-49.11984504950498,105.27419202631143,54.51416687254057,-30.563059037767545,0.13444387937452343,272.07256636563187,76.93685440541317,-1.6516447839769928,-75.08862434222442,-194.5891304333048,-43.31678618252895,1.6145363169758136,-19.494146372297372,-6.2502893501973045,-168.51313143647607,-98.7580925191358,-70.62810493473589,506.86045283001926,-12.482861625230996,102.28016886860841,58.905827730130355,-47.67515554971525,546.6345369696764,-3.6444426711242692,-15.012428376157525,0.21473424594476082,-31.791349487271933,53.55611200123437,36.13026732118358,-10.010424354904378,120.81900050959975,-22.169451181470585,-2.5635298426793,167.2005401486124,0.0,-16.916516336562985,-0.2564733582122747,22.876575771456586,673.6101051402594,308.54889967918587,-8.326767489338708,-0.5708316433405606,-4.678093481191354,-766.8899727407538,0.0,450.19496998721297
155,105.09011449251325,42.32597965552189,-119.19946811119664,70.78279733815563,217.43118975789164,-73.98289351781894,214.12897479753548,33.06870763601343,55.20146750759298,177.41304375397158,-4.671585711121091,-34.44081013507351,27.19229803566572,-47.03834500925515,-1.8725042530952922,-36.29421719525998,351.2233341924602,36.63162527120078,36.042916898683075,69.73928884090813,254.9269002283608,205.09227565349266,-63.41711701435153,-10.391150572872817,-46.89703877533104,203.3963155761253,-0.026093145832048577,350.04461890575567,-16.157077983494137,27.552533540143315,113.2353525155349,147.69446385018497,75.24704899882398,-212.63165833137182,-76.06630386781568,338.14740128514825,-1.0326403684910337,28.455058761121965,-55.03571908205438,6.3865175259613896,387.18317164602036,132.66972771764128,-127.3823259692102,74.18156816717013,18.087906876962165,-6.475199025170798,53.26830635831301,201.71748796187583,-10.048623564591985,138.17656202112363,10.516824888305273,575.262533871197,-31.830362602048318,7.750362340928294,7.901782835336933,-23.02767777809615,0.0005982150734969523,-37.561900550898116,3.0584371491159117,-0.8436961405702071,-70.65124782346116,27.62318169966844,104.72794352256892,0.08291801595580393,-30.75176113156187,-5.238706773310911,-167.88528856795602,84.61187913786779,-78.35328674291867,315.2217682183426,-2.4632643291019694,-260.5745678545663,11.996350767243948,-152.23644931774115,560.0459139810467,-2.6588582602504354,-12.851567423188095,-0.017026463281203774,-30.722152609176078,-17.751434291577304,73.5840091324615,-6.406679409186759,-42.81702861264526,-0.9737972245898063,-2.1376921146295267,183.17510053533405,0.0,-14.644269351509317,0.748586259004937,20.58754361128858,-210.85980645554397,159.52703412551742,-7.579463821947217,-1.1043566315416697,4.220511981723287,-744.9697207974964,0.0,-548.7134691233077
156,55.06380797149749,-75.32898239331311,77.7295169552967,94.0650053829403,152.19890076785404,-2.8610884220776325,96.24992761616174,80.45345517458205,-56.543951706061335,-58.90409489249208,-13.475742223301705,-3.3712338181732786,-38.83210168502182,58.92140159354605,-1.5800915885768883,238.06985930421962,267.9055628534213,10.187906436203644,-93.95470418862692,-135.4369556645023,240.88929189890905,185.25283554515596,-65.7153328275055,77.16620639975308,-100.12913371602806,87.71242435791513,0.05273711337099941,-42.77405432044305,-86.99717471342363,-20.84179853912175,-78.44697235297994,42.17464847538713,-9.991059880239742,12.723178506683439,87.24740432485773,81.64614591499354,0.25115946101301007,65.28389266594614,1044.7631777490094,-109.66772117045095,631.8629233744182,-78.5893847630809,-238.83067104524372,-6.3623752194972685,18.087906876962165,126.10782614643685,68.53344083915535,-130.49322244798879,-21.129763930012963,163.23213766022516,-14.577449211642316,288.4775127114844,-45.58063686697204,48.77992209402681,-15.784691591106974,-30.333351326871725,0.042111712260473146,396.7402752840054,-322.54492665113105,-0.9765377707478022,189.6710250574408,26.108754204696808,-44.10627359076982,12.904983490663048,10.618579355818063,-7.223823577161366,-168.83164106536842,38.102991898823625,-33.396014474516555,426.87845991694934,-11.188633706640138,679.3299473293969,17.305156965893563,113.2606040530704,-49.76472091880198,-3.7408029404693703,-18.996818673753296,0.06895695615874803,-32.159495599288036,45.56829444475266,-16.86756654546206,-11.344038376480443,123.12403168888748,-19.236952285169345,-3.1560511314488107,152.1368592781374,0.0,-17.02631091236147,-1.3160117089215921,26.050150648574046,447.12190644302297,121.63148800654575,-9.359147037083078,-1.6401168488529143,2.5946401227980043,1203.6173056494692,0.0,-547.850791974226
157,59.047264982617435,-112.89349379135378,-121.4025609330231,30.169862286995542,-25.256996663349913,-40.32447898578561,-76.40707762538713,111.7964586826627,-53.40907195781089,-72.89793888774582,-14.711691948955064,-3.2661618428683243,-54.12756659179343,-43.86303109969941,-1.8181200456071083,272.3843388176557,15.125044667925977,-11.939578590598144,13.867881608346332,-136.67951426007653,-27.609033824662152,116.42135702504781,-67.05973924330826,14.354483819473142,200.49247090690164,18.804354503482855,-0.011085856842919994,31.211880951250745,-107.01874970843039,-15.94873977896241,12.839535767362639,70.62759884438685,72.71288451567857,46.60912246438037,-78.33558632029765,117.36623991591291,0.03909847282330473,13.530400825268169,-54.44045471905396,-169.03214627027737,-239.24027198338902,-33.98547610537994,147.8942840720352,46.570501900100076,18.087906876962165,-6.098408608683038,48.32602051051448,-131.7892133495281,-5.760734675852203,177.94188006777262,-4.972266584957559,288.46737433607194,-52.07174574100086,-65.11201734740943,37.37183256196361,-30.507422477377915,0.0027204009463531096,209.78179403721734,269.420093256614,-1.8401010847128714,-146.6884455776821,26.091378574586898,-19.60196124155494,396.3179559392365,176.99204823033324,-7.141158157387032,-168.83011507908304,-37.94931021337738,-112.01651145828522,391.8432565029584,-12.532002265120132,-246.3053217805391,-6.410170436819907,216.10494235087018,561.8934190412907,-3.8703198997466606,-18.62129869285496,-0.0013222178988267497,-33.089397329493345,-20.569688967880268,-53.642408868264184,-11.451119501927499,-49.68899985912868,-19.2159470387708,-3.0806335121808948,222.98525176721853,0.0,-16.981789348680728,-1.465737734715474,25.236191037301055,449.3941468494215,-80.42083930264249,-9.34163913093626,-1.8218808471377066,3.770503109267381,-609.9585075592187,0.0,214.91362414819264
158,57.43792149261383,-115.33481083711132,-51.5899762079458,145.55714212600796,200.86798811243915,-17.526274391409242,55.92697919105385,68.62773320162117,-1.4230491033933346,178.12555225255306,-15.230710206103872,63.08452480494792,-45.31573431808238,60.125104010404165,-1.5287086664006577,118.22300439596236,52.55663463487838,0.36846671133164766,11.408534824229044,158.97741653614509,-123.07065770238498,286.994193610953,-175.87351398149718,48.47652603099052,134.1929526368991,157.54591721730122,0.02001177915303285,109.34229281295363,57.17906182805356,-37.76909082257038,12.033565882446066,233.07417679585973,7.187498812620558,73.8881239336999,87.58270064719004,68.52610900884861,0.4035692453336119,15.882753889940249,144.68373867287397,-420.108256482158,15.388357610699122,-46.52469834224959,3.6222037711147346,-14.58350538780637,-555.8157206485905,-8.576745261725945,-64.29806786993478,-130.68111652077124,-14.478387961634855,-52.35006517865153,-51.96933473614175,289.11548825790635,-104.86724035114439,80.3161815676863,53.77307569345375,-31.177439540959156,0.003653848152098555,85.57931991676656,-328.3127548833114,-2.3774602461464136,71.91356652432553,-196.00441828433728,-44.70205843071852,-99.69887404524093,-23.103817907984713,-7.690947009771843,-168.5547216835593,-110.94884840396169,32.26536774546912,405.2305900304376,-12.925181605986424,-256.45095577395347,85.5011265367954,193.36364666904603,140.26202599285676,-4.025525155196234,-20.170278119314972,0.010238075948499667,-103.1206903180819,-21.51838722145827,-24.84794047033378,-12.214741366161022,-49.6227016557406,-23.51053663956286,-3.3298887116866815,203.249318395775,0.0,-17.566151654835494,-1.556303870209006,26.673120333043627,-212.7669007825408,-84.41693920298866,-9.579807483530091,-1.9450372879237097,-1.3065817372715118,1210.1409827621276,0.0,450.19496998721297
159,117.33186426760255,43.21902439674336,177.9738315303317,66.37068641784865,-34.63215984040833,-118.3845387530006,-75.02149960970475,90.9667124667285,53.64748945129788,-69.18674053321426,5.822199402431363,-34.09686622808397,95.5005313311898,-48.38852584733582,-1.7010487889514352,222.78017498200626,-13.320809571998742,-0.5628682788206844,33.93841705595362,607.3614110775414,-36.661575531583374,272.9606381647319,-63.03007987544359,75.27002156951269,-140.1874369526294,-88.12858206419436,0.019149230786772733,263.40858937540486,143.88763620344284,42.74164894183981,217.6195859547516,367.3105791287705,17.83835454568716,78.67398736343105,-78.84656074320904,212.2598404833489,-10.42784188941616,21.636452252050354,446.5200272625695,86.36532471245584,-398.1116714281389,123.43132566062717,-279.6592856392435,83.71312493850945,18.087906876962165,-6.019923997951329,49.21254812817927,-131.04932918052862,-10.327026140076365,219.47401188992794,10.67266042765259,571.9389785340717,-23.404073412680695,523.0411918046684,-18.960688918578356,63.17822053261151,0.013712616588037704,120.36015960209424,72.03226179018449,-0.2056252213088102,74.87031930981242,170.01604173680514,-23.89812966098407,-2.7382446228690305,-3.698852623060583,-7.788185213641706,-169.09282366020983,54.1982647244871,33.58184981159985,448.32203543545717,8.128948902190771,98.49730505036305,-0.5451622089354319,-13.34933176463036,561.4157696900771,-2.4451010302991545,45.13191584010807,0.027491513156932712,-32.94875581733322,-14.389152676329196,102.20117032425378,-7.584743340318385,81.01196013725108,46.80200251170582,-3.3515859226749734,181.14151650537616,0.0,-13.386998363599753,-1.9439445883616306,8.098355264459379,-214.2238897108235,158.4574701764862,-9.840414438031944,-1.6635797949575697,2.412601142836827,-755.5973469078394,0.0,1166.7877809780684
160,112.3925377282502,-42.624958079237075,-187.4842086603284,9.559419369747367,1.2542009169200246,81.90278733927839,232.04517211639768,124.09343971014752,-49.098277734988905,-62.663201811041375,-14.986001724776814,49.36064133672177,97.5306575150318,53.6909932873222,-1.575883453443604,121.1572548525631,68.28920660290768,36.7689583031137,-68.52903934534255,-96.96636456050834,299.55086190677076,292.4627154346725,-66.44375214070354,77.9463510703886,-50.72667462591669,-77.27537270697778,-0.030091804152921595,260.8257560168398,69.79376421003927,-18.696473240855987,75.99272056028312,42.431831398807915,4.888324866980133,56.86001087092218,85.96662730617565,72.0638662645773,0.06123014237894342,104.8535004344834,-454.7077865208498,-151.29015696067802,655.0566308646329,55.493597088173736,217.00671776354025,90.74373267515902,18.087906876962165,-8.045739685311752,129.90866973868984,-131.16564525019396,-23.398614811283235,200.92898781384312,-6.839178832319322,237.61595683550868,-75.92191024893127,-131.42995729616436,19.477973970329277,-8.33211445093282,-0.04882407693774423,183.4910822324605,-325.4944883844852,-2.2726819583161473,58.537838341134396,136.35642526164148,-44.791161273557215,428.12555462557657,-4.585422296627062,-8.50662306470863,-169.38362924190778,34.9609399085187,-38.066750878280246,414.2006072141989,-12.637096742476581,-265.0951219166755,6.867414956893116,358.32204547388193,236.0689843640633,-4.217080724173964,-21.70281351333671,-0.06171058228646481,-33.14364261097127,-6.108860763058856,0.8719283809354372,-12.792501412387574,3.618198280774765,-23.657242013313418,-3.5718045250976633,164.9364546308004,0.0,-17.690297660382633,-2.643505469133827,16.649887008088523,122.06599676005379,118.08354710589228,-10.4753601350089,-1.9720853723914784,-2.0361478676195426,859.888024802093,0.0,-548.4551800171373
161,56.51565064103202,39.149169006848716,-116.56264258138447,64.61310295817842,-6.875106161726791,45.36721076348688,44.58405560702331,30.37118257554763,-54.73561233355474,674.3851395442485,-10.975166401439388,-35.451110294800166,-32.955205410611406,55.53720490947233,-1.1167195667404672,234.43599867231092,-24.987216450823073,39.38895572333767,29.82867681097752,-66.17913752094759,-90.08743457269641,103.13513660485955,158.85207923171953,14.1837651362561,13.059524556449125,38.16517224819256,0.1390122059908885,233.90603429099085,40.44058488850467,15.144087679899528,49.04777270501452,236.29439091747156,69.18266111317628,-3.6352666582634985,-75.34964887327884,110.1873985956938,1.7955231641269822,58.29024315658489,-55.19983638154704,-134.0925015864121,-287.3489864234269,-11.08794732630868,-54.9016864630388,14.135569764286938,18.087906876962165,-8.178162546665119,-19.80545370278648,202.17557297223166,17.290826651047894,302.4939767679034,-1.7821500871603932,290.7625716491462,81.98864232072702,200.0590546161485,24.68434402188933,29.56231267501751,0.18245033483088666,86.7635155325285,-101.29244756840662,-1.9251633536219732,-138.82157350610768,-173.33676998370998,99.89558924689865,310.7117832634975,-48.571066674647966,-1.0639304778385263,-165.2262062679168,-97.41120367018343,54.40326834927959,353.8190453898578,-8.816885626129482,100.9974318342636,11.831885300062636,-80.8295285333164,567.7352555847766,-2.8096071557238256,-8.239642639477326,0.25112229534061764,-29.811859232718017,0.14415454443612605,-81.41811620119674,-6.208735361126421,-46.9978102439218,-13.636181545861485,-1.4396197512831304,197.1168633956008,0.0,-15.414246216011946,2.473544729006801,19.62505283838939,-214.06192587467618,37.60128593615083,-5.7836857999750055,-0.509353172663335,-16.463493954225708,1106.0353427126993,0.0,450.19496998721297
162,50.874406590967126,-102.75265120122125,273.9525900303171,12.934375700691868,-23.429391782706045,-29.22320213360649,53.14784165959099,108.91472980136562,53.36396953797737,-71.15393143637687,-14.477925134091514,88.73714760093411,-49.629510875821104,57.757122778436205,-1.716948919783002,115.80027353512499,3.889752208952061,5.99251484822036,45.88510705072452,278.9301884671995,49.64097365387964,212.3827245784055,-66.34800627514198,68.63846604460859,-4.121171342215428,38.49723120768699,0.011180715202449365,181.74479874606533,34.14613735356207,36.996566121695324,26.887266839630776,270.8673961698747,44.50181952842816,-0.434631498248737,87.04156887481372,95.9507251643067,0.13790962832194933,74.2943162076724,245.81105944967248,78.63023362123364,-305.44549641208954,-67.87054360996187,3.651825590244491,-62.72350357562805,18.087906876962165,-7.883066060790753,14.622049586724124,-130.4323031123397,-23.373967228411697,-21.872339010052308,-3.6766535806746,289.35296453483335,-52.17584695536243,115.64879704525194,6.627820231526396,8.053263371808749,-0.0044797879977914725,-29.756396051877907,71.35086049432748,-2.0997103827347274,134.75190666828996,-196.24614168338218,-44.855357566037,-132.96907298934957,-24.051567960316326,-7.953256717467402,-168.94684885994104,-87.14562230602455,-74.78816255206988,297.74954677165255,-12.157721788189676,-263.90320084611443,30.72834964191749,181.8297585152698,542.9085254385465,-4.095623377321846,-21.197910058812525,0.00241134202874288,-33.018267000557316,16.676744131716074,-81.42432979072248,-12.554117493114218,11.55524688267221,-23.589010428950168,-3.5219835832750266,177.83209292209645,0.0,-17.551593443854014,-2.4525955837183053,9.210783466409191,-212.98164162376744,156.2642252989033,-10.282995151141693,-1.7626306934778226,-12.662901454213582,1161.9613421418935,0.0,-548.4842956562526
163,125.10105917738106,39.62261973856766,-123.81132935136452,104.06552848895846,-37.10075249686131,-109.10828303075243,-9.364691887453136,89.43135480585858,53.48563978160502,-74.56018431387037,-10.117973646847286,-35.48394002257538,130.5826929587277,-47.92835112044833,-1.8485014111828333,191.5238943802833,-34.942009428673714,-11.79589834858727,16.207021924449514,22.012970587990978,0.7570111099766507,154.05292050694933,-64.5985595413905,21.507812269408404,31.59461935975518,17.261558882641566,-0.016787486525617682,415.7576256843227,112.16207015820417,12.855829620848658,117.94555927398218,241.58805625190456,30.984136221461643,208.94333689708947,-77.1860747451812,-67.10555735093892,-1.269567982546735,-2.993538625062386,144.58005378193457,80.04314113647123,-276.5816008381683,126.98176540183383,148.3864722025477,230.8507315110639,18.087906876962165,-6.51414055775114,-86.7625366734218,-130.8934697216456,-16.47057048642357,19.213752810290423,-1.9180633510879874,572.400511917682,125.1940111912578,648.1344767875246,30.64822239231381,74.10445736009781,0.006556826006764666,270.1620420696117,71.78608599431996,-0.6159182142799872,-148.96734307221504,144.92898596281245,11.216142398177675,-3.4570998400111415,134.79745294541726,-5.380408149058189,-167.3118767675631,100.10247022928161,-73.05591592795274,357.7516605695009,-7.869984162711759,-82.89229233194058,-7.654626108174201,-298.44919399302034,511.78884078912824,-2.493829673780464,15.41651932468794,-0.004132986154770257,-30.7709911897513,56.65759134175424,99.73077991130981,-9.409660034064196,-46.92172531202525,-3.2160756984230274,-2.677269845320216,212.4392157816636,0.0,-16.08505138971345,0.8946292471795809,23.00372245835045,-212.48565304252588,32.835735567475226,-7.071581318897687,-1.4853898670147136,9.67382458315052,-767.0295565666743,0.0,450.19496998721297
164,105.86624724853625,57.17467285207071,-117.78801245349709,1.4970658736889488,175.18634138328244,47.72822340851182,68.6010491471775,70.30729828176301,48.59258670057752,-66.16249735177524,9.533898844181655,-30.007554346890114,95.78765506419256,55.894508621383984,99.18566870634223,282.78731699074746,-122.02555595090583,63.2919831125925,28.37987027632897,99.61968652623776,-84.74653012602548,180.9045854658057,-63.133495581155366,13.606239894328166,159.41594923760977,-218.96059542844537,0.002143243306918369,251.1336351214258,139.32117962922044,52.456936328657065,168.3291580015062,50.75459445469445,28.44835556852265,18.890635820979877,-78.84196216447407,148.1561348266116,-46.370329267421624,53.95478474124506,-4.857192849458795,89.73672589125212,-34.068978347211306,98.22088772104253,24.598625195386298,67.88944491959118,18.087906876962165,-8.862171102610056,57.903805507246176,201.74320891183152,8.944408494286305,119.58035741037796,22.305622870391606,288.23439380714063,144.9693219345516,263.99921038602605,0.5469278985430764,-31.158394051795018,0.014107419042083317,-60.497108093014575,-328.5511912413276,-2.647763857142715,-65.81450837971738,158.29473168785094,102.85765596020619,-2.2177213814157875,-36.97042362878622,-8.299849328162974,-168.90501809292618,48.4161882807156,66.08409132146483,286.1802559231887,11.823473909795851,-263.2836304711549,58.32278260542088,314.55079149700214,395.5017465729298,-2.209278235692575,-19.033289151218117,0.02181886709559616,-32.39232614382166,56.65384364819719,-15.264644567861723,-6.137853194502886,27.153556204504234,375.26533276926284,-3.139733651254915,187.13939602201447,0.0,-12.46418574170184,-1.7686659354523604,26.93423341918477,-214.1067808596629,-73.3617029433718,-9.713711194041126,-1.959357626134705,-6.392894449218929,-765.1497993485493,0.0,450.19496998721297
165,58.973186090587284,-101.87319747661094,271.1599493278629,105.35476431211677,165.7725097179986,184.8192391381045,-51.810302699402996,101.73186847780255,54.18519957768295,-289.82251561766924,-11.999398210218297,-36.28919949696953,6.155842608285755,-41.55995095361574,-1.2496101121561276,461.75052120609087,175.4359289112662,-3.0744383672669007,-13.193374494707678,-134.65889029647107,49.4857933486802,357.751963028198,156.62670371641303,114.72219476260089,417.0069369324159,-82.89786270636955,0.0904580615387564,508.7581130790197,-97.88844580796297,-41.598646665593655,-76.61145807336248,139.20956709542943,50.435124536781196,-49.08010148931729,-78.31884073653924,86.45086657098038,0.4308838280118789,71.1719183076159,544.7751815887572,-347.48762902461857,-44.79883857795767,-62.27183472111734,157.77924695051502,0.060188630737299964,18.087906876962165,-8.026677573164312,97.82478383898743,-128.97036954083643,-12.77439241260519,156.55646711285988,-29.03851292456549,292.7938995850115,-69.31317720626676,-164.14741995888284,-3.6747690221940186,-27.639647649943317,0.07104825056169922,87.1073493333308,271.31004115687335,1.3478348862680305,-141.06637296823186,-146.6310853111503,-42.900722835016644,126.08550908860151,-21.501979774445477,-6.507716012453523,-168.4191740917829,-82.75546262934384,-115.1846848018642,409.734925384516,-9.719571909662198,463.8676608561522,-4.603673626590366,-48.39626352553954,551.1275133244404,-3.5547867436221003,-14.292327524318884,0.11701077368049734,-31.017517857621556,45.711549463798974,-82.13961681778609,-9.874976579698187,-47.84166948416142,-20.806621146415853,-2.7593564340761843,153.55770603175415,0.0,-16.463653400947287,-0.9387402342692601,25.551722310506268,-211.94197676857212,-53.18644929333019,-8.871794754145258,-1.2346988270852455,19.992931424226715,1015.4790972805943,0.0,-365.2945182660419
166,78.8434730936572,37.74637306671374,-123.68985319175388,31.95584557541677,23.879170528799058,53.66809365886813,22.77646398203678,105.1603669941929,-56.95387565886798,672.7024400969142,-13.9615554544384,19.920769901186098,-25.512896354357647,-46.392808359771315,-1.8477289976213656,-3.0359527217601556,214.63615618711043,32.1621952826998,20.708158737785013,58.83155283101914,-1.2707446719956124,194.88414265804042,-66.38558770961659,55.82213777424805,-117.92442350408187,-26.567739411821925,-0.02698876969637636,250.8337403130618,60.31950349606918,38.71210107211393,-16.101998856890358,168.8244288599999,17.634974698405323,98.70274314276256,85.97912096888278,107.16757343233193,-0.5575249757730232,69.58166095503766,-454.62017942734,78.83120765858138,592.1046810487882,-17.78548390694967,148.47402659202163,-3.6478287076784675,18.087906876962165,-1.1080555742867815,-19.138164210531407,-131.66869181703376,-27.058689278729744,255.875416817639,-17.20266186977628,430.8422298497276,-52.59182914434127,197.90289961008762,30.317734122982454,17.562972368295863,-0.037202840170134865,52.202008886200886,4.047120865435045,-1.9322497185993286,-147.17589636903423,-85.76096165734943,-19.974062900118525,282.4966044095853,196.92842936595696,-8.433587233371677,-169.25153320637202,-91.0315069154599,-78.91173155126918,384.7616422157792,-11.622477506431858,-265.0432930924607,4.023660326562949,-46.36687767164709,556.2084171117025,-4.117813432741098,-21.98890661276533,-0.04725254578802013,-33.224900650879,2.297570061384307,50.16530344003165,-12.627953801028298,11.66274571377601,-19.301081153142775,-3.59549307080211,207.403751430551,0.0,-17.50906615324443,-2.663974822316475,20.40694665978241,439.538940667901,150.50916958613576,-10.492228014457156,-1.980956021878032,-14.975112482415149,-747.1824498106823,0.0,-549.2132315585294
167,90.86043635525482,37.22696553810786,76.49215520741033,12.13276838345264,78.75050677923159,225.74256995429667,-90.87988818950706,101.85089796611315,-57.46846090693347,-78.11779864608602,17.921798296496355,43.62342236252721,25.034998310283104,-47.43503839841109,-1.4839175849624735,1.326322154985407,339.57447565096527,32.69602253418576,-98.83710240031,2.839143870203415,56.75540671378244,165.40458229522378,-92.86802377563727,21.11412103037481,75.22004211171684,-85.67545082135749,0.06950474490408297,250.6949029537918,-74.75964814808768,97.37075666760339,-7.5403407182001185,295.1506639484635,97.36334473863832,127.38038734902827,-78.63592682365342,280.2362433938697,-22.053323563268552,88.39855136894266,-260.63975606554544,266.4007103503307,-198.72793903023955,-56.48823561810529,77.85018530387211,-58.96436283618741,18.087906876962165,142.5755264561412,-24.814176298739238,-119.16777900749565,-14.44189845260279,302.55677229053424,8.307564724905063,502.35154410088643,-52.179526963053156,214.62617749606022,-28.54788024590352,-26.068159973057025,0.04467970626976077,208.55884401323078,-266.5907320690784,0.23843222052234803,61.64119470962203,244.89784428642028,0.2974379329844311,-144.85340807815467,63.03103457284801,-7.491529654153295,-168.7479301032473,80.52720589816315,-7.958359317884684,359.3924818056712,-13.116062712320831,-94.9389347359786,4.873208669979476,-39.632218542923844,243.85338147695208,-3.8736255712495495,-16.769124885127138,0.0791301084133445,-50.19335532539635,10.748399288499796,41.35103806484381,-11.911138691367865,-25.164546591356583,-20.60293627792729,-3.2058959939845573,184.4059880441103,0.0,82.37891631498263,-1.6716056658961982,22.709977843509115,120.426758352962,128.90418330394695,-9.66483462855304,7.056368412484591,200.12221167185007,-762.6451697008231,0.0,450.19496998721297
168,67.0479390736078,37.31647889089964,475.1512051998363,226.1333416025455,194.45589869465402,25.470369222280013,101.50249376816171,-6.903812902301103,-58.75873803502097,297.10571224186833,-14.8028270117617,-36.946512492551356,26.811248161409974,60.63941705767468,-1.740625098611924,116.82074802775531,-100.50719144803446,-31.61324749155836,26.871131010437384,-152.5800692340949,150.62700261552976,286.77531939776117,115.89133283796001,86.4892697981223,124.57913143143207,244.4325725331004,-0.0037097711421548653,47.169896524966745,25.95944634625731,4.690292312026669,104.68251400200309,-62.43704765126328,43.80433486547442,106.34469007537002,87.18344944070968,106.65742526969565,-0.15474534346527738,69.12432631057325,44.318339436094654,26.50347564857779,-313.8410589247945,-74.21662523389575,-125.14735310180943,-49.68290493447796,18.087906876962165,-8.752646347392506,-22.751709481692416,-131.2982443465604,-30.614920625109043,20.840928973778425,-22.8210475162946,289.439520883755,-50.80784985377161,-93.68978240341919,24.851087024205523,-30.91815619019345,-0.016891050956120392,86.74669054115304,-326.74175151942654,-2.1318420013525685,134.64359309265595,-196.42509773873687,-44.67332110226569,140.62691011092747,12.89637165450612,-8.02481647435728,-169.34324927925928,-93.35465293283265,26.290403657646568,429.0321016610312,-12.482265858067988,98.43020801832368,-2.361552977526149,15.732034568404824,529.1329940973409,-4.109089903800675,-21.074325337938774,-0.016303260388021712,-32.884261139229544,16.506552140652712,-27.18479008368888,-12.5580929434223,-49.61900911349733,-21.783058927803495,-3.4978172645931984,180.98943554757926,0.0,-17.58621293318248,-2.33673040622429,27.11433922526409,-208.64887468174308,-207.82745638880817,-10.24996512781941,-1.964396998060718,-9.868095589283389,1214.6443618329702,0.0,450.19496998721297
169,55.38777754803538,-114.98028922689254,-124.54757363736944,-13.835551770607461,77.81659989570001,322.5851303507435,77.3178452584576,20.726452477300164,150.89070133805464,419.5770201015373,-15.47901005746491,-3.8215800144899643,-20.829439985069087,59.86913938077961,-1.6287120531556256,165.76168015167457,-81.25126080252268,17.72371167257508,-0.3293715726818628,236.93331778872616,-48.509934130772294,270.00864981437996,-66.33551903757149,5.4501182846030085,96.62024124607186,-224.39533050017783,0.003983682989965495,104.51897013750089,-108.62756541379566,-3.56099070588115,-63.505882708523224,184.38159984769067,51.27629505202378,-25.372354816026288,86.88797259152,65.96914026006858,-0.05450394235555844,83.96648666042289,-52.45817489026477,56.54384453972359,633.1859703685861,-84.4866494604555,4.474772805040219,-54.22448561257144,18.087906876962165,-8.532810888593529,64.94299890030537,-131.0136560713243,-18.925103911855167,67.41985024161654,0.053087609071105775,289.3312725380918,-28.17354895538346,-81.28423906927647,23.671413606071113,-31.08787601319911,-0.007228114132286707,211.17064773515287,53.54518222941648,-2.4881532551129806,132.12849470765784,25.626585987458796,-44.60207497047967,281.7958435078314,37.19544215276122,-6.963912258020061,1328.6701016124957,36.706364862563674,0.2675333926978283,238.03848461688713,-13.193589434988803,-264.4302810928557,-7.799622172173879,115.61815410428385,232.07084988631178,-4.197866166404882,-20.53299943452122,-0.0035224815404794607,109.89933525157288,54.78970823086105,59.26566609877752,-12.756181716210497,-50.069701532274024,-22.04930723443139,-3.5113722290628724,196.64224353832682,0.0,-17.753473666772706,-2.338340240560256,26.86676763517166,-213.35125686343318,-205.42466370159306,-10.347852546757126,-1.8552804417697233,-18.45357237778463,1210.0137445923544,0.0,-546.5948529650377
170,40.01628860808989,37.17418762335957,115.37843288302933,68.51007331647695,147.64005104772855,178.49224976605223,15.201763597371663,16.874903406481017,-34.790967532995445,173.70600579459784,-15.062529367370814,-36.59348287527269,-34.58538544160869,-47.607003395991704,-1.9457010341968393,78.24238416592146,-159.2963459996101,-20.842929876310883,-37.68874444634481,-87.57041088058111,39.989917884280985,171.14325756023297,-65.79480036248378,50.4535430653952,-71.13268714447346,-50.1157680660248,-0.048086501259547915,229.59528513063267,-23.987284059605795,18.7183181601841,149.62839149887964,76.38369764627487,42.82054711836244,20.79391070519844,-78.22611946550116,144.87128909811838,0.39366976481508714,38.292499328515866,45.4065356434258,78.9965160099419,-298.10558807257866,-40.49318127809991,-158.19830450742595,-26.700698275550376,18.087906876962165,-7.648249748591597,312.16302265415595,200.51862775322778,-5.9835050337175755,117.64619048878447,-7.311769271881961,289.12779012751605,-25.82585094996958,89.80821669249282,-16.334691876372503,-9.418460309285232,-0.042301275957464864,22.135042898295758,-319.7724777469357,-1.6807349724026803,-40.630398004389875,10.629141066328966,112.78580881255611,284.7581202313115,-20.641220258700226,-7.940273825666386,-168.8683180207609,27.584689558189996,38.7703236012953,281.0501823286272,-12.77196506221513,322.8111388253939,25.159752589063164,75.40405175298322,558.8152285846448,-3.848266925275444,-19.0172600387164,-0.0667973730846973,-32.50222481682537,-2.544875134282617,-63.534756316145,-11.660189256933414,11.076923482500897,-21.56938514713901,-3.1419015943328796,199.4873697477816,0.0,-17.41736661650057,-1.5141007577181533,18.973732736004603,-81.38330578695152,-78.79269367354007,-9.696428571534755,-1.8415314351225163,-16.235477775176967,-703.3308971658639,0.0,450.19496998721297
171,62.06115574000986,-73.68057769649911,173.7423467548792,94.60030837812197,282.7956683836662,90.47072125144733,172.43783867954843,36.17426732086249,83.12897009309341,172.80590287706622,-15.445703503282491,-3.81776123742033,-52.75211351876728,59.430417959735614,-1.91799635839321,88.74949507265924,581.4684681648978,19.645736817015006,-10.20491628277133,-84.59863448712709,98.98628911428382,257.44890218756956,-66.64927465941318,78.13295291330817,-154.42978206027752,37.93234291582762,-0.04185433460552366,45.21588826474928,-85.41171832119164,22.135058372224297,102.18122967663182,112.57604230553332,24.075496993190338,-138.51678485744685,86.74903065260064,38.96749735658784,-0.25713778444471586,102.77731631945471,-490.0940690949336,78.29171243694863,681.0342395246012,-90.23062330700756,207.28053020573935,-57.929337703264736,18.087906876962165,129.82639898441565,-28.717720633476514,-131.85495748471925,-23.725462814120597,63.91056872592001,2.154792390973071,297.122393890379,-25.870461773395977,-42.12842493672401,-14.17589598977144,-30.269966684161023,-0.04816416090990127,81.36201478701558,-186.35274025213306,-1.4610502790596547,200.98951073079726,25.382831770991842,3.484380049014473,-2.836673160014182,67.69976769323951,-8.681290715259395,-169.39269930340822,36.532721777419894,61.087953022989446,290.54871825792134,-13.104220221116469,94.24569568568322,4.124728090623801,111.00498674719202,562.3330392461814,-4.3270592159656145,-22.56632104202052,-0.06605905930066826,-33.39617022464085,44.263687129941516,13.337292170155925,-13.16234526051499,10.84556025501493,-23.606329498475624,-3.6698232176877497,206.06462701918977,0.0,-17.87732171839979,-2.688141490072524,26.632943703606593,-208.89578825961453,-76.35429524619343,-10.619555048614716,-2.0723835631514365,-15.449140357969593,1201.2668453905155,0.0,-545.1024837019337
172,103.22026507962538,37.31957112891995,515.1554253324481,35.6322386579406,-40.846888716770756,-69.17908599512215,221.30544524481198,102.12732348180569,54.99712714133197,-33.44566170090732,-13.958722576452463,0.8301101147001506,-5.443009113609755,-48.444598916073566,-1.5958637696481257,277.3635668930632,-20.649270732173747,45.11303252093984,11.376154515100371,206.37897396263267,244.94561838461226,339.1350822270084,-66.07635019094593,53.98377683567518,52.70477791246056,169.4432357289531,0.02814868598354735,295.76065815134365,56.8193228089446,39.53837177264385,38.996438777287565,215.50247208524576,39.34052148094105,179.09038384139316,86.54244941530665,223.2757087323835,-77.82216753023107,4.19975318022767,374.7418817597884,78.85409411052443,686.2667871825215,104.13309803657948,-245.75162776756082,30.451289182106276,18.087906876962165,-5.631543511225155,28.65085104895679,-128.33752775365804,-21.045167591954346,105.1604222279052,19.78019187695915,435.10087513078054,-55.743631029429196,392.9498006749196,28.89129356712694,13.571478987219669,0.006726081356845343,115.82633563232716,72.2257192401809,0.11680386205207977,-91.90065582021002,26.07222898744778,-44.69865529742437,7.318781044753499,-22.667491995240763,-7.89856515669287,-169.30835266805423,100.12905379345464,32.33742417936136,467.1430925065201,-11.642561711657555,-264.02813952469,32.503934769912334,-162.60252579439117,533.8540483337514,-3.921596987354995,-18.056855426753884,0.021149438111782798,-33.07048278114241,-5.090546277142524,78.99322761698303,-12.295663722408467,90.64707532237561,-21.968388997203,-3.4728682451573483,219.6245923237023,0.0,-17.403837326790416,-2.194057680282285,7.425486572503313,-214.27686048924417,159.33760839886037,-10.022620299277996,-1.6145336700541117,-13.716684544932512,-765.064252271588,0.0,450.19496998721297
173,37.17625053966183,37.46704076986095,-124.1494493142023,112.84639534225163,176.62643922126745,41.662114891260096,-71.29666627855563,-31.173269090408407,-58.51077041232895,670.1819094692753,-14.488943741361851,-26.39686145888054,22.529374228071696,60.53633279262888,-1.7501494780516738,163.82471852043415,216.18510559162667,-43.80427411438116,-79.79240729309905,-70.19272001450449,-23.203338832336613,100.49738747431228,125.50320387630101,69.80858066566725,283.5185845746997,-83.65847878362557,-0.020708371937411204,437.5873822987031,66.44963027249334,-30.75336580371354,42.5473901517072,78.37837312286965,43.89446752059178,20.321229896578224,87.49716940207111,40.50143195864842,-0.5502784038360818,-1.15638699517508,-654.0750398643216,-167.1685059777589,-4.3896659729236704,-41.487172624154496,147.0629953164624,-25.364066729465947,18.087906876962165,-8.467854493070984,-41.38158712989537,-128.93948357035993,-7.037243209001265,355.4189777049869,4.22737422385898,287.90250356509614,-51.23713653703658,-168.50492716212602,-18.352683109961212,23.368073790462258,-0.024933028259734327,200.74399279933223,-124.29393735827598,-0.6080714294893338,-81.96171143930091,25.291578382144696,-54.40580520994106,-142.48689856685732,-44.87905307901641,-6.579188547871123,-168.40245506091657,-100.813037066611,-152.49334067842486,291.3498410636738,-12.211448470105415,-263.7482103933649,44.948377780961295,9.237268005351329,239.5585701825386,-4.000882441519366,-19.717818955523068,-0.03198299928295907,301.18813882422813,17.36499543315138,-83.47828793662435,-11.775031479137217,-49.55461043275033,-20.78342349092974,-3.2349014448185835,153.96998839235283,0.0,-17.260208949906108,-0.7377261256712861,26.584201658810183,118.63985122295696,-209.02851365284917,-9.006116755831913,-1.7812624755631117,3.210366504935782,1210.6138873230784,0.0,-461.67079851327446
174,62.473972714815076,37.773076308487425,-123.35717843957075,-41.61463024430567,224.17271175917085,-2.2532835511352247,-74.75805353381193,-5.410056667148826,53.57615897913777,173.65335380272876,-13.80390477327301,-35.561866236563105,-51.40928233235089,-46.82983724010168,-1.8472364263505257,362.46907339657764,-85.26879226539496,7.904273278943536,106.76152913220874,-60.60602192498655,-153.83608831118585,181.94721610663194,-154.8356319781152,70.52326049315123,163.23206969572402,-92.26009702954791,-0.017942981207846636,175.59970483363048,64.44816101210624,22.040945380262652,-14.561439003509658,114.74273441737057,30.020570575574496,22.580817956318153,-73.33957119381996,372.9616356452031,1.191214158534523,-16.584686383221012,544.5247491483686,79.98124460788539,-302.19054030581486,-34.99425167164304,-6.168036203829802,-49.42650702468516,18.087906876962165,-8.085233902529898,91.76806809941932,-130.54553550188146,-10.216375966560072,98.69074833662191,-15.086643916562666,288.7712625505725,425.5053462553648,-168.05705340534746,38.09378682043673,32.706880036288624,0.007625528106696829,184.19529943101372,72.1136267330423,-0.9592726422828444,-147.2844216636313,-194.25461757464066,-31.365275185464647,-143.81056600888377,-10.657568494522593,-5.115296706279914,-167.08521991218595,-88.56124242892759,40.27709314781796,483.0004928914031,-11.569071023034596,247.2104451310479,18.25352052820006,22.663137712757084,548.9385646946919,-3.392385087493042,-15.159299813093222,-0.004506931714777618,-88.13846271259844,17.837301987321563,-82.79412352125794,-9.720708975214187,-48.93678287258051,-19.204361343221798,-2.499118834240045,186.90486058200182,0.0,-16.735590021780276,0.9874382548308924,19.90826928815124,-212.97453017687587,-206.5088140314384,-7.000420754734892,-1.3760449545776616,-16.78434698885104,-658.9911532230785,0.0,450.19496998721297
175,72.87738834259699,-59.279443044149424,173.63274506130082,13.711270232898784,160.3497312892413,96.8201464913927,191.85272086561287,-36.144624415624484,53.6938278251735,-76.56787901598139,-15.638971861536165,-3.9884283326884717,9.288889173686002,58.980268959634174,-1.851884458797132,-12.90466868286636,473.72966761707505,-1.689110358443517,31.322367127010924,152.91931073406406,335.27286576926105,151.28714704744817,-66.6894148052594,82.8279955726666,-3.4485556553746735,103.85525317815039,-0.04105411711827724,-37.33463452590076,-47.11688152217394,-30.529569051512844,-92.72229408729137,51.33415490442069,18.136444512000537,0.3360795762795089,85.02691476953599,35.705173350028836,-0.2244257778105263,47.22382326271092,-53.780749754533055,-418.79101359490284,681.8844216729129,-86.35941754278524,147.31925985897033,-35.67489634142152,18.087906876962165,21.066623382320483,74.32449174809764,-131.66562651146333,-23.609753622353892,221.89274323056264,-37.063580906533474,430.3770034483975,-78.03917780334825,-104.80459813447088,21.49114561802856,-13.664625206471884,-0.058054168641488255,161.58610616031729,-300.030603442313,11.507773761651173,62.08511900836028,25.804968577616958,4.779058734431429,269.8689428390523,37.37305821699404,-8.665196132554557,-169.19450058627046,17.26160053946818,-7.214983777198262,481.77482560657074,-13.284694321942771,-262.41552125308874,-35.538151765356886,217.4679437933571,557.9437544068875,-4.359790811505088,-22.362822215778788,-0.07652471754730844,-33.262258278787016,40.54659424758507,75.24099689127353,-13.301369853312659,-11.449346088147363,-23.03788886718538,-3.706087943165227,162.83917062871004,0.0,-17.942623979166072,-2.831670203607502,26.239265675759377,125.93355679400297,-180.2896041912269,-10.656710529827324,-2.0474721262538282,17.27740220037951,1204.9478924464029,0.0,-545.7794147440914
176,63.02902073451914,-116.66665861259571,-108.69493065064712,-73.76385926524631,-13.428285067351853,53.0662913949162,218.34216318805449,65.66909493895498,24.432645386897594,307.517004561425,-15.262028361370803,3.3978597895249045,1.507439092367062,25.401772414670646,-1.7869168629266687,121.57880085233482,59.411393016232424,21.250423387255122,-25.279453481393844,132.32329660434837,343.28991003168176,84.50728797581355,-66.53459421423487,22.191600552856286,-146.94393855693855,-19.363560944503185,-0.025942146829734405,256.7991402248497,-108.6272001035793,-39.68439709767745,-0.8875748187973951,58.62571483261484,44.07186699868524,-27.447786181426572,86.6594028260688,32.80903435252865,-0.35306568351449413,57.330558400001564,-102.90604065205609,-411.3723997291811,630.1551202870812,-102.08856136589635,146.7574178335273,-38.43748880279036,18.087906876962165,-7.965677378485018,5.780424717021858,-131.41191452520883,-23.446392190738408,113.16642367499095,-72.994454348185,430.1172890861849,-102.90685160709864,-54.97880505370083,5.898969889072128,-30.987968207889217,-0.04300367895516555,84.7497203324157,-317.831900707674,-2.296406711668263,-3.3073749956298735,-196.1162400136346,-45.12298990937275,1.2247262619493509,-34.552998094706744,-8.650475687037757,-169.37027466931627,-112.06935435605565,-37.704854205335614,428.9442861899576,-12.917070453355066,-264.331610313989,23.783316983434997,-18.70068918472642,327.33831165861403,-4.269438172050526,-21.873464669425772,-0.05370021845519862,-33.311750281836225,54.18582200141451,61.383107148522406,-13.06888804847973,10.990336729297834,-21.48247049014841,-3.65066809683488,165.18236143316224,0.0,-17.799548056134732,-2.764127890782759,18.806856013746927,-206.2752679692767,147.74327324378476,-10.58546790923363,-1.976041062325063,14.689974541640273,-246.65094642167674,0.0,-394.6640332139118
177,54.6169324838914,-111.35644797422513,79.82007011041121,-8.549293803083453,55.12944893219249,22.566866139670736,18.99788425060255,87.96182190950276,64.82073519614498,545.410068429562,-15.030362852499646,-36.051786838385496,4.446244025935049,-47.063185074113406,-1.248932195134055,85.91438802147408,28.002957331211363,-46.4524141352144,-211.51142547279912,-111.88123078691993,304.02327284164505,93.10215664897287,-65.4809353165773,50.23406873470841,174.24779777243535,-73.69443826946738,-0.01574799174076999,330.12487024752994,18.96681554818389,42.357496313012554,16.295481579334556,109.94244183603453,22.919835639672566,15.742219124139437,-78.2037351919905,170.1176142562153,-0.2421969455532252,90.16167134828149,444.382903901601,79.52514502363424,-286.50477523470647,-31.80331904778961,-213.46458685799547,-13.004974520760074,18.087906876962165,-6.819111200497516,-32.266823696165275,-126.38056460139325,-4.064462462071624,314.55467657661444,31.60300210046887,290.4314306440262,-38.209954977798056,-77.82054791089222,8.918067367552393,9.345468590876227,0.003322174204323182,82.66197268352076,-320.18187396201637,-1.7210873235444677,64.84918112901337,-45.72615684119877,-46.1311720591756,-133.97097403807857,-52.96221921389498,-6.330458159117251,1325.0751796138766,-46.46149333615307,-76.77146212692811,196.40011436109214,-12.75823138956016,-262.7142343387593,12.140033419000455,-47.51402176867648,538.3312831286856,-3.836157808137786,-16.99458890063728,-0.004487270842868429,113.34318329224152,54.155437369237944,-17.567764590735376,-10.598780740324482,11.434807588047533,-21.417508514592754,-2.740939748781431,207.21694210426776,0.0,-17.059562669366418,-0.35517548560208434,22.405923755205315,450.61704209310693,148.82294420937268,-8.567854094187583,-1.6596359768538367,1.84909771473359,-759.5963687449707,0.0,450.19496998721297
178,75.05165686629512,37.04573772283534,-124.04691754114101,-3.8394091740435874,34.85356845166547,215.38376907771575,189.64477153550644,148.98736981707944,157.03982737328656,423.3779066198162,-15.548848193750135,-3.5871172593005403,-4.588269900130823,-36.50085801036437,-1.8314301641599458,262.4681062611255,-140.58571063509012,8.536824719402613,27.384436541153967,-132.98926472044178,185.7521810719721,376.41117527055076,-173.647115177445,27.165517849573305,197.31158338546297,-87.87643959055598,-0.015945186234597283,275.8805910760073,11.094706738259731,-12.865636344986052,56.43504826327345,245.74254129565313,72.10602190736557,53.593547899759606,84.89338171190876,19.312822495539052,0.17163055007695535,66.50277036873985,-455.0420414794033,-286.4245403278418,363.1782816775936,-48.17390637431686,159.4689477741297,11.666867521983097,18.087906876962165,141.24691595302363,-85.64677810103434,-131.35757828533,-16.486404564588142,160.86006596915394,-22.26651299546285,289.2209039513229,-90.412053070716,-82.62115680820351,6.388765204023851,-5.341607636155709,-0.00858487027560554,208.65142826544144,241.03499157913856,39.550271821764895,72.28852179214479,-195.02752295311225,2.007940392842491,424.46317398879273,49.086013679189314,-7.716358201866997,-168.53262112973925,-106.0841852698075,-3.1524859846090085,458.98322373296253,-13.35716013140003,-264.6163957023611,-3.598920442439589,26.31329843445902,553.2348043981895,-3.982805345146818,-20.0151027027156,-0.01489018914314677,-101.70519969114318,20.86601303865253,-10.5585083241725,-12.231827455116312,-50.172300350581395,-21.597420717214696,-3.3028431857089786,197.98221101213795,0.0,-17.30079189789958,-1.9860342148236603,18.98301865642388,119.55033911225212,-79.442308188882,-9.864152269944382,-1.8260636871353337,-3.811174081549493,-709.932735531208,0.0,450.19496998721297
179,120.85660475452092,40.22640929386725,-122.87755173753894,106.99504998514504,161.04241235295817,29.402941343808273,-63.52619300959232,132.99143827564876,106.94258529250587,177.8818870308307,-9.008145625993988,-2.437620656447118,119.29475443141845,-48.82918147600182,-1.9220373780716649,55.64124777381941,-36.814258166436986,7.850240538408469,-41.02865475655006,-252.8233360213032,104.30489308246861,309.9109556186519,-64.42738987157199,103.38778120439724,189.54561650942577,136.13800620877876,-0.042315528242217806,366.29087804198673,-16.3154095251334,36.695118757194315,-3.8733846816431807,142.76657331390328,18.478106535326493,-197.57124710190925,-78.23964901448754,45.90156996007711,-0.728670939304941,89.56505008480599,-55.63303471960688,80.79190408785982,-62.27620815518346,136.32281191458011,156.4966997369565,191.58832784174362,18.087906876962165,2.8732355434558814,151.2181899382796,-131.50435067459662,8.204012404494328,303.88143469908783,41.84541220980269,432.0096346470838,-25.065553551395652,-38.119136265606585,41.04999497782143,-23.856266774066736,-0.041560848620400784,84.08214744643172,-300.465479994487,-1.8135880609456467,19.11405380396118,137.40365462937922,-18.928371235758412,-144.83321202361168,91.32483127156249,-7.057092666677024,-168.58905880636974,101.4223206138117,-42.52677875043441,268.54917401168234,-6.6774463592132305,-80.9713612469897,60.24676249893154,-208.12233231940635,555.8934254939198,-3.2879344180495016,-16.090171195195683,-0.06000904199395081,-32.22711773447359,56.83726545963637,-6.074618987240254,-9.322283800408071,14.888901534448669,-9.397077561103414,-2.8241535615069644,218.4142856329671,0.0,-15.934255602392431,-1.0712785686901318,23.05895814232928,452.1182374759798,160.4220420026012,-9.069216302266982,-1.5990521470837826,-15.400444059151082,-772.3130683456409,0.0,223.14053321635447
180,65.5086549594265,-115.67471501475258,170.20933810114957,26.53420613124997,84.93276430964976,-12.132497463548626,165.46979954623473,47.921633065516474,-54.83546105288457,152.64147629320598,-15.880572988277263,-3.971031325798449,6.2224750441465275,59.49298735565518,-1.8214438274207159,75.90821373442762,-51.99845019278191,26.004196822341385,27.666873734487528,50.64299278311064,288.8083946193766,228.41155527634155,-66.70547948153909,47.38500765047596,-154.20150425399586,-50.64271708775237,-0.01804300469904693,108.66278318342081,-109.08893644080611,40.608266766573756,-28.048654622486126,83.05656794594572,53.4485508215861,103.8657807311855,86.77340505705018,24.68084579794184,-0.1575588355018196,56.74130100139232,-55.43580355442956,78.27127071833604,681.3105726134542,-93.77562051761258,147.3042813316861,-37.873540198036245,18.087906876962165,-8.591238576667108,32.73694374323437,-131.62036179040746,-23.648427502394995,263.02261966007245,-1.5443206778838705,288.54674920399003,-52.22508348668564,-253.7138409504747,-10.978738341439788,-31.144244563683827,-0.029788412220559772,21.82707877973524,-45.02490399997523,-2.469673171614659,62.301909726114495,25.21653373910516,-15.343627632217666,-4.367995396260816,205.9890814521568,-8.699222551149818,-169.43712418083197,37.80182833540117,66.29015944235061,432.94393476834324,-13.549352658009719,-262.83257179003607,17.46460049221228,268.56170992973773,235.355671527924,-4.352131292309263,-22.227635315091145,-0.0367333694103333,-33.2966742908878,54.64853202124689,-81.97448723430709,-13.286781347911083,-8.993084689367421,-23.4237065915176,-3.6787046591191226,143.51768553957766,0.0,-17.95898025816853,-2.8163933168040947,22.894403278701496,-214.34038662287927,127.19785890564036,-10.649125977872474,-2.0011881000644496,-15.495103542441926,1195.7660317800191,0.0,-500.6528912734627
181,113.5752726446973,-107.39506240468879,-108.19798371088716,-81.86510045068061,-40.81568572259017,56.61219920439117,150.1871540477411,53.77164976849627,-3.895365965784171,687.3302129235226,-12.307773624570267,60.73344408431175,47.228424401404375,-45.36646365543345,61.50473769913942,101.7168646291272,-230.9395594898069,-3.49420169716568,-74.40455236796059,-68.40320257574518,76.1170623121417,341.94440693151,-65.17014976173982,35.4942265808786,-94.65078392024319,34.62029750903587,0.01865563608402333,285.9895627476451,105.7543171486213,0.12482142725453446,46.35037534642457,209.48041521163594,53.00063491769585,-88.20677003058611,-78.24551794878197,155.07478178074632,0.3715039303747926,21.000668821491203,-55.23169365973423,-250.85158030343982,21.09701141498198,125.35729959833417,3.0893693643171605,227.75417373472737,18.087906876962165,-8.746662176993164,-78.47179674993106,-0.7277014707882299,-11.267427507992078,272.1129473292687,-13.909168959289516,428.8739515566566,109.16640189717825,207.7301820895659,30.342909119501428,22.919023733007208,0.03553288914008115,-40.23811448530535,-328.22149980891015,-2.5793560016786663,-112.10642076183181,137.35347592276347,76.42869252017881,13.149329187843579,59.808500780484906,-7.166708925210843,-168.26627473025576,86.49521059605271,-66.03915696597213,320.3360685320995,-10.040647941421264,-261.3359266576143,46.1878194368785,11.233004974464965,562.8488162953009,-3.540392037076833,-16.548506457703365,0.04963886228936376,-31.91536875811866,55.93394991340029,-13.522857644524198,-10.19605261156698,-43.13109396137974,-21.275056258925485,-2.8625741017640487,226.52924190065602,0.0,-16.592319930978704,-0.84660067344302,20.421871042430183,-194.54259780909982,158.15702426221125,-8.959458982727442,-1.9181071549695503,13.86669697700853,-765.9850396364543,0.0,450.19496998721297
182,72.06361370302733,38.40714817987497,174.8563201462813,133.733868147851,33.61773587518671,258.88105685349575,211.4548103485342,49.22539790088187,-58.00905533071052,706.1700298613313,-12.73731289811134,-36.52937455044935,-38.86175538205883,-48.67636448517423,-1.3701056600283996,434.1692211081769,-51.71506991940223,22.783712971764878,-11.02752947598591,-79.426883644148,-140.6256604448518,421.64802332422306,-65.74172462819818,45.98085495453128,60.59709139923971,-16.471397169005453,0.01417520054035593,393.47529590063647,-104.35103954853798,15.192544504736533,-19.387843971684028,207.5287520202957,49.55367141552654,180.592549689848,87.59114171443643,290.7636013601879,-0.0025221776653353936,68.57078745271357,-55.18168275696367,79.42224040276791,658.7581297410642,53.918379917194464,7.426744245207483,87.45203519089075,18.087906876962165,-7.154494611274924,-2.349538151780029,-126.67292759925527,-14.316171863872281,161.717552150168,-12.933038033781921,288.2562659155735,-24.511238305832933,371.0611129245258,14.051993997731655,34.52104476976788,0.01756335266075389,88.24891129683951,-319.96489614783417,-2.2871643261917303,61.7380875877821,-84.82014205679036,-16.228289875101495,278.17248612524025,158.03408869732235,-7.521409541653881,1329.1739253176806,-90.21357762771648,29.770926561853365,160.94088442640412,-10.441814495326303,-263.3791970947967,12.410891482118677,-31.681073367779653,267.59688315046895,-3.6902799947159526,-19.44160139254593,0.027936590658390437,109.93169643966223,54.325243304167465,5.530827123112413,-11.319060359256627,-48.55702806081098,-18.364066542045443,-3.2073567402457073,218.03123562616702,0.0,-16.957106754650557,-1.8535329175889776,25.987991863594182,-214.19637846096236,-22.53621990828235,-9.753529524201854,-1.7059513297730071,-10.128056757179364,-766.6576033006368,0.0,-480.89830763631403
183,71.55764345197736,37.83266289112085,-99.72278666276188,-66.64313819501129,98.55027560986993,98.3214437523012,72.80091863789679,1.7279335870846655,-56.75235349697371,-70.2469391919524,-13.808263532462933,-3.8682337544457344,39.23978082266325,-42.26935832673887,-1.7832889437658286,178.9807731177238,439.8190543502565,6.913082250512608,-151.67411048328216,208.14429273299226,189.51688952263476,204.89526735527198,-66.3827775529907,16.47085820133494,55.07801699607236,-71.13881352816274,-0.018121608056807372,264.8006299579149,60.246685132183536,29.227252722446803,-117.61019779849683,203.92117666217763,-27.723714740790506,10.81840297258935,82.88407893907474,-35.999924147026015,-0.3812986779374065,74.13287830319457,348.2003566386073,85.9527660480396,682.0009468701046,-65.51174989761158,-279.8469218546214,53.67582652115548,18.087906876962165,0.011801095182615497,25.405196520964783,-131.47313703934816,-16.937887444548277,73.36676052963355,8.679488947001026,288.7516171897694,-25.795357686377233,-154.53826165473384,-7.077682110929043,24.3596143911377,-0.027711956041970496,366.8967619991678,75.03674372340066,4.801844667263468,-114.48891053930745,-196.45300578494684,-45.06282297187303,138.6966020086488,-24.290070932045097,-8.51741053889587,-169.06092263830328,-53.36605716478843,66.17091622856708,347.77712724213916,-11.475281786675646,99.26136623382776,20.25263232861583,118.41968801367625,234.4011591203837,-4.139808670806728,-21.792306894938957,-0.03315108073385237,-33.20997775947494,-8.963239429385489,71.83555410900948,-12.693113754088621,133.1736501494812,-21.792445132860884,-3.629435588199855,204.07984274631977,0.0,-17.565756087152145,-2.8350835538147683,25.101423135707094,-212.1009457916476,74.47140873730882,-10.667711892338907,-1.941585951047509,1.5718764186306196,584.5460444277796,0.0,-100.22398282734365
184,110.77774095524623,37.32242446150779,474.7247223876053,60.330458776590355,55.77668808744321,49.15449510143368,-26.47557745015041,91.7238451731394,-59.204562314029054,-78.51402470183572,-14.892239928838631,-3.76364027337968,90.4117265619179,-44.93293841847682,-1.796375904867838,56.059116850011854,382.92838561268564,25.23059017968054,27.056822128977803,131.14390807554437,164.47477367683496,219.378369481295,45.04065849637244,77.02393209542983,169.74367362993635,-26.43063837974876,-0.012874241778046653,-41.6583114592756,112.07425077354792,-42.62298872794203,12.127334790981308,32.28524624954455,19.304328611861504,45.4071064472949,85.71612923196459,237.43631607114705,-0.05415442255767555,68.8173548801236,-654.6611187802406,-302.3244003173667,674.330552993278,96.24664355028112,147.52760641421324,-14.790057953598389,18.087906876962165,-3.358627766901863,40.72424735201227,-131.3194842002021,-23.540973177887587,197.12966310500292,-15.74905618875735,433.7560142364386,125.1910736583764,-226.16507664758248,-1.977167149855438,63.74251638506116,-0.021794890334382,84.27564228829252,-231.3477611098046,2.0037527818111163,-153.87160109317054,223.88913379713483,-44.462356982843296,152.56847420964164,-23.86326632812975,-8.651791009947859,-169.11814814974235,33.5176010944427,-81.89986533791956,347.5926394632545,-12.567211360509537,-264.76787350084766,3.5832545204963235,16.57563174755936,559.7207466398041,-4.19256662470403,-20.695930272478105,-0.02723289162868142,-104.06960944120351,55.2049458201327,125.00284044126828,-12.72261603042643,11.127345288830728,-22.709143304265318,-3.5510343743064876,195.63399477442653,0.0,-17.758830164164497,-1.8373823156176448,18.605731721429095,119.42612493122601,-56.63514580956269,-10.324063704980874,-1.9433706866691243,-0.41176595475078226,-759.1964564603079,0.0,-549.3790236617695
185,51.420031808296166,37.93156241360759,-114.73276516067457,-45.36020399743332,-25.889758690486715,55.34682325569538,38.77296634930134,63.468214298830965,-33.309954607473216,416.3391975329771,-13.575298027938528,5.227930635093572,-37.77315189482143,-48.934274831971024,-1.9465678501613575,239.07917029913432,-88.11100428252064,41.52329629646616,-5.749279506250378,-76.51661129917298,50.209300712763486,294.6566880898186,155.89779687059004,50.33212881849828,-46.99724206594678,39.256337949563864,-0.04998530601136389,327.0835229303094,48.28619667810792,-22.28472312959964,22.88947941027775,213.757730848123,67.8013475421408,76.77501020231085,-79.48800925960775,95.3309436810096,-17.57416334689181,62.872462973463904,-54.97441078537471,-346.77068326933113,-89.01523159902435,-27.48679727963917,150.69384273133286,-33.943149036518086,18.087906876962165,-8.67166158811625,-21.489277524685917,200.0930689159724,-2.866830765866405,279.7690667604733,-37.59127560267419,297.89807097331374,-67.28762639478688,224.4403688085701,30.525057659569793,29.851330187227884,-0.0490563138249167,22.199580510385623,-269.504544407203,-1.9922143665019445,-126.08776822748845,-195.4558495138375,158.62227450724512,-32.18425929710629,83.88010359377282,-8.254168742350172,-168.91941325511658,-103.1581042887934,-65.79618539863587,296.7981978276175,-11.252098812780753,-258.12397102970215,21.02711053395951,107.85225483567751,563.3312420536467,-4.088237151512317,-9.87790376338064,-0.072687755879289,-32.92646573549033,-1.478649604693722,-83.74920658543519,-12.27892450836566,-48.98864603498829,-18.53178056917717,-3.496936326109707,218.3333975970325,0.0,-17.34545074463412,-2.478502436059073,23.12624198338116,-213.8443473971706,152.23352448131337,-10.30869688555852,-1.9848171830633303,2.1222182407796564,-769.0398923469729,0.0,450.19496998721297
186,57.27762255479228,-115.5236902000608,-122.55371554741396,36.13084635872011,130.2791898427942,48.45189937916468,42.85306311062178,98.1132640024325,44.13545947295989,670.6522621542981,-10.703738547514535,76.4674678286305,16.601472614634876,57.165224953432094,-1.1902902932706048,-81.11866321394422,-128.7430723142981,0.6462263207186653,14.124627904607966,-8.166583468077942,377.57244026641104,64.35468184010281,-65.68556060764989,54.36344018022063,-52.00721489985834,39.07598798426057,0.006663517121647056,-53.1614481849421,59.01101733670178,36.552828409163155,26.310851444002175,128.3223214590818,1.1912704758142842,36.754345526075,87.51337932409534,66.576717677776,-1.2602600721877175,37.70566807812044,-445.855759853123,91.11501620321424,25.59229351265319,-54.52681778355083,11.628770164515853,-42.38899433372143,-824.282854551179,-8.006346162026274,-126.29786153735321,-130.09416519892076,-3.3182576339967955,105.27268058940598,14.38867941414337,196.69550514495398,-51.78208382780613,-8.094966773149652,29.321220053376408,21.7889106166484,-0.015249829562642274,93.4305369834072,-325.6308261780118,-2.135952209673158,204.05204031210164,-120.54429714774976,-43.86713513087575,-1.6562875691671277,-53.22645326098615,-6.901643472875763,-168.45631605675055,-83.36773675649236,-7.042376958958744,405.69606752324273,-10.470296347674894,481.58428028415256,-24.356025061144653,-5.43224534864079,5.627382557328807,-3.773475486439616,-19.145477459585567,-0.008778703015288769,-31.835078464927427,53.40533002409965,11.468851707344243,-11.267269359448019,-47.06262708013737,-17.001712148308922,-3.192812794300817,203.48129120132538,0.0,-9.481151509735103,-1.152344425370159,27.086076781139752,-203.42159283702748,-81.37912505796473,-9.531941190834077,-1.5177882289602085,-54.2829804357324,1204.3204148668997,0.0,450.19496998721297
187,69.00635555590969,-26.445457355257474,164.94486085979233,85.02428488110104,-35.75585663738844,108.04386201710469,214.17559192763994,69.21928462027338,64.59191563815601,-63.82720584931073,-14.841523409251684,4.716306688306567,-25.894624147858984,5.715839002243684,-1.7668411038265135,184.4121982284203,-89.05190592373661,2.613089070481892,65.68404552593819,191.94103213898498,359.3272527724511,289.3705158779216,-66.38888835585335,48.23950135368629,-126.92077699288609,55.183670579869585,-0.0006775683993475862,134.6366577482847,-12.684225030391504,26.611835144816194,28.939791791118505,265.9601299494275,14.89062495633112,-9.474595160159176,-79.15952249389328,171.45689776409938,-0.24808460191682466,48.38983563620207,-54.888371285775634,59.23053535845706,427.535592087622,-43.11142022172913,-210.3694760160353,-12.327629688393099,18.087906876962165,-8.342365031758536,-50.797798381410026,-131.37245902513703,-14.793792373796977,-65.37407142320389,-24.622668168439816,429.1479297953798,-54.075868484259196,79.5251358610677,42.11935551510977,-31.373753514223562,-0.01214301940122889,24.483152193495272,74.76389814620842,-2.0325738927265515,242.9079933729382,-195.21419819722638,-45.12728365752167,0.9996936320025368,-23.665777795233588,-8.15823525744438,-169.3661853630183,-91.53684712054452,-65.42382765139122,508.79350428527385,-12.518863094240407,-262.56199129549077,12.071439623570784,141.89738894876967,524.116491680109,-4.086400510608959,-20.541349572006613,-0.010535316427287611,-33.15914415015288,16.684542521017857,151.71322121750757,-12.719480426107987,75.58041248534151,-22.380177301198763,-3.5549208524105755,171.0760647134011,0.0,-17.645974494490382,-2.443693241601067,7.8107572925513455,-201.08672117212518,157.70760488005575,-10.263049224065371,-1.8900935805031924,0.22475116274648888,-713.6627428332217,0.0,450.19496998721297
188,104.31039424827591,37.909642872017315,172.8964821031264,3.6205803834163115,128.20308447980554,-58.33385669756374,-11.418433431486255,-49.045316299564476,-58.588725418442046,670.7437895023232,-13.56153668326983,-36.434103774797315,6.184049466422321,59.47921451578298,-1.8766425843551127,301.57834189636844,-40.05879203782908,25.50107879211143,-31.31318902257038,61.439506627335376,-110.2050006471201,127.29830757478399,-175.15337827386855,11.467811762305374,108.2804947495259,-42.405446694034296,-0.026052224282883406,336.0979031179814,72.61374798717605,33.01566736020711,133.95247484582796,135.7459408345989,51.62121460051824,22.738644568725995,-77.71693092499386,122.1082960854763,0.5636748472054594,0.39101002739106633,-54.511722188713975,79.4125166393536,21.146605049199692,132.01410697322427,7.032059434394024,46.116538539808836,18.087906876962165,-6.863123585441213,111.15621165444709,-131.3661688811059,15.170810149010247,-70.03492537683759,-2.861641244817404,289.6248095836176,447.8039078144884,49.0416473477245,30.061821558535815,44.15337272543369,-0.009913961039528466,85.26592797700243,71.61225293911237,-1.738369210343116,-146.13340374968672,168.69290437326129,-45.05124746251078,-146.49266090497483,-20.831735884242196,-6.224659048708514,-167.80901362507132,38.78077734209926,-49.89653250858415,310.1913505382592,-11.295937895876955,-263.99057228793373,27.909988664795986,57.251882203404406,563.6474641115078,-3.4760697499739432,-17.616075435454178,-0.024545504271397067,-102.60241583157665,17.783658078949852,74.26580132420989,-10.755920053262063,-48.82128616378027,-18.692947446758296,-2.9138797133100915,208.42865626157734,0.0,-17.058673106538826,-0.7179922104231471,19.05331667711279,-212.42095845683787,-83.31634746800309,-8.711825565826716,-1.6255698828122833,1.6756483722546471,771.3216600653718,0.0,450.19496998721297
189,90.83744283827915,37.32228179935871,75.26459862980977,154.76220723156956,138.43453418381895,112.9912107986167,-16.00260973805927,66.74135558496235,-3.9853778195617764,-64.30648482785529,-14.7624235104468,-36.32820047285983,39.70240180386854,-44.90538831671586,-1.52640930443001,308.7712206114399,239.40755210928776,37.964187411919774,293.9704122051505,351.83550317525567,122.89168230522588,389.3543015808763,-65.88589408098784,17.657384647548906,22.5836191660678,109.40304107885207,0.037878660322085485,292.9592169915825,78.81521603548083,-16.747156596481798,-25.32626083009174,195.20926841049246,56.77428787660473,-40.27667783300328,-78.80271056283443,179.21231249008008,0.09283285697598102,71.51177439086547,942.7467614382301,-419.25041536380616,21.32066566250316,-24.62522774215213,-138.36195779229823,51.76489325968847,18.087906876962165,-6.072013601819543,114.51874158480196,-129.45921696661532,-6.024337466083405,206.4435245032044,-22.41321267206181,289.64573780234326,-103.58798371802658,-161.5002975714453,55.7702280978454,23.60408006730935,0.02365176460356956,528.4065483848366,-326.2091064886039,-0.24886942070469528,16.711598050272364,-195.37473149214955,-43.17322325453754,3.684904881891246,-22.983635080002202,-7.404412857550129,-168.8775083789762,-74.84182731328441,33.68402589049614,444.85346106702224,-12.470660041172726,98.42723035210916,68.73808334771371,17.041127481569365,234.44450051417505,-3.962559059933208,-19.117737471855623,0.03792899387038645,-32.28594439392056,30.417403693603212,72.26814975604015,-11.62603250309144,132.77116363980934,-21.004788864869607,-3.1572319970650593,197.87802290818968,0.0,-17.330854259178732,-1.8406353216742835,24.36478201439104,48.902134794931136,125.51587779421632,-9.655628612830656,-1.6432672230363314,-1.8733645208373553,1160.2854298495154,0.0,450.19496998721297
190,63.62496660084537,-115.41448199528311,77.41153978994141,-0.09904018655053994,143.02742657892045,196.5931165299371,180.54447637977918,31.80714952626458,52.576072630348314,670.3225850741317,-11.55092100831694,12.429977546060227,11.343157079341706,59.93255999347654,-1.87176233865318,72.3689922321691,491.544814779158,5.033116617061684,-126.6424486176002,-162.64290089999258,45.69535289541034,110.61428788880656,155.69308045600684,52.29867370409904,97.89383127047239,40.60924862569227,-0.029975787297284714,154.6687026102141,-107.97124347581898,27.440903834012353,75.91351594692897,101.13030800666348,30.59085031901499,108.97801560052945,86.84632093454474,43.82510181713217,-0.2137996720141322,86.1308373861312,-616.6808319329773,82.31802662662722,389.2581963220518,-69.75024340957475,77.40529472366042,-44.60753548755744,18.087906876962165,-8.88339965183537,29.575406231402397,-131.68102940773912,-14.715779113624519,19.50265651574626,-29.866113588030974,290.96859681342227,-25.375386951619937,62.18620856962442,-5.949122440656691,-31.468045192802578,-0.03489161202535545,214.75653866486107,-31.541695807922544,-2.4643526480053963,200.53996194553818,-85.3702397455393,-20.184425352911727,1.151659950611247,37.155499510745905,-8.462669415641004,-169.47451498680576,-88.87727997256957,103.19490803156185,256.57490752019834,-9.706374135250337,280.0255834473191,0.10315923552240323,97.19116568332225,-56.149561054273825,-3.9143082986041273,-22.15324955820236,-0.04508780508823723,-33.273783384963885,54.352124533530315,-27.429881803495647,-12.466392133459074,-47.79052422346979,-22.955106449327275,-3.6913113752722135,176.23516452336378,0.0,-15.727413265606756,-2.742750618689711,27.10420285954624,452.013564321154,-204.5692088572099,-10.610554232562224,-2.1319319164706307,-13.92919097150457,1212.8079775437807,0.0,-548.648692632041
191,52.536168798638464,40.38714523592905,-77.65026155156492,182.33471939266155,124.37151564349364,-36.435184581157,-72.32389769311357,62.134187368850455,-17.636168494906627,185.29999646276957,-8.61303253228331,-33.03780647692056,16.441120526683047,6.412464374860678,-1.8456468530372143,279.63392617340764,-27.495276964530767,5.074074919553112,-60.06945397941187,-71.93653664182429,-44.88142447026139,359.58015332601326,158.30755227960552,80.32724944802197,299.09553542178475,-85.59098952577081,-0.039031687506083206,440.8126107764547,40.906802115687846,-30.147915417287162,27.919932344828197,141.0772914722122,74.46644822828432,23.206837086749314,-77.1157329679388,153.34852791094153,0.6365888419269607,77.60209682901225,144.31768555598427,-292.7487499243724,-231.50551953469673,-15.318455005150886,64.85935778541354,10.431207627915,18.087906876962165,-7.965861939953649,72.5825744359171,201.9280526336879,14.48837013122281,163.9805567715443,-1.2749884727686203,291.3501345758624,-96.14967064482319,94.89776504549346,38.71440644891212,22.20586787878341,-0.021401432827076426,249.834714936427,-226.98548119997804,-1.8116815683793777,33.243014038263006,-23.07604123372193,105.60129698753038,223.76213756668815,-12.744768554462086,-4.661780003506274,-166.16777571837676,-73.03315381921924,-88.00560620460054,470.13778280838375,-6.393050071193865,-75.94047023050156,41.675532780181385,-94.96437384533422,541.4020499999299,-2.6138190224007296,-11.91449556395663,-0.04453798167670697,-30.522066780015813,0.4407588663914346,-82.67177887924069,-6.988997816857842,-45.46803949568451,-16.554127281525176,-1.985350249415911,180.13732977533942,0.0,-15.179381843556836,0.4401431795284916,26.486862673181456,-208.180336995483,-75.1970252440494,-7.395198439310166,-1.0530030609961674,-12.657874031574044,-749.5846631269476,0.0,-151.9749539214297
192,76.87754772774939,-19.023649699957826,-121.10061062631712,182.6257729231164,58.92838347617991,213.1499501194019,79.14469565177394,-1.1029026485584357,52.69079574818934,-76.18937306421773,-14.355079592696118,3.9065186121360815,16.239937124176933,60.85064609633311,-1.3673426294518365,53.5547134043934,217.22811546389784,35.4098454078324,31.7638040268909,295.6735714016793,355.9116476002831,44.3488759262498,-65.61464363225103,108.74921369616942,72.77592454366606,66.91361355561497,0.048906080818996306,-44.53436528308622,79.82801455609052,-13.514585028818136,78.30234531718519,63.908079848917296,42.33311943270868,-24.398992692866212,87.99938629129339,4.418720434185778,0.5811277190750154,114.94699822110742,-96.36744676806913,79.10440003943563,-2.0236654139352246,-67.9054902378695,-140.89230340955982,-38.92635092337918,18.087906876962165,-7.65161575497249,-33.672646469265175,-128.37746177448813,-22.52614914370465,276.31036615520736,-2.253653695196602,148.87757190360122,-52.078939837524224,-167.1299404110493,25.556103037496985,-29.675813838375646,0.032777539360695516,583.2706976990497,72.08799436595419,-0.764707516017108,206.44878201707797,26.41915067916908,-52.89650112356823,182.53755605959321,-15.726183975254399,-7.0568579262467654,-168.09332386226177,36.81993495808462,139.17090848943593,335.07677258472194,-12.055442143800088,-262.7857593257546,-10.99254323039442,30.385994186539005,-74.78670029612253,-3.807192065194279,-18.59339597692364,0.0580494984136693,-32.1479534055422,-21.146068537511844,-25.321912528407356,-11.32453041634209,11.805291670668167,-22.541719097774273,-3.075892908431574,182.28716865113685,0.0,-17.211869843316485,-1.4502787440597151,27.14191480540719,-211.4827541477566,-208.81439860899098,-9.439464809683857,-1.466762227506665,-15.683433283181055,1215.7525532776745,0.0,-549.3961434492277
193,99.75086985823633,37.4288968659434,-124.78736295172241,-47.71204454912189,29.58551927268875,24.95825720023036,170.89303317168165,47.46542331511422,65.75372262713188,671.1639310706364,-15.463116227242216,-3.455451536615509,-50.413635184155545,-48.744670566097405,-1.8810646570645373,388.6388260040279,362.821481479685,19.267212894920437,17.786826601894482,4.186596185116677,68.33528133368911,151.1017055564593,156.06271934493859,49.16461120813694,188.12569667412092,57.41910160663105,-0.038431933546507306,420.705565129294,-97.08970381840817,-22.130425868961265,114.88442717184711,74.41028587386977,29.87145390528693,-58.83653523825689,-78.67212745383141,221.70757170647155,0.03787216476621058,61.83588232682634,-253.721274860608,-419.8890221216393,686.4736839663489,75.1773026318138,151.1324137892025,-1.936868901507748,18.087906876962165,2.2967045679319225,-20.037886377795893,201.55318618507818,-26.043998436689485,158.69389873900872,-61.534022821676125,432.55759660041593,-77.22819905400848,147.40761729054503,5.540014929859202,-8.412320650005585,-0.046622918513541105,334.8484146263461,109.02154967798488,-2.0450860621991573,133.63309714120297,191.5228631234056,114.62240312398121,-144.6268765684725,-15.294590092330031,-4.439630863079275,-168.77022205586871,31.358029708429182,-118.80173537952706,279.26359732128896,-13.120385775059603,-264.45394275054775,-4.453692814220176,-147.8397948635451,433.14200130069327,-4.0692645716787315,-19.015352025298466,-0.06285679666300426,-32.59268307665782,51.42120687768849,-47.29026986210761,-11.598799070534064,-49.708521808390316,-18.334422374815553,-3.111205175288898,187.88699024009938,0.0,-17.591490744639067,-1.4688862434374235,22.40673749419527,-213.75678512576783,33.74000322841741,-9.68389483826225,-1.770679934190488,14.799721079746094,-765.609435969644,0.0,-549.2008843030835
194,73.54985797792034,37.868245978892176,-119.69336618018853,218.98423375554907,189.3754966004326,223.38836030270627,40.28748069662213,-43.07521688593947,-43.61599925609997,1045.8631254466197,-13.783479139098974,-36.56319565109473,16.389183907237655,58.54662875757029,-1.88924727775592,105.10391862304445,-124.1431005603095,18.58001014659885,-31.172571915243893,-107.28855196678894,101.49366499449825,324.9246709096793,155.7725196682741,21.125588468268365,-45.82327769181602,-69.5703895679763,-0.03669256046518973,271.4674592182587,106.4506561702219,-0.32407615755421315,92.83883235332448,77.67991975057252,27.3587589839789,22.563173792535245,-76.86423620293338,141.23941252860973,-0.676200318224021,46.36673382455549,144.3546448485406,-82.4436888759425,383.50610204417785,-27.17018541126183,1.4832946901417654,-23.77876051397901,18.087906876962165,-8.569034807539047,129.73488871529332,-70.46791203775462,-6.460847001979517,68.73570110613758,-12.329704681524586,288.3072466101377,-68.85342666304635,-123.1363103311962,-4.513678294958075,55.20209404342642,-0.03614872841944085,209.75351850214446,-56.51164885897299,0.673221176541631,138.1728936988573,-196.45317832127972,-13.755581082313261,426.43495412509,-20.382201700596802,-8.186531288171524,1327.7586688888666,-97.80081851407154,-38.90311921295525,387.46240119876956,-11.457314783963886,192.88921089669586,28.646739281639782,-122.67755379594158,557.1286007263726,-4.071618395746278,-21.76824173411117,-0.051817157248003454,109.60962003875098,-18.475331273966365,-83.71238926326224,-12.555409543445954,-49.04684064952518,-18.600980481712064,-3.5798558780396474,178.0365916503702,0.0,-17.460650036800367,-2.3593327694163064,19.060064139442503,-211.2670921643969,-207.9956263197615,-10.233130075381682,-2.0143217836069582,-18.29838880805947,1184.3793951861148,0.0,450.19496998721297
195,100.35289800359759,37.793296853784675,-119.77311214037304,20.238859861270736,144.05336544618308,266.6967318751464,166.3766762999353,16.416325685123144,-7.048477729222572,589.2854168881951,-13.898716162228352,-3.3397110306206907,29.461452772614255,50.65768970413844,-0.732387917797421,127.17170868503705,-157.58069415209923,24.872867160008994,-30.204335031393004,-136.51847510996302,185.6057303829818,95.61675307192702,-65.12303436758856,34.605310051584645,147.24848421596994,39.068966421065625,0.10949877801905333,97.08931403016753,6.697178043552353,-20.130208603510525,105.24541060612064,177.4969444842447,45.92371748550249,48.75491115203489,-78.02952640099615,54.11139138412226,0.8418174782179498,41.4924926534145,-652.4153770731708,-418.21960591984333,687.8404313733564,48.05688549634259,147.8142020409794,42.7222774278028,18.087906876962165,-6.373027405599953,167.8681490381928,-5.7022084061978955,-14.585840141822295,174.76769031932298,-38.7574506315974,258.90077324749154,-77.72158239827411,109.99825656616363,8.37958051635496,13.44463976825169,0.075818292212621,84.66304158153854,-323.72376264046534,-1.6653769178713258,198.3111444037269,161.63968701301158,24.399197998457026,283.96624324054403,-43.931027689364605,-5.750061737409174,829.8917335495851,28.239765604321242,-79.70736333668754,271.3549010428521,-11.647444121375017,104.15061501628179,33.8612800659443,134.95087379242653,311.2236581438888,-3.5901884564832725,-16.187609422249533,0.11187598337985288,395.3896772442254,54.57437339270651,-8.787273420107928,-10.079104899676159,11.972907316379617,-19.262181803029865,-2.6474580067296025,194.77383691567155,0.0,-17.106600382495138,-0.8450925446679767,25.7465264149737,-187.2424779814471,-71.74104481328982,-9.020346525417567,-1.4000282079521398,16.159567649646167,1111.2060977683414,0.0,450.19496998721297
196,124.90853662187818,37.68075989409961,-124.31146340255277,-5.864814782762561,172.77934509598757,19.213863190117547,-78.58411936919879,40.13042052226801,-57.21145080694448,173.33531126251998,19.329906789220995,10.973290177785962,13.470239515227842,-37.420663014229014,-1.8885739697157438,118.73185766409837,-211.32089564335703,42.47552152342764,96.25893114546741,-82.55479508496198,12.29808142409592,374.9540692456691,49.81093428881347,7.737967220849649,192.4153154306129,104.8273034812651,-0.0312370748618237,202.44531506623338,77.50676794201006,68.06158741992957,106.29038257569337,259.29681094716966,58.301616339160766,78.34164059221929,-77.4984400356173,166.25792302882877,-19.874191422051766,10.37445830921093,-55.43964754373589,267.26634339989425,-293.73757487095276,144.0407731923345,99.123621422945,39.621122302764974,18.087906876962165,-8.109480350248667,94.35718842012533,200.8557813565045,-9.300390205623438,174.8912163406003,-2.4871226783866676,288.7832555857991,424.606592939711,219.65292847790718,37.76095223272229,69.4003011918491,-0.012093596135448944,138.88658536099044,-27.80652144618805,-1.7745770368485712,-79.01318613381811,215.29115166609188,98.02962865768653,282.9658583045437,-53.58528697055829,-6.219339386433711,-167.10124211486124,82.36002792004511,3.537884927714054,319.01959007718125,-11.753703851470434,-73.01245047071399,15.156276517471955,-253.55344607290323,555.4773033652784,-3.4812821771750353,-16.215138652779217,-0.03016411022222404,-100.18221132730672,75.00018357858389,-82.71476167051775,-10.175547669769237,-24.899254478653248,-19.570419933424535,-2.672711928354481,193.77913813582308,0.0,82.98583557633296,-0.11540627612391052,26.110634585827366,120.14600970045001,-188.2239750649717,-8.066721711688723,-1.4826862933681786,165.72666236992654,-756.0256963225099,0.0,450.19496998721297
197,61.78464154184881,-115.53383486178794,-123.12786066813919,-76.70288257735955,-22.26483646053642,48.9386979436906,177.7523052996751,49.68984599308249,52.495022828462446,669.7764594261371,-11.071049524834873,53.805118686331056,36.733698934332104,-48.40010584747429,-1.9560365739674863,260.7456536905384,398.286658213647,40.245488942805565,32.6802809819032,197.36386793913962,208.61757591101568,178.19178326657007,156.83639716099725,61.70595119669471,-76.3247778988305,38.18178679776584,-0.0565897766822447,277.2331497549304,-2.6125061581297904,38.66637245891015,164.7940918778675,194.70472280709606,46.30570817386298,-208.98109374767756,88.47345910406312,21.426113765751836,-21.82896649205486,39.71371688714982,-55.60437268283668,79.95879530621303,-107.47662198424531,-43.742989272733695,5.762897486774702,2.62572614131816,18.087906876962165,-5.143175971380281,-36.356965828415774,-131.55206771822247,-8.119428386551519,129.07887861784704,-8.606532660759676,429.41668876895284,-25.128942107276174,13.211648432361145,3.61759289736242,-30.138821236112197,-0.0679772145362499,460.0292378417977,666.2505776832683,-1.3591369374604254,-147.52034563122598,-195.14778990910665,-45.32581824910421,-3.6011608998606284,-21.128351169797877,-4.593559776809117,-168.12960394993274,-89.62812433237517,-118.982534212458,35.49775703718054,-8.714176536376655,-263.6032805621207,4.502885509310663,-376.01327929849384,438.95004755764256,-3.492315256574318,-18.20947672747018,-0.0929609199825811,-31.633785759731975,55.38444989800392,60.02198139204701,-10.366406229429604,-47.198076953838196,-19.075539558402475,-3.0158247215328555,180.9787143213767,0.0,-16.52046387083505,0.2302209625481182,8.142034028249192,-213.19577664390476,155.16136097752832,-8.351509483058452,-1.6920143166882855,-16.50731004411764,-749.9995873067711,0.0,-549.1143214294391
198,113.71460214221551,37.530335807714046,-123.34687309938472,-105.39537053021859,47.62195221577872,86.04250202851306,166.3481336677998,52.07176166474378,99.25166565760776,-78.00738831969113,-15.489659967783188,-3.746712196764041,24.412460248027017,-47.9367282555783,-1.6724874483039227,244.74702491557713,580.5641537833977,37.931112276563,31.027624728402564,-14.636538471817161,67.7934496088545,254.64157362249338,-282.2077831515237,80.5365582245449,70.01806125541574,-27.16678332011509,-0.02328032363620852,261.3710933327189,-109.17603175156727,-39.26369636904018,-73.8884492594465,126.85059205564087,47.13015321914339,-51.56971230881717,-79.31429257822678,44.54897703658941,-0.22550054657230856,61.87916743479027,-453.98728321302497,-419.4014682738796,675.4434036374764,88.34919911023317,149.78107495096887,123.80064245939623,18.087906876962165,-8.081947027847697,130.44145572809782,-130.66299433601188,-23.06171804344328,240.29120665519886,-55.36998187719724,293.0624019859301,-103.6637809345321,-165.45352352412306,14.599781065224732,-31.165584044040436,-0.04515759133056317,153.00684280465987,269.49576675076105,-2.4114056595668654,-146.81845459835012,136.40264844348295,-44.36248064622565,178.7478148040538,38.54158495775345,-7.58336261917302,-168.96309765158395,78.58637347127677,-43.34821616654925,456.9053411071777,-13.167696840475557,-77.86475636870182,-35.011535455125156,-127.13171377804812,540.1156356990139,-4.2175243597300724,-18.80497540588686,-0.05577877612986332,-32.75048287244142,-21.49718300184585,-54.50881215344985,-12.409082098081507,-9.329910345826057,-20.66432977825076,-3.387783735809637,187.4591310289079,0.0,-17.633863908230243,-2.3114147051525995,19.94995458280747,121.50031258468107,7.92915905034684,-10.281116520768196,-1.9323826106013013,-6.0180165253855975,-736.0444170830688,0.0,-546.257024752816
199,64.83691221987803,-116.9715945118105,78.8184106422596,1.3552946715480214,69.29734291509456,79.42422561407682,6.968477542603181,29.26993967327777,-3.9810867859198273,-77.4889749683856,-15.631476917824703,93.31508224524167,0.6849027758763566,-44.768576818850434,-1.6559251474827736,149.16038070133794,515.7498982556766,1.2772724301558809,-62.29208437898923,89.72699236046698,307.54438835916574,230.171084168985,155.97419145813126,29.737567540907587,122.37133337592229,39.53563437654318,0.010557639036705296,133.43535623972545,-63.623103419380094,24.804794009627752,171.41331402943058,210.4270145288503,42.10718754676256,68.98221567962943,-78.49624642340505,62.14230895128865,0.7380112070536855,15.578839541314435,-251.95833971599995,-3.3108404622551286,16.120431548604554,-46.651916098007604,147.07900464148608,-46.54308357000698,18.087906876962165,28.512949109800278,36.28342900485526,186.2300929560575,-14.19763300409173,217.33725145709272,-9.928084359898635,291.2467368674656,-58.86514821239616,209.0275450601994,54.09897975639225,-18.241744379200593,0.020541282522064573,-40.31086453570951,530.5480112775506,2.7794787998612906,140.2200261247028,-186.5798848975936,91.41764529671794,-139.52580704057414,-55.28295545763902,-7.363343626455093,-168.87772373141752,-90.3449161577525,-7.444882946597183,402.73437090383123,-13.347041809301084,-263.5995543221036,45.10970577549067,-140.772172165897,527.3772557674924,-4.084416569238986,-17.774883509782843,0.02749360713529861,-32.39075227768637,44.60879124516407,53.16581806880473,-11.571320639100472,10.770320626936979,-23.05293043236704,-3.0643668323922575,187.0865899210487,0.0,-17.479922969362086,-1.098706694998298,23.19791641192982,-205.1915917618171,148.89426246929267,-9.176259626344931,-1.64117384654159,1.1507824589469715,-763.0137562184749,0.0,-547.172979826511
200,109.25420132182342,42.06524940640163,82.16126704620058,75.15919897751984,168.83119268156213,-42.33119398457867,150.3051100837753,85.5612856245768,54.821485900032854,-38.982326179541815,-5.069613858059194,-1.015126220912421,53.60921516473625,-48.507467758802576,-1.8246752435243385,75.9452460517506,164.05659438400713,15.808708170331652,-51.75690225604679,-120.68588830734234,54.08844392856257,208.6592517436,-61.21822263516776,152.0917878487893,299.8858776328942,287.43946303523813,-0.026283185191189273,416.0374487514592,-104.36582213546546,41.92591675903508,198.08433460097476,244.0740976286214,48.85642037398791,72.4379633830553,-74.89130907438873,107.9943125605172,3.518423515299665,46.55627940902275,543.7730675614298,82.99316926160604,684.3853582243942,97.91605114254001,-20.16439236475535,195.6845708582439,18.087906876962165,-3.96807061710354,94.26351951472208,202.6098802033646,-11.32272094254384,628.5523352992188,34.9906005118729,572.8031277316297,7.1273023825077795,349.21193392166515,34.53766731721089,-10.043910897010514,0.007901030111095478,23.65709026265825,121.47305675064112,-0.9468740623663497,78.24969705547265,-80.65115314505371,141.84785158662785,71.43207252839983,79.65976851572911,-2.2580777572352724,-166.65476282110853,-55.409065085172365,-78.16000722202006,448.17082148983314,-2.9847248269295545,-169.1585153942475,-2.7224120829056107,-31.95111813228691,571.6879107262772,-2.2034131078390526,316.94342908134354,-0.013408477234216787,-29.624870176469866,57.06828923248232,-51.990073688853386,-2.160270126389991,-42.92414149127206,-15.676346983041128,-0.6101467811630963,266.10561979050624,0.0,-13.356211166280383,2.4314009559088,23.043255217476325,450.214694285132,160.01998407375717,-5.759927349832013,-0.9900692615935661,-11.282283845384466,-772.9523550568796,0.0,-546.2176923316101
201,57.362916027304564,47.30000335907925,-107.06301222355891,262.6727751702993,197.75838725450447,-104.27771960208742,-95.71954358330541,-29.696034524933907,-55.088413357229875,-62.26613769011263,5.166120657163936,-32.96597945458135,-59.98274121892635,54.63434424613424,-1.565384809149056,137.51048891400222,-106.16119207226095,16.63744484060226,-46.12280530979972,-58.58744216255218,78.05621052080565,324.12784641017004,157.2915437563573,57.21952835067037,329.50703915227433,3.9965860732540195,0.005945286711113834,502.3697827978665,58.34221273172173,21.534243505505717,12.691091856923286,58.32462746324598,47.06743241489301,25.756089320631286,-78.83396082080512,135.45687661920172,-4.451672818014821,25.901688699184927,945.4917044609416,86.48128058949558,-279.8721509458347,-44.09396605605892,-229.61787885287544,-24.700415734824666,18.087906876962165,-8.583168413786561,-13.509362275235944,-108.17862725203652,30.398878957908046,170.2021651696375,-6.773098316291253,289.70261447777085,-20.849921949081153,-142.29819599092468,28.80872605273514,23.92133270307522,-0.0017993080304124132,29.70290100349129,71.57142118570127,-1.0255723648861848,140.71083603883568,-195.16383577894734,-29.109969920624394,-184.900653549444,-53.26665456550941,-7.582967856389509,-169.00235168424277,-85.59875041877153,-46.352869942097236,497.9284203949782,7.4847830776398565,339.6699681098775,-42.66394005465838,-154.76954267138672,576.4635013251235,-2.2779079494850314,-19.85867433707756,0.005767931727039044,-32.78549996526742,-14.268505407702758,-82.8480931333439,-7.740377472329546,-36.86651823219299,11.651334193582725,-3.354034472915128,166.86128593245152,0.0,-13.469254571547832,-1.955985416774019,25.84111171698951,-211.69770295663454,-202.46018581141888,-9.79847261187611,-1.7239537207671853,1.7779502367823627,781.105814588916,0.0,450.19496998721297
202,60.30699981905432,-89.10921389654283,75.26476000946866,134.92720353618773,161.2014825998187,-25.601301182189943,166.57019401259515,25.936991769132657,52.52624536240516,1045.539477569174,-15.967732644697058,-36.87206418476342,4.446069968587216,60.192177759294296,-1.7310040416246866,92.65837979781884,182.64956522221806,19.319056775033296,-88.76323286724663,179.3043402569,265.2837100973503,162.54731126013672,-66.4893366095767,37.77754457961862,169.8844929019311,38.96688752343186,0.013385687060012363,-45.37447082420555,-82.58768169190684,-33.734244832161274,105.35579190848634,27.3961072457268,23.78745611019075,16.728943851190408,87.21595340368428,26.67955043473947,0.23280604663364782,41.74288276752723,-53.97599615701389,-419.5420058081066,350.82866380587285,-71.45832123040965,73.33038544594056,-81.45453987628277,18.087906876962165,-7.039881607780188,202.81369180488923,-130.79996654519573,-23.554373662865448,162.16752714201107,-52.74520592029358,284.9922274591525,-104.5791736251685,-111.38216985750579,2.917878337661467,-27.428979953903355,-0.008172224287616178,83.4947957969535,245.0162381971793,-0.5118079643854054,195.67031885121722,-195.31095648483245,-44.99503430335991,-2.8034722418642763,-23.924517364413838,-8.423776370034608,830.6335132803016,-111.8667019471867,-41.428595938133604,328.31791783099044,-13.653076969558171,357.130489373416,2.3539907569783707,-213.64175976134584,548.8413392284103,-4.33256266684054,-21.302837579803338,-0.007011610779706856,394.76549559442174,47.96906794239126,-80.64408574865155,-12.995962857420077,10.465717906396112,-23.11030093392609,-3.5621754793066094,183.9097973149928,0.0,-17.89300046196641,-2.289316607203289,26.97251580275771,120.46382800923418,-85.10071895862816,-10.273297759659913,-1.8849750168547634,6.686963042756028,1208.4540319870277,0.0,-546.3414319934989
203,46.988686351602745,-112.36094665755985,-121.66885443524697,192.46005105426147,117.39280957854967,71.26087431672475,105.63958314253246,4.554692900696286,53.690456974674845,298.2865674280343,-13.70557742383558,-3.373916104847419,4.422973219867326,60.48577878814626,-1.6303783582709481,-51.43610440442383,306.30704978214425,-38.708433986528426,-123.48704843848019,-158.56099436977345,36.98400228189239,114.70099453923186,156.54282846693297,19.58888339382623,184.89184241403396,47.054722023222084,-0.0019690979415503533,164.41170888189976,-106.29430814512625,10.827859172951143,81.49893290805807,172.1850000495697,8.088320052897224,64.89088192537231,87.98363147622369,143.0199021882734,0.7021615070359463,33.838767079228845,48.09608350738163,79.26730925869322,-179.4181779626557,-75.22437483684617,-100.31829359439762,-57.888009452083864,18.087906876962165,-7.518566057788463,212.81679873621425,201.65994640078023,-11.39083539527342,291.79391697775407,-13.508632868913013,291.259344642386,-39.44643459258621,220.8371291248381,8.32499635187581,-10.541690635402269,-0.014799121441350989,209.6639574213618,-323.0664122959082,-1.9603136951475146,205.88444819841143,127.41570051152176,109.18820118148753,-131.49124778415927,-40.46365914664546,-6.651667336348096,-168.14675620579982,37.73646868922881,17.423681446819334,217.72046013262354,-11.420510582812279,282.02180189627535,42.03423556729026,-52.415907304545634,-70.88273535364918,-3.8056237939010304,-17.61166475222828,-0.012311048398342572,-32.024514651935085,54.80934890832504,-52.46785664059931,-10.904321974452728,-48.93969296656475,-22.399257795951108,-2.9856440807424436,154.10691355600977,0.0,-16.893710473536093,-1.2645412868722863,27.09848091096551,-211.8373073817775,-207.59951971757184,-9.317482660275077,-1.665156428126262,-17.281504915257624,1209.8797259968558,0.0,-548.155976823805
204,79.13888531551402,36.92756525163673,-121.84172716404996,87.30970269667262,-111.78140766924743,76.37827543033048,170.441506636589,70.44613527776175,54.07021445113966,-74.5972131323272,-15.566651658768071,-3.8350207836319212,51.37930127638255,50.77621609861406,-1.6066703280043848,78.89365994387957,322.663724125879,33.60715483016962,32.039923676656976,43.17893788021516,383.72352739996484,312.1277612667617,-66.19195383964653,26.609094272037098,-13.243801043720453,94.52474779603516,0.023325621673707442,-39.69969432991537,-109.5132329248879,25.39132139961025,-74.99273109561273,127.85884699711538,-15.020625444057186,225.24264145133665,85.67085840434594,7.08783347164002,0.3567380501120576,81.97415421670078,344.8230960955284,78.71860064693205,546.5468730959639,-56.27563829905338,4.607231502954273,1.16477355905226,18.087906876962165,-8.63297140636672,-0.3508664956728985,-130.173832965008,-22.906332656350624,130.5085377094177,9.545263862518137,289.1632525428232,-25.857853488394152,178.7392609568935,27.910058286760357,-31.296495070109867,0.014625020948671952,548.9138596533656,71.33027804236488,-2.5462604067805845,203.24188428583193,53.873673562685276,-39.20418126670016,425.85677765953744,38.07694724072849,-7.812401440084504,-169.14848450431913,48.19278682841308,-38.27416628627277,568.5143859389442,-13.260093136604615,-263.8094215129715,-67.42643433385699,-36.6246291101789,524.8166492557905,-4.035337433385449,-19.222459665571222,0.029075888581575227,-32.81296631507488,47.397769207633246,55.77556832893984,-12.321816239054101,67.71501281926082,-23.308709496315203,-3.3470029673614436,155.54445475367902,0.0,-17.64473660871912,-2.0144723155705426,23.016698662585913,-208.78629245921135,19.460943950744593,-9.861529296573364,-1.706205122597522,-15.316858901698781,1186.697134400814,0.0,-548.8903498658858
205,52.067935825545696,37.86102511484627,-122.92975287792885,31.140961219547517,5.514155173699728,88.2694304133755,23.150985485464187,-16.81869084513699,-57.17371798475373,-80.57178056924232,-13.756312932472081,-3.4351245777782586,10.921689901325534,30.187375722987124,-1.8581326703710093,320.75146868971143,-251.49494574972334,-26.357107397800345,93.375543521142,-74.82652275103631,-30.861395224304413,249.52997434535118,-65.60207772697896,28.95317764845325,44.9833732381026,44.186465237122306,-0.025869701164273392,144.54740300655047,77.52644189789648,-14.117836644946987,28.404438101398817,124.60575022755691,43.45063539026427,52.34607099606329,-78.33406883247454,103.66573906637817,0.06952534908967294,-13.060131168913536,343.6554330224375,79.18916618405792,-7.662528165453462,-18.37954146003799,-35.215446167541295,-25.040025760411122,-358.8471594452602,-7.34002583299357,104.06826521271742,198.92732882690413,-3.549077745216994,117.12755494311102,35.85632455801828,288.8796809163604,432.14569982159037,175.1679759405917,-10.260008640103855,59.37203007908092,-0.013802525595634059,85.38379610617642,-26.905263186427703,-1.9800615247697184,63.87280932518403,194.45635238322035,108.27064834016979,-206.7888095378978,-41.99338668170652,-7.231070584197324,-168.3889866997551,72.28651373680347,206.12088315324635,160.88199327279278,-11.465869376991108,-263.6720910675054,-30.992043076626715,145.20859187547802,356.9978474253121,-3.6422197106419074,-18.63133150889816,-0.02643842514893241,-31.88832544306012,-2.4757629353585595,48.01104635242763,-11.358441921154585,-48.928152124412335,-19.60802592221079,-3.1402768795447633,185.34089917075173,0.0,-17.177465835227558,-1.2244745479581232,19.94352376682273,-196.14076901993607,-78.17552975249524,-9.099877282540847,-1.7458414221571807,-17.114787327095918,1130.4123718671297,0.0,-478.77648182301846
206,54.13115294464717,-23.769123524260863,-106.8743158021658,229.1756939640175,1.5889382365054774,244.35965493853277,167.97448237893732,25.384382556176114,-42.0712269001733,-38.994895804468996,-15.047221367626445,31.785140403906407,31.35850404352836,59.626537571249436,-1.6701254176393916,266.5481950145684,57.83257651520188,22.388918403366525,41.22951459022749,315.2405506343976,81.76589212749474,448.3624027448598,-66.1796827006396,37.57269726831162,3.100968099770898,219.69271852065867,0.026933894541743716,237.39017773416782,-27.889362076804336,-13.346634030774387,136.35096075819888,180.53686173101227,35.51176199897449,15.818297439158474,87.22042977255386,210.8104923206824,0.30177088414643816,59.65897758237422,443.3649457341832,-155.53139143749138,576.0595624423282,-78.02343916413227,-238.58484933550375,-34.37576688740973,18.087906876962165,-8.143781120561622,13.628092891177907,-130.76987795970948,-22.986771078295256,119.07732601449474,-22.5557888156348,288.9463265043259,-50.505674554651904,221.13753364574262,-0.8360171685209763,-31.040354484536255,0.012833017927580796,-40.552235916237535,71.29849871161802,-2.013627106836712,270.14004670959173,25.863124182212808,-44.28496680185064,-92.50785900281439,49.0938450373214,-7.920648222327765,-168.826834151894,28.28126889902627,100.60900304680256,581.8345044641678,-12.738424568110611,202.11481356962196,47.2522218338714,129.724768692649,456.46093140296534,-3.9473717386857023,-18.82982733773353,0.027256594850554372,-32.86385605492945,18.470877726020255,119.71010603473444,-12.28015444899463,0.3335944319504384,-23.444029586648536,-3.3783360992538114,137.01463181191113,0.0,-17.550627500252297,-2.2810029138223333,11.828105592720705,-209.72844000531464,138.81906350899644,-10.100439936261425,-1.7014368767543144,-15.657931860272898,1165.3997947874327,0.0,-233.41109195433432
207,58.287433260483276,-116.87935962907302,-119.80256056439949,2.795744630180154,-5.509946590333474,-8.970625755543427,1.8108662275117382,90.3249895203069,82.32148342505116,1048.7576903343759,-15.23791596542609,73.26207790303056,-48.25550187427323,59.69717296091421,-1.2220707495118872,-63.802000124768945,-48.27113899287983,-1.578907991546169,-81.0599136342578,-4.108709123860372,204.45082282397317,224.57954542697112,-66.01111385690281,32.60619730257572,-50.93144323265916,18.646556883851297,-0.015405306922527756,248.2346694539195,-13.499416424595402,6.063420063674432,116.35166887147653,190.26452909059446,45.292723970020475,-19.514248705669424,-78.36546026552718,92.32216733039247,0.5368119670689824,20.890186324555238,427.6353784242494,-65.28516452933124,683.2030837613015,-95.98316073403952,-172.93762131066418,-11.948486663724108,18.087906876962165,-8.622237393622031,-76.47488477599796,201.42165282752612,-26.91877819200893,210.6633826204254,-7.675042953666746,289.6853679395751,-66.63931413000286,244.40116968782633,-10.367812759938523,17.626869914836178,-0.00496639126315893,369.16455237180423,-327.7233606014362,-2.5418785768164747,135.66360014273866,12.751170261194513,93.41705217617921,-133.84749576983634,-56.30093490487445,-7.360253887367209,1327.958778268072,22.617881161350574,132.37881559559403,241.47478953864788,-12.944511197592538,-202.91832193877943,1.4232787770546633,66.258173975656,235.19015966831145,-4.009303504442702,-19.46229842907304,-0.010448180107439142,110.68052232414774,55.09678321748473,-27.401139409949977,-11.896423659052395,10.995375940940276,-22.694601756147073,-3.2149175027854553,197.32874530222972,0.0,-17.520235086911036,-1.4313038043821669,25.95424019061733,-72.35847915578145,-83.20727882174067,-9.457388826897686,-2.0051981030031576,0.056104905924695844,1210.7312481097388,0.0,450.19496998721297
208,45.0205148365778,38.56187298502891,82.05625413147781,-69.34699543316817,111.06615931325379,8.045203051024757,-87.88571623335498,8.284179506177086,-49.90639952336545,-44.592250442076505,-12.294357068122537,-36.32577006009401,-25.817582992660213,-39.080593539016704,-1.9303389028629054,226.22423862656018,-197.01053441991394,-5.205161987393077,-30.62225866757613,-70.43323116362416,66.63782490216906,297.1241732354635,47.99748799701901,32.25157334828697,224.6238741298349,38.49382776923952,-0.04416821689518725,10.699683139897733,71.19463252946066,-13.719299218612884,-3.3999362037349243,209.3266160165224,39.73923891162028,22.775796617043,-77.95927892566347,129.34143393612507,-2.932625836260597,16.411876670331605,-53.78746914761244,-135.27209568008604,-245.69513491090996,-8.56185221447316,8.225531989202706,-45.07743367766174,18.087906876962165,-8.214778765904814,60.40389569491845,-110.3583065334077,-0.8588947405081345,132.3222247606563,11.042565979699788,288.75796286170856,318.1272862031203,-153.61912509476443,10.19503474082758,30.963581281641503,-0.03789771184671567,271.4504941527679,-99.62286381123093,-1.2060627550050897,-137.9616345766232,25.67504593764315,-29.77740151381987,-143.0825034474238,-44.859658600330576,-7.424617191262856,-168.39510616667894,-36.08471458818833,-36.00732636752161,274.9186411664513,-9.991477669791417,93.99331869152601,0.9181766204847686,19.628672959551576,535.0684502719854,-3.735332532270991,-20.01779260882354,-0.05966134833032172,-102.1051104070164,18.097131374294133,-83.43336571112654,-11.475166526903669,-47.81245917263467,-15.984103465368184,-3.2998919775671327,210.75961180385366,0.0,-16.959679593897214,-1.674651993952543,25.48027526140993,-208.56484992072285,-201.70112544105382,-9.525844136534907,-1.8641291453701736,-17.155972875693593,-734.6449472359377,0.0,450.19496998721297
209,50.86070319201651,-110.06986607391543,-123.0986141053778,24.648905308800558,125.32138118653468,82.53113398452408,180.70369949178982,6.636727885781494,76.809934173138,-76.9286517847797,-15.088223934831491,-3.691692217618,49.78777308742426,-38.07530824135435,-1.8194394125435074,204.80496459554428,66.11071529121315,21.37189679410441,13.251927975673265,-136.76810565097477,-25.019511998974888,385.2670169714646,-65.80666830521054,6.940463690187296,47.969191136136814,-81.10098623785804,-0.012600374566162557,114.57461687200541,-103.50780246272387,-22.793275687124225,-49.43435634848194,190.8111124487447,49.921124820457536,-32.15421858015878,-78.81782323011849,82.31378685587093,0.02066098322530478,76.37251803944403,404.7407216094822,-169.42194650582454,616.3727672868432,-60.71881046494398,-31.43852054227651,-25.251961496941274,18.087906876962165,-3.2175353680313665,-32.883424959144456,-131.57562911222792,-14.930368314263117,89.68558509447169,4.714351110615743,292.84529383154575,-50.86351031570962,-116.01007261192404,-8.484571312474399,-29.307273967860056,-0.011123389749772495,272.3028417874543,268.35885995122123,-0.7968535821535143,-68.89268265701267,25.45284750082558,-44.72276903813027,-121.3734879972319,-53.486648291940945,-7.966364705564553,-168.5796896798515,-38.18152272037536,-143.553472723354,490.27380570842286,-12.84007597637121,-188.26853221988083,30.483134195596406,171.78542534697658,542.9727140694059,-4.1800792575820775,-17.156691605175443,-0.014644757978410083,-32.59569861973544,53.60351397407907,-51.21032795526734,-12.240475696913798,71.67464947000408,-23.53097206581439,-3.3544009360005402,160.42310056915227,0.0,-17.371799773947323,-2.1172130650375838,18.421185300834892,-208.36355386055075,-32.83980001633785,-10.00463493947821,-1.881148846824683,3.053156249095992,222.64928938432496,0.0,-503.06895612363314
210,71.79041449789084,-53.95133348516018,-114.24616749077813,64.40962581677894,103.16489272204925,36.18693064388643,186.70771771874703,2.3441665112677263,-52.698551164300895,58.02799363225556,14.581436132846216,1.7578588716720163,54.90611782302748,-47.59173631419042,-1.594407957782206,288.4216077153291,58.18083655676977,84.51301079848122,41.827768351399946,-121.38728883356688,87.13338134685372,381.85422453085437,-63.00462034924073,49.13893952153578,207.6266212328729,38.9949451957353,-0.007261615603019898,492.9325475139698,-106.6937208836027,43.45746748704016,16.215181094245445,220.91077613452975,8.942631403688468,8.573693853457904,85.92804061120296,72.56734934525292,-41.535611961938685,117.66914420506993,-646.9457866957146,89.96233021130753,263.81930219367416,-32.856705807939534,23.670547479049876,-33.05476530715951,18.087906876962165,37.49529892589863,131.5781351194997,200.71307731603187,6.109848778595182,99.99910341042421,20.121865168766572,292.0121960925308,-24.146861877939088,179.84259070767416,69.76004877674202,-11.095145707862399,-0.019704402882841386,93.61788307431507,120.42907076664282,-1.6595795994844413,177.4121137639514,25.214965789041344,114.70785539427042,389.1529375828801,-46.061048154498415,-7.721471141441327,-168.48691539419667,-51.847963077804096,-78.21318908567213,296.8694129857795,16.913402382395244,103.39751144146244,33.929905482322866,-90.69959028548676,560.4028436299292,-0.9385369438269624,-19.42634912101855,-0.018777919261640477,-32.56355065075842,56.33468581138335,-59.16783352114663,-5.623742269887604,-31.35992767613576,114.03969863371063,-3.357372113010559,196.30280814154023,0.0,-11.600630034831557,-2.1382267839671263,15.60645247225051,-209.81975248023014,19.70678907254206,-9.95322007516466,-1.835424032415858,20.938550365936727,-758.5047142137214,0.0,450.19496998721297
211,84.57078545193751,36.92983055929535,-124.56126706555588,-35.639905016777284,-42.79409676733812,13.884624177969506,69.1291883853118,20.408095104628526,-58.27715614973364,-77.3379010850822,-15.594174879833446,-3.9491505981097856,68.51861049080462,-49.28260981335228,-1.793301518030724,234.60493658048298,-145.10833306219862,39.662697546156146,-17.22681053070377,191.9361639137174,21.524943930390712,326.0683943078212,-66.5535055464686,84.01767723418483,107.94760322113204,97.98182221387171,-0.016359868837834843,262.13082928797127,60.2026339769694,-12.12899714346578,11.047141440504593,175.56151973794644,24.19154898736113,-132.26208582248915,-79.53816589479112,313.7213251668368,-22.489242725631325,4.546574551777807,343.5339765172647,-340.70486688530724,-300.70004053720623,-15.728965851256351,-28.274065395399333,45.50775303480635,18.087906876962165,-5.576093147016758,43.64815474735591,-131.39558281843497,-2.3512273511186716,285.315969021231,-29.99761697140128,430.54319027017146,-69.85834349079524,-106.0398884542684,35.02833987350639,4.459052491025936,-0.033302452653831485,21.852284499021245,-262.99219895406134,-0.2039387794663025,133.56179454533043,25.860082995057912,-11.512824563550764,150.00844717703924,-24.495410995215156,-8.207313160884299,-169.2693751528056,81.89574670863087,-44.42514893078395,332.51151483220076,-13.255562521283537,42.50643120678505,11.423847634327709,-177.41325703400176,259.201317360907,-4.2864363133540895,-21.71632892217063,-0.039908711256956664,-33.13569615622147,-21.747633446788658,74.10372914579628,-13.02559931115766,10.764127753982088,-22.603640280939015,-3.6113865603727886,200.4861841532554,0.0,-17.847365639300712,-2.5335987906863116,23.105539338451,-177.8385351573368,158.31047573290712,-10.380406039771964,-1.9459722952848386,-0.992073195693113,-771.8390485252542,0.0,450.19496998721297
212,108.08798440111234,37.3724265659032,-118.23437891258932,134.30964429739322,-28.943430393490544,279.2972418871468,48.02161847910791,29.426842596940304,-48.31521851727368,431.9833678743378,-14.654838226042157,-36.89055830275517,-5.003824036833347,-48.011924386440704,-1.8496166018813638,22.44460764305711,-104.57771593619314,11.097496530185225,127.01295257024533,205.80992470708355,189.08365166466706,403.19964917568467,-65.71488067342982,22.298336981332852,32.1523049838445,19.122609127796146,-0.021735600140707842,561.2142531002778,48.64504478775158,33.04308449559566,-127.37488792902376,182.51401858728016,13.987424446069936,17.857123626503277,-78.623590189214,335.19110411481114,0.42415601113581847,90.98456798748386,545.2620174168958,79.11808782472612,417.9501323244122,113.33284297962253,3.591829251996399,63.17540093451482,18.087906876962165,-7.279193766683438,36.25020017771523,-129.04738530414994,-22.290747463298125,84.67063900091657,24.09356569074105,290.0221158156244,-25.58590061572686,-166.66298001641823,75.37463724036871,6.391841527987766,-0.007226763414904643,209.71763200725965,72.56675298285452,0.685193433047221,88.14208098205825,98.3820076668498,-42.34271307651292,710.2773420919702,-52.91501437112822,-7.2599177806448525,830.0498684868749,100.08764100445848,36.51660352537589,517.1212468068404,-12.370370508046642,822.5813021096001,14.791673306879769,67.8724144372874,246.46528785756132,-3.7435346076071943,-18.57800281913769,-0.017788009766300003,395.20368665654115,5.390650643684113,-82.34710083795558,-11.345063472486475,72.27160434963167,-20.803441086710485,-3.067969679594289,199.02761879910273,0.0,-17.24173293748099,-1.7205061448582846,23.012840125477716,445.5419054019224,149.50796470157363,-9.541466600290692,-1.692781540611044,-13.644929341357717,-767.1402788622173,0.0,450.19496998721297
213,70.28370505685793,-114.68730745566494,475.0268418207121,59.11130474596538,151.8977821586712,65.45254280070569,250.57631282917407,-2.605611078505113,52.083409632583574,-75.97984743058424,-14.567424471811218,-3.6064709526367107,-2.4607094280699218,60.03919180027741,-1.7634585616971277,178.133479743826,427.2414177600448,-4.883129995989272,32.97445999721263,102.25110900341926,331.59664135601986,138.67581728786905,-66.0731106963421,86.33083873855708,-77.83754762145773,64.30191834471522,-0.005296460623108943,-42.4370850551121,-109.71461062605431,-50.21397741221309,-125.88332682817743,87.95159790667911,-5.1870805869149175,265.63403174903715,87.31196976392096,20.67701907552353,-0.16861347364228893,49.94319833746572,46.25405533499956,-403.8124815039232,683.102278036644,-91.35865942951189,-209.01831531800698,-21.162398386865917,18.087906876962165,-8.878524900737055,106.51067980810089,-130.94236248182003,-22.44164076626528,170.51772382217408,-67.69005921661801,147.5220125850364,-76.2920780251642,105.07055754289959,42.42883746839158,-31.473935389879113,-0.006361574274880786,396.7990993718223,109.74004083154664,-2.5896298576694003,96.56454359947175,25.484734807170646,-43.8747535111922,141.12215471650174,34.77507146095166,-7.802933920489297,-169.23482257975184,16.93576019334138,145.85176743366665,300.9645770097908,-12.254708017366506,-263.0111010629123,-38.39708174895754,-88.33935620519175,233.62932090982622,-4.107304628686285,-20.234171248077203,-0.006062137205440521,-32.77775942808032,54.761853326856354,-27.243825078331323,-12.310980102730428,71.95858441945819,-20.597785514107397,-3.4271896792184013,181.1656282131728,0.0,-17.507373413399648,-2.1594521719678417,27.019123354517703,-206.43069121004342,-205.40949951182344,-10.094130153619476,-1.801643642556867,15.2933577487391,1212.3927666501138,0.0,-546.7155041306646
214,85.77156317147087,41.78320809510957,-119.04920460872438,71.9805153882024,138.30385446727576,-91.9784496092023,-101.66225695682591,54.06674664373069,54.68471581716801,456.34311009872965,-5.827159253735684,-34.63759047338051,6.836073101936794,-44.695456326747745,-1.8749754909316985,423.73200170040457,-112.14711498363916,10.23017095636841,38.62115453077858,-120.64571141675162,-73.71291068775244,315.4990915315069,-62.36733787610316,43.18168949495309,247.95877507877103,50.00751951399082,-0.0367533843632933,403.144752528108,-108.25132242978627,42.05058105602358,-19.658239584410765,243.82900377721276,32.241914097037764,-150.34379479248238,-76.20453026194902,62.31414185152973,-0.16814552585268996,61.486187136651786,442.35084728666527,79.10734488516644,-5.109483910944884,116.02083794551108,-326.1709249610725,30.132962384971464,18.087906876962165,-7.7460743519016795,-104.37064068104505,201.96682271671807,-2.7156255273118437,218.2274967462328,-10.18525541589958,438.13677611577907,-23.629605228797555,228.30263517622626,35.61995885540586,-11.321710956373698,-0.022713834665335476,414.3328261164408,124.00677327909025,-2.245379177223546,-128.96351557577765,202.11854414956295,104.1104274269467,-26.768118195629445,-45.27707854241638,-2.94214673654699,828.416388272276,49.79608067084674,-86.48160487589354,430.7141054184628,-3.5488074501510067,434.9235460456075,24.176147778050836,-213.46597169048965,568.5974966235253,-2.4160443178665236,-10.447747266194446,-0.04194233420049248,395.83326889757467,56.35178110050988,-82.27865408591062,-5.918695601852168,76.12260019251183,-3.14633447143632,-1.8761002891573142,156.93614672057558,0.0,-14.511069998351834,1.3615957088633488,22.375128261737963,188.87206804919893,139.78833894821233,-6.336786006845651,-1.6594146330076425,-9.905111079159479,-723.0182670376041,0.0,450.19496998721297
215,51.25162029107691,47.321249734024605,-113.59224927594164,83.33524304450656,150.13981693168063,-14.479425904694288,-87.98606210725315,18.47095594162351,-56.94257413198412,54.16888023512166,5.189264060415061,-32.78974205101229,3.4527658197230906,-45.17042009738275,-1.9240375943021113,308.9857012845443,-111.404220284609,30.925340180039957,-13.785312756252308,-119.56038360764694,-129.32916788704156,297.06500349144005,158.9843493164144,78.01166484814105,397.6056602250924,-26.05255622705008,-0.04503156526115238,546.7791537791593,-26.382398755026127,31.24215085636834,45.33071260469672,93.0137694417091,39.20995602896393,20.460567295920935,-77.93285198281883,147.52788442095707,-1.025753821604068,118.23709165492525,144.4592447125004,86.67569543183228,-272.7082974791795,-31.183348534443084,-94.58582057969748,6.264232871357506,18.087906876962165,2.975276378971145,146.0014871768252,201.58819037011742,5.354032145683193,213.81995441340646,-4.7560603465814495,288.7772957118485,-47.28627241601927,90.55511425154232,52.45400184439605,-11.955984615935927,-0.04708983649287241,212.45137264379775,128.8115856241549,-1.612251959134691,-121.14962891410495,-193.9628582621729,95.56510485394573,-133.8473414613384,-45.10281271623474,-5.294935038086523,-167.4807438034885,-85.201840779033,-116.43255426912818,350.6599731983573,7.527275829053522,-260.13491291181657,26.41346981790968,-17.48524496214168,576.5930892816381,-2.224992166546526,-16.84678638720452,-0.06629241300707628,-31.780329707284743,18.7377513369999,-83.07439443911176,-6.126467540132094,-37.02203953924406,-7.2667464592254545,-2.796095317694908,206.98816567867556,0.0,-12.70970782450799,-0.5873156586571602,26.84071834119704,-209.8756289464769,-193.75090205673862,-8.465258183832567,-1.8992821645316045,-3.3724718348011606,-750.2610030812186,0.0,450.19496998721297
216,111.80501660014872,45.676501095772714,-115.12264763572907,22.062726452541707,131.6397113773162,51.83546014523747,264.3199506728097,41.005332105848325,57.89031658134838,52.71890193420245,2.578984097078949,-31.42827072090369,-1.971204557686898,-46.87148776033183,-1.819674657877562,299.1718688606647,283.5466565919487,38.30511784398684,51.28159016231864,-89.36592605653144,15.490794151856534,320.261966416716,-55.5480692335879,42.650140963747425,221.1067480189381,55.2446462858563,-0.03495450699668401,271.18016224337356,-104.72907719786299,46.10885645453375,121.0895617318707,268.2697826488476,25.448754020406135,-176.1415769582357,-63.40870445331709,97.09730875907525,12.346496581797552,94.83617159888915,144.5768830941269,88.50332655732782,371.9353683000079,107.9149000419851,37.923669992061356,171.43711341973173,18.087906876962165,-4.239820162950709,83.13962082176334,204.08068644430853,6.439602955560025,233.98749402414973,11.57981208370896,462.16799868500726,-47.139741760868205,210.58734164514217,43.836906234271446,-26.82133652357339,-0.00417304464186146,95.8922429773269,256.25763918752966,-1.042212108984236,203.95740789717254,190.64442436211073,113.41613831603851,10.12922825763575,-32.196879123207864,14.482198685752902,-163.81639950085892,64.66488970057232,-65.92888031968077,445.59190306578415,4.237778552061907,465.2643679994043,28.83232987646312,-93.08352684322473,601.387780518534,1.3729105768506962,24.293753922807223,-0.031169677926450035,-12.67529385519316,59.41841414366327,-45.486020391207866,10.526285560638096,-37.5007704540027,-12.14316277823315,2.517853179544462,204.3973761097945,0.0,-7.840989723800544,16.09603783062758,25.187638591197878,-203.11949025984845,-97.42653030207596,7.85366062217828,-0.4198368207057683,3.2122020654244334,-758.9673700857079,0.0,-544.0621146296553
217,58.1673559348613,37.515839123809116,-122.20655236026528,200.52079371236857,183.2013160628276,211.1600840721647,-62.380777838621434,-0.7840368879100997,-55.61960673531782,249.57863959119348,-14.06517271778974,-35.64082646707167,16.559692842097615,-48.03075465842428,-1.9328018161382277,109.31859013782314,-75.33562991520219,-25.574223981010395,-85.66031202629532,-212.98206132504333,24.05230475668514,276.8163660806577,155.74373412251256,97.27590424416294,-21.570626787251683,-61.252318445628006,-0.04579509495293598,192.1412898054378,-24.260083223136267,-34.68552264793132,108.54089873813236,176.5015166646584,49.5890862678406,52.50329098646749,-79.31605326113095,90.19653149993239,-0.3579589231630799,26.221573455919224,-56.38645640944857,-174.1691794796048,-9.349272711717754,-13.02967543302989,-0.9737117348508662,10.429719412838,18.087906876962165,205.81778042816848,28.999162832790446,198.48279981105813,-7.3944009892842235,214.70355543290052,-24.39295967581238,289.0706084215124,-52.7635059913464,175.79363812940375,9.66661731427843,-9.712932289781227,-0.04329612672303771,23.84726283116396,-315.5164920904723,-1.36771308806379,138.389867123863,110.34349076988231,149.55906147825527,137.77376378208518,50.336835152231316,-8.090738744858879,-168.82128706536704,90.08568281547238,-10.904722952030275,195.4389798092057,-12.623866335891956,-263.8780473979457,19.243975095327006,-98.82244967709735,556.5749062360361,-4.21066785779017,-20.797533463216695,-0.06448833645590388,-32.86470117963765,-0.34052175122603706,10.284303991103926,-12.58227297447235,-49.18347755414327,-20.144343236135306,-3.498018041846092,250.96121902368498,0.0,-14.986893167419732,-2.3852611472840115,26.95224537666341,370.53738533080286,-82.7433406470547,-10.22484364619591,-2.007039003609148,-13.176545446698718,-760.5587426914747,0.0,-475.91287553285883
218,135.22237860353005,38.91809356103083,-123.03962351141529,8.276452315004235,27.04019029897566,60.35460367946818,84.835601505004,117.91321088153471,-54.71031893634777,176.00167075191035,21.587769544878157,109.67742376229307,9.551599508928534,31.31667449164236,-1.5886699876618684,-6.914258357261922,63.07772488254467,41.83139410836239,28.857749559044727,-76.45703100571775,27.739762851426384,159.33670770263865,-65.00768512752143,30.82175232177069,-37.60156889920578,-73.02322137455947,-0.023629274121712895,370.7878679332692,-109.94655191795293,91.90719054113268,-15.987263946354439,337.48574661340416,75.74214959300933,27.280484947262238,87.25999240877138,73.33729836070151,-0.04500682354346264,51.06235914333562,-553.7513317468787,267.20731955527754,382.3339296146819,43.82811156353718,122.13805616167933,94.89675993435714,18.087906876962165,-8.713659195157508,2.623246582001639,190.71003929130976,-23.487042887590356,119.69131266840948,-8.131035223840325,430.5080798190679,-25.701237387751988,476.47772284494346,7.318185917025242,-31.307061313181784,-0.04221947100520543,270.46506960213236,270.1725252338224,-2.616347854200161,-146.15937920717016,162.53898408963474,100.7544603957353,64.61340099354581,-16.82620582726644,-8.089366297679662,-169.21701522325552,111.55032664895666,-67.4896793988012,424.32156611182285,-9.399305793086725,-264.23445009969817,-5.669789933122325,-45.78725866593048,550.761179103494,-3.7828989876846557,-20.433766597838027,-0.050704837173702166,-32.801835592891344,-1.4398485351549708,-54.82309283057215,-11.503486734573865,-23.535510447764533,-20.481512643594545,-3.3703409180538673,221.15027231001602,0.0,83.11137250239602,-2.2097584510625827,19.926671215588858,452.63926900772714,32.27279951391911,-10.06605680379103,-1.9486113297504364,198.4961413751288,-758.373792007412,0.0,-543.4206920982938
219,101.25505508023208,-59.5769134261692,-124.36150592913036,116.8156708413583,-7.544335301052567,48.26575115838937,145.12464397620923,50.906367599247176,52.09134264993051,670.3706667166215,-14.207046065778334,60.264166466878024,96.59143572132021,60.25747041482105,-1.6685080758620925,173.7354168387805,328.9726148816511,15.204872723646778,30.57135350993789,259.2411055097523,139.1167789971858,239.87571276645184,-66.01176494775582,115.52124890682974,-115.73439212543376,45.7696195583849,-0.010344870835028675,109.5180384527307,-108.63749920137157,-35.624884593543314,103.17265501031603,287.1873155037854,67.69585810096072,94.19084123725263,87.40165050147993,-48.35512803004757,0.30395558059200756,81.50714364534379,-653.9012050954798,-289.3718421535604,660.4584384331986,81.31538449470644,149.8740855063865,-76.04599760618605,18.087906876962165,-7.7773456626121,58.43791840403509,-130.9516927250778,-23.20188973148715,25.379197781443974,-38.28317552209158,430.91443898513614,-64.48110138074794,179.86990447329038,3.523358692162725,-31.000696665678017,-0.033866478334428525,-35.185870776887,-180.81762444104692,-2.424401779470163,131.62428771812685,41.48811541679018,-44.65017094529216,-146.21065686562096,-23.285067033142838,-7.559168357920926,-169.2021350524131,21.958616975615126,65.89443772445162,419.679306729023,-11.86467419866006,-262.9029235216932,-2.7299006743988907,-77.55562185669703,-72.68696811850359,-3.9852114588600633,-20.263720968520985,-0.037840215248288345,-32.93911501975135,52.205914450980224,59.19444565949598,-12.020078868504426,-48.75933472632438,-22.97946253892909,-3.3518101561414397,193.3703901845946,0.0,-17.415829931400115,-1.9644397220305043,26.47863371015813,-209.8898860162232,-69.79212458856108,-9.935651583788301,-1.7114050490372543,15.158327226106353,1199.2433528016554,0.0,-548.9590688099107
220,62.56429457979649,37.44447851271787,-124.71058368102044,97.37362535477511,99.28367080226353,97.13262227382238,35.91655606928184,5.528182022942622,-57.808086623549634,421.2639938973732,-14.768142939124765,7.2712628626569416,9.584530020871178,-42.03774530318747,-1.8792199092035227,252.76093475327374,272.69323595855616,27.297694283263436,28.460627035641405,-3.7310427493018494,37.74700922689277,195.89606814315832,-66.31415829725243,43.61816960384624,176.22107075912555,-225.98340739000034,-0.03197996668279369,382.4955906136987,-18.439104361664906,50.46782516002828,-67.4860684884096,166.17719054508248,45.27264760491108,56.80342216397581,-78.76665201481133,248.28694202287127,0.07392477538970581,77.69657504106975,348.2708865999665,78.50763431324337,351.1927499030026,-46.37028047274936,216.87054468060043,15.85435625746864,18.087906876962165,19.68473085437826,67.55723934486836,-131.59334160681115,-15.126846719202357,-34.82861916944197,-11.57518736149232,288.48089587350586,-25.817963565955736,-169.8149644882878,31.25794078223106,-24.678860784926666,-0.036872393053194084,54.75192592374265,-295.24756055524637,5.676782985776165,132.94244397593926,28.823782447735034,-44.83741350836904,423.4357319272713,-23.92473108631072,-7.218655779667566,830.1306416848607,42.100526671718484,28.019493682521418,323.91728676687427,-12.434121747986149,99.91530904380093,14.93943101059803,148.40684787211075,261.67716469256214,-4.154075724626603,-21.508997549849187,-0.04990294266217149,394.8903975448839,-20.48939709396639,32.67977152061293,-12.649631949810244,-0.10946350023781487,-23.286706247484506,-3.5352255179873566,202.69498373928872,0.0,-17.658884638369592,-2.345309271916249,25.663746858996912,-214.42170527737701,-87.29130636196754,-10.360625784176113,-1.9835039848078837,-15.048308182397605,-738.2224465110282,0.0,-549.4883011501037
221,60.99536512792388,43.89902573317972,-117.80086335681808,-11.950671308961727,98.70856946224264,-68.68209661757108,32.951797935984864,24.25416914189939,-57.14517159434254,-71.67668216824507,-1.821304757580414,-33.965644012369296,-6.783915043069432,-46.30339735731187,-1.5769924838518523,237.62423892167976,329.1246776719035,4.159128438633669,4.342893475900423,-59.88269303611901,-83.45849590622198,275.1707656565537,159.24318671427156,54.039408499340006,288.2192267362435,4.255295292160468,0.04866257161616175,564.323585077975,61.82948505637551,42.93177882979052,185.9260130377751,190.95289551080145,38.77536337438377,-56.74743291574764,-77.0358116773165,100.05926377490793,-0.3640967864881359,90.53807265242592,544.5485686044634,84.81304582597423,510.8539936943643,-25.081603091517824,22.171893001695217,-62.43298961528906,18.087906876962165,-7.497258999682697,75.89484993383023,-130.2892346682836,12.52393752472235,225.13612173699403,6.910469846134477,291.9492864368699,-14.877960105386784,-165.07443170541114,3.9204439522477816,29.390528733585022,0.08862918451682243,-35.87344991807568,74.28269424396402,-0.6336567723511037,-67.2024562994318,27.203867705110333,-41.63614087046524,-120.55447609699051,12.217913964027456,-2.9016752245797077,-167.64484799704655,-87.59601599044153,-158.11281856545105,368.6086751399729,0.3914712931121998,-257.8548799787253,22.870351398800587,107.88056086030474,525.5219068183968,-2.501150277192406,-10.992290217979294,0.1130433314622567,-30.61124842735598,-15.697406639921208,-82.45262214342328,-4.695614745430941,-40.80256727160818,-12.19104245878515,-1.805984779566005,189.23605535898966,0.0,-13.951089776998174,0.5023622098690326,22.94101817330147,-209.09178424519828,157.88581808899914,-7.16144080780022,-0.7774183544398804,-15.665334007218954,-765.821018199242,0.0,-543.3294935615904
222,55.76726254769457,37.70391462106845,-120.48931246597412,176.14907057705256,20.242471290277116,18.509666045283137,-89.70510657368503,-6.35305285367351,-56.13021207408238,-53.73366956949272,-14.020594614665638,-36.73468491880778,27.557629836408392,59.865451464463504,-1.3748230515743545,55.74378197229291,-137.13642809398408,-1.9469956710256495,27.2213445771416,-84.05445108823571,108.99070276123567,385.2795688129596,77.45360720458737,69.94843165315955,461.02861966418425,-108.58569403259646,0.02595879964581886,340.1066956751278,23.316831740752633,-34.02975827470341,123.89603494447068,94.0574802244681,51.501676867171184,83.45402439428322,87.17250707633315,71.16413161303119,-0.416487016668112,48.08885890161845,-650.6426520045319,-321.9319309964787,-293.9269986687315,-12.736364277218522,-24.032697515502445,-10.824715102833116,18.087906876962165,48.132992423184824,-53.00287563985855,-0.710114403324524,-5.898451138458959,344.86891090624476,-2.616204151935527,245.90124848901374,-65.93549491521632,303.2396824669219,-18.10373214217495,60.984156407196956,0.00951215221011826,-40.19633836816117,-221.63657007807097,-0.47542178480273733,-60.40236597162051,5.4868158899854755,23.929577351223664,-139.31772571110113,-50.13601930152621,-7.641783176784509,-168.28171987221154,-106.31146217050762,-145.4958974881113,253.43829512766885,-11.707394397764313,36.811386985199555,33.61294472784932,-97.54880641911268,264.4797745017692,-10.271537357997543,-19.18881396749258,0.023651751843785818,-83.01395217210583,-10.63449970324687,48.30048052943242,-11.862799067672007,-49.170456453908734,-19.468210518464673,-3.309056450501599,158.63119568622454,0.0,-17.304935583893837,-1.947625330995833,18.970438305340974,82.36937005937747,-78.46592242826608,-9.833258919277272,-1.6685465073068848,0.40656899385293754,1023.3844562013608,0.0,450.19496998721297
223,51.22692677888537,-85.9032723431948,-124.33083482213382,186.66540286953952,171.65987436723782,155.4695003138059,179.05709954203346,-27.455836775697186,-58.492673494107294,297.62093024099806,-15.210507183713458,-3.7615904808321137,-52.72894641813894,57.225317693765646,-1.784235479146539,244.43975539693855,-57.01347759879616,59.575222479477695,-28.69015102883115,-138.5090934013932,-81.05972468764833,298.18428855051434,132.06772571381532,72.12418574092216,145.2487674208568,169.89567442488712,-0.028387315542772372,560.1656985660545,-105.88208392007424,-10.03239650735459,-2.0624070310027243,141.80592051967875,51.664673249974165,11.742180634351282,87.3397738104319,240.13294618302106,-22.397985061667914,43.79582048510439,-653.7353371989562,-210.98695248808792,388.2218703636034,-46.49501412273791,123.92093868761367,-38.12861862815558,18.087906876962165,-3.4367626518003322,9.201674182083536,-129.75919925013483,-2.337356971469707,171.6728460165147,-31.90250785742319,288.4858271660379,-56.15579947522134,-168.53317250141544,26.512516736732987,-30.21935754004397,-0.04039458550570992,152.57420116692217,264.3785312208286,-1.5676395484652672,63.06939565587853,-196.22595161043455,-43.7706005747335,-109.23770942064887,-53.89074952846175,-7.631159167896259,-168.92356117086092,-103.3727123419165,-4.942514562325262,207.71086195330741,-12.907888478738343,663.1040571681852,18.89549104230738,-183.92849436248795,235.63514787657277,-4.152524711611367,-21.09549629795931,-0.05142825757517561,-48.223318394276546,53.896898499620825,-51.51211505278458,-12.605077667329255,-49.96551150948886,-21.257701026763165,-3.480814072585057,175.61989442402694,0.0,-17.572338093285495,-2.064671967456859,19.05280750341914,-169.51962468874152,-141.0641647321437,-9.927511547748127,-1.9694208140301737,0.48262173980162276,1172.2067097110134,0.0,450.19496998721297
224,60.800462695902525,-63.49558944196839,173.42752877553266,183.64087620160652,67.6172865668606,310.3933976559562,-27.607411829472124,-37.7119968354609,-57.281927403016866,-77.12149675143797,-15.193472180955244,-37.02719953287791,-78.88230856770929,59.30647488412909,-1.8263086623750777,303.22332157622117,476.95208154069115,-4.956606939320709,43.607613243662904,11.863766936004591,69.84551906563972,133.01254939111908,-66.42535476026293,73.23325357117656,106.67345045279308,163.8445069835974,-0.01859922027391622,280.65101398906995,-101.38442029159518,2.042311220278547,-113.98754550100307,45.37729239178801,2.8674948807505722,-111.52938850329595,86.79673222925247,298.65341257574494,-0.20659080994073312,27.236884198961686,506.47712275167197,-43.07652789648618,658.176879885739,-91.83251060087186,-208.77641679960647,-84.88720471991738,18.087906876962165,-7.522178921913035,86.6183195154496,-131.55126966624232,-23.311834460927937,112.8222660369103,-17.777851941963576,567.6253208155296,-38.628066192583496,-256.22384009012075,-13.950113539333302,-30.914924029252646,-0.024879154125958668,332.78114871974924,71.0999925016789,-2.1908108179722214,202.93840441990264,30.67513847268238,-44.982605533974386,289.2760686331057,-54.775891420592544,-8.399354421280439,-169.26970467800095,33.02567411520421,-43.50825881344448,437.6108727594594,-12.866697513924201,98.22088480459412,-50.74118560288489,-26.025766750582864,556.9234887179313,-4.2144099592718005,-22.039374783093564,-0.03174353622595977,-33.16607011869335,51.31561267477697,76.63464158419758,-12.917633868080657,60.057321437666324,-21.85817592233267,-3.5990866675248356,136.88914712125307,0.0,-17.77605848885259,-2.620052342962281,22.367753385671044,-192.96543027055463,28.32757901730934,-10.477927007789122,-1.9825197892621762,-15.201934100874197,1185.688614232992,0.0,-547.96939513396
225,58.75393513748262,-116.76173282832194,-121.71893819027623,129.46756331380644,157.39392082133662,40.9929704508151,13.211445038075892,40.09159649171883,-58.4938353671187,-74.85297267796165,-14.841278442996572,60.803441671312726,15.25618445136681,59.97855942464035,-1.5834680760390831,181.38605801442822,273.8149336899119,18.58492320097978,-108.3426467717676,-137.33798940848723,188.06642829514246,250.74692808850477,-66.16384161379611,74.11553512763099,83.12079762898888,27.943289575893584,-0.002904908029441665,113.56155449852417,-68.75192801959541,26.522702409636842,74.36342102102913,205.98925006613345,33.12156303191139,9.970431648817828,87.01995957822724,84.90770176895282,0.15806215918112532,65.08721751829577,-54.753051574634455,78.65826457154242,-309.4187148571412,-54.940059766471066,4.960225381722235,-15.618045415957623,18.087906876962165,-7.738790998834455,190.39791009794646,-38.370230691985256,-14.863712794249643,189.34735575149156,7.755557692747585,146.88464582094562,-52.06416240111828,17.75096839575169,17.38657861996495,-30.86927775487403,-0.018938882965169816,272.5813996105235,-71.44629019849017,-1.6688599023542354,172.72894047951473,-195.80021335370805,25.124940594875778,140.92000985659564,-43.81026619745774,-7.8038554268363285,-168.85917365120466,-89.78232576164282,-8.103123338205187,425.3664813110647,-12.510234062236458,-263.0535176828086,16.741598996041155,-97.06982485946183,239.13575211448895,-4.06323163614946,-20.535650825727842,-0.017927837474014427,-32.72790270071742,43.707621115534955,-25.760576571931647,-12.316159674838714,11.267967724356396,-22.489739847278123,-3.409949856701604,192.71690835032462,0.0,-17.542347768927776,-2.345602115676086,22.505255500335153,-208.95263698234155,-36.45858197349336,-10.215300896398487,-1.8474035963717892,-19.7880410387002,1210.2190950640156,0.0,-548.0456348243606
226,109.09858326884796,37.2094611399151,91.67575576247852,115.04106216950314,79.03000329950093,16.788602072927738,37.4958191794851,62.36662757385971,-50.31307572196019,-61.01344136332642,-14.794642448733406,-36.20402542929239,49.06027365672459,-46.56228526392285,-1.85469841827719,217.29683343764682,357.7766501819215,12.69266438360956,-60.901017574919486,318.5397284638905,191.3605466440965,154.79609257049543,-62.4938070483145,30.12745073056195,148.3922949774833,56.83596569052587,-0.018262154748697274,419.53904438113693,-23.150880167454442,11.510508956777388,-55.97384588413932,137.21974540173292,28.310161826035117,-210.87867811246204,-74.66637436945895,175.06146605187593,4.2999973261670705,55.58832429836782,445.7777690037681,-147.30321098962105,399.6398368188204,145.8884954157657,-280.3210546198378,146.46931522999355,18.087906876962165,2.6042385682674047,128.71881134120346,-129.06836067380038,-3.8705748222495084,166.79051862805366,-17.13635841842692,576.6387803845267,-49.53732257355943,22.225244073579503,44.28750961876327,-28.340660258096694,0.02162231305915281,220.33504755343097,74.17035349194005,-0.3529392509594278,163.32509159983059,142.4162152894755,-39.35451450315346,-137.90371578520475,-44.01396600692063,-1.8884531257118788,-166.7902237819738,91.0489666932161,39.35609975503289,267.90520184428016,-12.696301360060493,99.75464565986903,-1.0826324730952406,-24.919041492795515,564.9954824974282,-2.362152268869776,2.354291176870112,0.003380494026794051,-29.22292888798324,-20.513229179678884,72.01600713770549,-5.10711311900477,91.50579432229654,-22.973723762727843,-0.7885675995845882,182.84004874596158,0.0,-15.483487586177592,2.81203990131499,22.39594379977293,-211.12133450071403,221.02592765150723,-5.242860827458644,-0.3123681784938748,-11.779815742482572,-761.336321967166,0.0,-548.0435990945674
227,99.15752256049298,37.210637584291256,169.74313069922857,-29.534506635889468,-42.20635655842291,210.50480257103604,232.9638146582996,56.63810746072571,158.2688204084281,-77.15356254577128,-15.139483410705292,-3.5703487252521806,4.116353676718147,-47.73420213366346,-1.529955695412459,120.59548467646943,430.2985147120734,23.250483764611246,29.30472359933298,-131.6629755586631,311.08264347255835,170.95455700922474,-71.45763610386929,38.40801271386283,-50.37732887482311,-88.77025734407285,-0.0005740629868713859,-54.447001205431484,-109.27576916643169,-43.413783682653396,75.76716920808191,17.661077209805455,45.6570114589446,9.917489136079288,-73.21006980106266,-0.8455680737106599,0.8876725414438692,27.98708367478519,-195.48288422445475,-419.6103122885199,651.033684842986,79.71977995030514,176.338635082094,39.52433073128898,18.087906876962165,-8.269688605095283,104.47551453328875,-130.30488362711333,-22.35344916074545,179.58284703385092,-54.41715368941308,290.4522205833131,-108.08299306236484,-168.09331216019535,-10.392228421645513,-31.216895198975337,-0.027486571370603195,93.49541333779055,269.7009376985644,-2.456013130558398,133.50180363761484,-84.50651463912335,-44.19048684532696,26.441424393049868,-22.616822196657175,-7.155993366138029,-168.7898764802154,-111.69870668329524,-42.316755436098056,335.38843356555606,-12.80116196957369,-263.71930517187116,30.967472739446197,140.7026273617979,290.0637967478092,-3.9888402907842795,-18.2803468050966,-0.028473911767044446,-32.25251299737986,49.518100403180384,-54.5272890577945,-11.231830457639752,11.119020234575803,-23.273016804748615,-2.994720491190393,175.21350896636335,0.0,-17.34730052279179,-1.6069722036216056,20.741620791701546,-199.20217607300413,156.4747062449573,-9.722854277263439,-1.8335721915168584,11.653460896007852,-736.8594418427592,0.0,-549.0695993894196
228,55.1049091096447,-117.02433840714687,-66.02322945010715,133.10978846778227,-31.489879721215747,111.20501519280057,42.587682053255136,49.11733494498339,58.740144082532574,-74.2039930919978,-15.76674020143454,27.171805615934005,16.155031544167006,60.600103971450295,-1.4279858730204544,158.0970694463261,204.27383628623292,6.974823535123457,-56.339048714350994,85.98640860200086,218.68358940398494,178.58264543011563,-65.85045743043607,26.736438503830414,-70.37314530915788,79.25968260222076,0.0644085871999189,145.50549264780858,-106.69104369560988,-42.954484253397695,17.107705727537194,150.82051952214647,34.61082807809234,-118.01781653524947,-78.50229568030778,90.52590384702707,0.7986670507253727,32.94392619427715,344.73691368996424,-419.8066618817978,-6.645573248743456,-74.54702439066507,76.32533912592594,-13.741508864940243,18.087906876962165,-7.108468095237913,6.436117578854089,-130.0896429163333,-22.773549469811034,223.7228226304136,-62.59936956551186,433.64614841516095,-109.4126094499998,-103.95082138200296,-4.119141195619021,-30.38472110339737,0.037001583214629305,84.34680693504147,-324.7548670064542,-1.9125024321948405,138.25550683040134,26.544221640847315,-43.94138474697853,-135.92760114634777,-52.93192900057136,-7.407953841424744,-168.79887014536746,16.84731394338412,147.74251880627835,462.9201590202679,-13.482958128771736,-263.0168124470194,-12.841549545406044,-59.620897412123654,255.17609853648875,-4.0843991717124535,-16.024200382846292,0.05843486357434041,-32.41961750214422,54.37240939325641,57.14533874680105,-11.56932524462767,0.23659975828607338,-23.34072397133267,-3.0560468577895903,174.42166436828273,0.0,-17.474098133941265,-1.7265336868022976,21.944292599528026,-209.54108297488003,148.55523873229288,-9.618703485229576,-1.5319578761584751,27.07991321926035,1202.849700511582,0.0,-547.6703275211876
229,77.17839161418566,-114.64642954457386,270.6722562985683,122.92014889552966,83.31121495147809,219.0749158306591,242.52856905730155,66.4556039147793,-27.125830616543976,-33.38961039828119,-15.787448731859994,-3.913839801856251,-38.02849793354736,-37.62099198054101,-1.7743615050923578,268.35929820335355,-83.87077945905945,0.45808774953547793,185.50647230981485,-127.31574465714465,355.5137530838262,347.216304202918,-66.17859734416554,56.48503161624168,244.24780892990506,40.4655913427545,-0.021456014209589404,408.90914587598616,-107.9124798407202,-19.85859546493135,-89.68928066508059,192.70376131475547,21.581795921998747,-50.31978661795392,-77.78660351383708,54.06843585488561,-0.5517081402395775,81.17004447723285,-138.870859354027,-419.69270215789965,544.338691374796,-52.374075859129675,3.2224619137265944,-12.606125499913436,18.087906876962165,-6.959839918338246,102.63351429805053,90.82144502712806,-14.97329401929312,273.93473522651647,-40.250154266667515,298.5543604077758,-78.32393899346256,12.685842144499862,70.42253467268958,-17.690111023694804,-0.030981404570008052,235.03486572321776,169.08499654737406,-1.9964781760008772,76.09634428557077,-85.427590664951,61.416003284039355,718.3966874968257,-22.988239878815655,-8.070457188453442,-169.06283986670798,-69.76711779213657,44.23018422441545,227.3399013974842,-13.49468778799453,101.24286617101242,48.29515008469195,-200.02300758446222,530.3042650420211,-4.282874653165248,-16.05081796322088,-0.03964703048218737,-30.836186391571154,-21.28576209147858,-53.87460376052003,-12.580043932574037,73.50821400365932,-23.084110398414587,-3.425146344086074,193.6361683727599,0.0,-17.6188025021999,-2.372333467071001,21.390356546490054,-210.72710782776713,36.25588036746904,-10.188464077568783,-1.9703409833605725,-4.771467445011437,-641.90245474025,0.0,450.19496998721297
230,56.00254750339263,-104.60796924858066,174.35526760802713,111.88936368417939,-13.471923658087254,175.59595648642892,-64.39558624350346,17.48170968094875,-58.25563834425267,1045.4506120969104,-12.433476182991567,-35.399774475422426,-46.99618956075094,-45.896655226415845,-1.9239982016783546,162.35157108628127,-61.86326609167854,9.996845777625417,74.84689416201498,-137.56843059381112,64.92363108244572,371.51506894369504,-65.81827011006307,-5.620151864883662,-78.96055865859873,-133.43835449094598,-0.04244262185856536,557.6425183810657,-108.66721302369069,26.061953655104176,11.987148809542527,62.7829416901525,52.55516079563302,-145.08791265793334,78.7269911113159,240.70631183818128,0.1748819949406455,15.855077228407962,-252.29863478647985,83.40395927064752,-68.74276466298953,-65.01774459926014,74.94621071790266,7.596713982588139,18.087906876962165,-7.620350658046238,81.85400705535496,-130.11618941230293,1.704739184880978,20.631673787952217,-12.710282704094002,431.51081433832536,-25.410032394040012,-254.06398806621385,-10.756406125615813,-30.989462923511216,-0.036299706955290875,207.61300905314926,269.98073423489717,-2.228205531861814,60.21388211721327,27.150698920141693,-43.47748760058654,424.35643052683287,-53.98068751707622,-7.802931477152855,830.3913313921846,40.23452273332388,28.022256120683792,296.19656036444775,-10.887411305202576,-82.65266576463699,-8.227746684363408,300.5373488015175,238.48412741158722,-3.8978243260295855,-20.274880950448942,-0.05650860455177325,395.0335972618388,53.83202281969804,-54.47665765598804,-11.811302955450723,-48.065531350207834,-22.25234943444274,-3.3528656611796097,195.30621775345836,0.0,-14.916352848076551,-2.0018812449411305,25.72218484129954,-213.67989081768496,-87.96809041603491,-9.897411670051172,-2.017731358607916,-12.916134698254684,-725.6708868655351,0.0,-296.96654017278377
231,92.79023226426801,-117.10013000290658,-124.50711096270956,112.45779340818486,-37.509497357842896,32.11359938562291,-103.19326928222385,132.01883290057359,69.18052322804402,670.4665300901581,17.61439627581768,166.95385114743186,0.18853715419734735,56.344652635014825,-1.900726597963997,-26.095020155379345,-9.207470445231102,-8.770186741093806,104.1344513780038,-11.78472818201347,225.85859154521077,155.1395345377909,159.18249382248754,56.09307074947484,104.75446140675783,95.82225371652912,-0.03238964364618286,419.89307818909924,-108.41404763203745,77.88923645412825,35.734476455440664,209.97208043444704,119.29300466813912,-215.88023749459586,91.70513530285325,183.73901998954216,3.8851259111606,59.4363967716754,-551.7127741875687,269.80734221671304,-200.34360960067025,-35.011856179706676,98.65316984209663,-50.32287468465127,18.087906876962165,-7.602403382658679,149.82028100626093,-130.78285293941357,-3.751595393455653,198.35502521414432,12.283581561028473,431.5507050486421,-28.70987498928487,-35.836154680450974,43.566008353196295,-30.92875000946214,-0.004403573211888091,84.64442016841376,270.3522006484599,-2.243486031703237,-131.31239690136783,-190.88767339757115,-41.50993421527188,143.92390980454655,-16.104526102900554,-2.4705787024872046,-166.82772602761582,-46.70057100175505,11.485534019320244,285.4944545781781,-13.623175953769648,-260.5913751521461,5.043692136877841,-192.59667341031187,552.8585103342206,-2.6220971594175335,-3.880449860765965,-0.02719480210465325,-30.07614353022779,-1.2635790541602963,-81.21967355293592,-4.9386791966392805,-25.47250596304436,-19.9146525380091,-0.6985560759780336,221.40540075859394,0.0,83.74646166414843,3.0476552363428775,19.001203315275234,-211.1309040372407,-79.97501581016579,-5.362898767666552,-1.5827894024483724,212.4086945710224,-755.7520273538981,0.0,450.19496998721297
232,128.01066244434332,44.69322713516032,-117.19805474373834,103.07565444403903,61.43277721471301,34.853732745062814,-16.513180511919145,144.2297913414203,66.67376714685946,688.7771786300556,0.35491074103095827,-31.084329434868405,25.782158163606084,-38.84568071614575,-1.5373505187692578,371.2930621355122,2.6986825118910702,42.319840088901536,105.26925785284593,-58.4439750053929,-61.79656722117697,309.5824529195079,166.57111273317938,25.953682285638983,379.3824738656446,49.28743285906548,0.02180368239476731,276.7831389933932,69.56658966283324,48.788820498948475,49.899126039830605,221.64256788938724,77.73736865511049,-22.76366246851655,102.10276493846548,156.40602744358574,7.650691370691692,51.51704030470714,142.12232090766855,88.8533732032538,22.639916269186667,142.70511466454735,-14.332452306411247,191.41893536149186,18.087906876962165,-5.978573253482413,192.6349548205637,-122.72393391289584,37.354296814258085,269.47673197111357,10.740670467791436,298.45668564614135,-58.14825475270349,-97.69869278942366,19.18304926029932,40.730450814569984,0.11207109608958936,523.1894148593914,73.25579924431206,0.09371985050275293,-101.01552105679305,179.9835509077167,-29.157907700674997,48.176241266553,-31.79311549384669,21.634672742430116,-160.7689539533796,86.243495289486,194.40980138700178,396.2566375297334,2.271230630900652,10.86778839674528,29.640007421407866,-143.28642095977312,570.205338720333,3.1870055746889077,21.34554703408635,0.10009113203054062,-23.72581190059674,-12.404464065243998,-78.19265181886041,11.210201539806162,-38.82123086247587,6.010008543459041,3.263034893977682,237.0011586629664,0.0,-8.975721688525761,18.83451075740672,23.515205351575894,-213.61959711710043,-30.182856442777688,9.919762223787727,2.570422931324571,-1.7444853098441127,-744.9784050761361,0.0,450.19496998721297
233,53.804663738421404,39.9820149035119,-118.98889631650654,36.34061368968507,138.04164979340928,243.50134917324127,190.7873120200731,-20.212970818645903,-49.76775906145869,578.2539939440974,-10.609097791219234,-36.032051895657865,25.02814484950539,5.702268118596326,-1.8905156236637086,182.54385111409243,-79.73057012024424,18.945667083742304,34.46756298653864,-257.41900584318455,219.96004123353654,236.18462135188338,-65.75561175662757,67.71764851535451,-44.043753874933785,-92.2173245658183,-0.03502274680871737,258.02139182654867,-22.93129187600441,8.266395598703516,111.46046163870741,149.38230383001266,46.08980165091908,-42.5541354834235,-79.28152062200586,315.92746387503206,-0.7319434600644786,57.348136365744196,-54.3567418814388,80.15969443488193,663.8641887905966,-18.527564534511697,-128.90595825203692,-17.580169030213362,18.087906876962165,-7.531779123298126,61.50520256555134,-131.4804840496622,-5.823858799630407,205.90191498194932,34.86277010617175,308.0056713171753,-24.772863369686196,-170.76972416785776,-27.10393454250531,-28.161933912215083,-0.032153609348202876,148.85988937656265,-317.0442035109812,-1.6884090332350183,-74.72178492955683,-21.554458279998684,-44.69429233629221,140.23930814558435,-54.13032883311011,-7.593676319982706,-169.17740442190916,-26.57593239978298,29.022444656921532,477.5861316811185,-8.287278232492483,-264.14230743453686,-26.385182665862303,207.06484338223476,551.4123124722688,-3.7303889264073766,-20.94643595557612,-0.04699257205549105,-32.985668501600195,-20.099693089145184,28.910786151538257,-11.391656428037667,14.550370569137895,-16.827788603774742,-3.4139371520153725,172.1672989099481,0.0,-16.722995963743575,-2.2894295092714563,12.564347622995717,-212.4384970469532,5.462754301659217,-10.184361017853762,-1.939408011916811,-5.580633659910689,1082.6741290984967,0.0,-489.60156097467654
234,132.2061176294464,52.98034430682249,-106.23874185537568,196.97754801418446,22.885681236278494,-70.10662504693089,46.8789523641813,54.011824631730434,-43.761021851729076,673.7215922372035,19.626200134011114,13.60778548861366,80.32307522272497,-29.840023336905787,-1.9001409030111829,224.77160319783187,18.26021345872521,77.1850958537747,130.91873817931594,-61.85077699194126,-93.53246820797857,254.0989838233698,-10.17772475541782,85.02337030645884,183.47768455596164,32.6698237554621,-0.032175304728154754,411.85803377824664,84.62858205535672,69.96590213712862,256.2079417098395,258.29766573489377,65.27788127753035,87.2948887592861,-23.142519872138095,155.95581997594485,51.681951062706894,42.33090857940265,-54.79211771063304,129.12331841347753,720.9625543201813,122.59921094460744,-34.80207096818061,246.2578262605314,18.087906876962165,4.80405835821627,-31.690926636052904,215.55008320866517,54.97904935756815,375.3130368238603,29.174130152374417,342.6219008192798,450.9079953209204,252.96081034790788,54.68394406788336,69.57329564498632,0.005889919093112864,-22.947494440361282,-22.27884912812967,5.953098603484945,21.870162991702564,207.1159885074991,225.57419932231193,-100.12553693478672,88.08657268954936,106.18344765100105,-101.9217617719337,92.47136075488923,88.2426781529863,328.11149992885254,18.84546497449247,-196.2251918787767,28.64966862589908,110.03419456903391,593.0546296008897,18.43542666825471,203.34463535363741,-0.023262706148172024,14.870092010982741,24.778961596902207,68.63825214081523,93.70554464356776,-22.17909616488859,23.948688832144093,34.952575072367736,274.84897157998836,0.0,5.524331677231681,18.964213994916093,23.16918254885576,-196.95315367281742,167.56533284733328,34.45777452687166,19.523389377782575,41.63852834442754,-769.5793666058876,0.0,450.19496998721297
235,111.76136132276005,-63.332874501448096,-124.01548602332328,146.66757863264505,30.184712403384427,83.70042698322091,-70.69646783703682,66.23490588098845,-57.367872830592546,83.28281307805858,-14.796080918057724,64.64795713118822,-16.964568749838016,59.651888329302125,-1.7834921353081243,40.360565158491255,442.27277272436163,16.260209278544668,35.53273072368068,110.4899599843405,-55.2753123379812,178.1314440245057,-66.5650776737164,2.446813699559462,3.937467794853285,-43.266772010901484,-0.008320492651979346,333.9533764190019,-105.35044053998725,-14.442524361682887,74.92810262668947,204.53861377281632,50.97059735278232,95.43141014401951,-79.43960601927544,137.2723351050789,-3.9972812081141194,69.9769199147194,-454.6446696855639,78.28438651621605,-45.52665962926201,96.49478581810537,146.39329961569365,11.150556206557697,18.087906876962165,-6.367307517112403,64.83737326275103,-130.52090103785375,-22.62698988726402,292.5560478109182,-12.558097758147358,431.4800413816585,-52.08607591273469,150.1140503554091,13.708873404393566,-30.64553598219706,-0.02570111969449129,91.88666082352621,114.33316999026133,-2.4078250623499002,-76.31640784202929,136.25929190960437,-44.45045896979224,281.93378142452167,36.870550454396174,-8.627450610292275,308.78648694205276,37.87957715120281,-151.9773760499252,450.673990496227,-12.46306530957365,-265.4933529118973,5.763445428788221,-48.55937927644801,558.2023529775562,-4.220945031421119,-22.20596563532499,-0.028903876630442943,12.318870089590252,50.08986881422964,44.769171632199196,-13.071443594304396,-49.70037838664537,-22.387195587861367,-3.6880486581624057,185.21630183391082,0.0,-17.74186133296933,-2.8176967753824718,25.175559301307757,447.74198373533545,-46.39322379682653,-10.642275515613692,-1.9451453032658366,14.507134741555928,1168.4315687668866,0.0,-545.4179693120172
236,100.41617515417347,37.04057971983378,-120.63718958669747,-27.73885680031922,-23.242400016437585,303.9613057474384,63.44863628300048,45.46629530881635,7.440157144978016,-52.09107746889484,-15.411584645457236,-3.86922598849394,36.50663574859512,48.06715388166637,-1.604682440148791,81.29621899106002,53.464116967417816,-0.12808480570878458,-84.3119903966188,-133.70289938001835,245.13961674600682,-8.503164399684692,-66.16399789457586,59.06178377172196,-148.74374897367906,-74.79095682019957,-0.0013285531036909713,107.48037128645116,-100.81321685558487,-43.98444072174814,16.817714072301793,137.02345214461212,72.09442909044265,27.397436400288466,-79.0259524823936,90.52030881649925,0.3013182188015901,26.126633967686175,429.2027783068626,-420.38825591723446,12.515292743686913,77.90680805625335,-142.02691195125414,78.03094183100455,18.087906876962165,-0.8779614510145837,173.07598489936086,-130.67313831042833,-22.641161579228257,174.26942713968612,-34.131374410104144,291.5615821447425,-95.5808745364673,-124.36187871071333,2.2702253696799977,-28.66451765751728,-0.028631526048149912,-39.69105754973168,256.3766433029168,0.13723068159486407,134.72135773832795,154.8015108469901,-44.4157512288873,15.898751023406135,-53.961966651259566,-8.369874043483934,-169.09065182146622,30.21756388653234,77.26057878595596,197.22725012342624,-13.073916153774354,-80.42290050005374,48.207449612534816,138.8837554917141,236.34556006975933,-4.12913516827312,-19.461516692187406,-0.031409749832786715,-32.599011219696685,52.84271563421136,-49.93446724950423,-12.189563050323162,-49.677706263106266,-22.37554847991918,-3.3187052524088343,154.32670773412775,0.0,-17.572056406400804,-2.1699375499858595,10.733711131549136,755.4617932445252,152.77658883023005,-10.049932603970847,-1.7808574060245672,15.99796128710108,-556.4043733872589,0.0,-529.5892410646933
237,60.53019364428131,34.66025274603607,-116.03138388285454,201.17876585461292,51.977215819658646,26.02959189894275,16.065211650630452,24.584424840589858,-55.533230291542885,620.2944428455846,-14.623341782274634,34.29858512418875,47.292544603532825,59.67605474396151,-1.824902033604274,195.59368688818267,-30.494226023976857,5.32690907991463,-43.44315042817367,-61.374540620782184,25.260732441648734,105.8427864723537,49.80619083445803,52.01389791977183,182.3454846180627,-76.43446108344018,-0.024481794151067528,229.26657498741574,64.67133282364257,17.937175996832423,-13.32397829466776,-1.9890543206258393,73.35384981317928,-134.5357782149106,87.7933490354785,84.18942176616513,0.3154908412079627,125.45553309910946,-140.25770919016406,80.81329894624886,371.6749419845058,-33.005271877822835,5.238764502024476,-37.46215297720648,18.087906876962165,8.069056383639248,90.05680447649986,-130.9059401113072,-5.655298479246863,60.99113554243976,38.94898313137201,432.70968525415975,-52.027551967912586,-254.88665698480628,44.59614594301407,33.25273041983584,-0.020098888491574658,147.58355821844194,79.0501689991897,2.1240118884756702,67.12490883327702,136.28035933366846,-43.92733820692557,329.5526357600343,-22.22691695657674,-6.8805865970109625,-168.01712844085682,-69.46891216728106,-115.96861865794278,324.2874079585795,-12.733026392403081,-87.70320126215437,9.003167792760102,10.416471079605586,234.32209851504305,-3.954548334876087,-18.925577576022544,-0.02899859449726988,-100.3355150973464,18.43709306492851,73.94086822691659,-11.503973609409222,-49.620548907747306,-22.470329403747577,-3.090312656359191,217.15974949405847,0.0,-16.05074673698287,-1.1979684468887788,19.073900550285817,-213.644294886979,-84.85471385412782,-9.174769757384597,-1.7060369982474317,-14.019287096473011,1200.0942409886397,0.0,450.19496998721297
238,57.73089207382621,-117.02386779775117,77.42114191308315,7.147942519796482,104.867914037186,66.81642069428237,10.915899262966192,74.6326305030973,-50.73328979426585,669.8870265418557,-15.71190879271627,89.98676937546122,-12.273687276274613,57.073475644683896,-1.279691179118378,67.34318489770695,-43.40459629276593,-5.246130173708109,-162.52831112775976,-112.75419814695455,238.60928461597126,156.06454668772412,-65.94858047945308,51.51842273008592,121.57680309886739,48.16525834084378,0.020567220322924278,132.7534282311031,20.32926417335727,-32.66611124928754,-4.285674887175688,157.67963987822836,29.721358598804052,45.81538050071246,-78.91385441921939,138.63816654046113,0.1561489135683276,-6.034052880849059,-56.08851004494976,-419.7947498684703,16.74305359072918,-33.972625106604696,145.6093300789467,-42.71317972925888,-626.424434015313,-6.712181549797854,88.54641601507511,-74.80495667316241,-6.204382334203531,256.32259408876894,-38.14008189477593,304.20748018784616,-76.73454434068,54.331271213535864,40.84021902421925,11.90630260446313,0.0074077832259338144,103.41678213101106,-326.50002976211874,-1.2591578450209153,-122.88845962563884,-196.30515047891984,-4.451754635289367,0.03440578054288527,-46.52509633448547,-7.752446579347028,-168.68441791005753,-109.67349658987646,-148.1934418946684,239.0170023456903,-13.467298548794934,-73.16497696357527,28.148925040044006,-145.64155782127952,555.8810446852091,-4.1514828031791176,-1.3984579492182476,0.0143922712520273,-32.59223082795884,42.953499803360195,-16.661064983572807,-11.639296067720423,-50.2376745408323,-23.02896720514526,-3.0841878450373263,199.99502928844234,0.0,-17.36394738835681,-1.4454352485718962,25.339762513608594,453.39412750731117,-82.02441664744231,-9.570552988230206,-1.6882280690952343,-4.490688334569296,-754.6848878425401,0.0,450.19496998721297
239,56.34991495501952,-116.77663705509033,81.58278192789282,50.6274154793581,86.7141330568129,113.02522138217834,212.12827788950736,25.43614291748598,49.382998302755716,-74.78427119664727,-15.354717593488152,27.249510637809937,-21.360423215851753,-48.03979659137039,-1.4054666408462877,105.37634678169742,22.94771878691259,49.71957241206939,-95.95847333367806,-136.25270880580578,241.5205492031583,220.62206806723196,-249.27516356063154,51.66700550531886,72.24792940115825,42.57908248152032,-0.009491775952002374,112.02898429139341,-109.54787050259705,20.66643434755797,-75.65146786946381,152.91651616319828,24.143065075611773,-51.758030992409374,-78.04069657286458,1.6592393394118583,1.0869023981023718,54.17826642963466,-55.036330243107855,79.58383157376313,576.1476538425089,-79.89374849893075,146.51844333198287,-32.60691096237578,18.087906876962165,-8.431967849069405,54.98068693988564,-129.7876290015966,-21.15809976458373,241.46350334809625,12.260881855746561,290.96823428128334,-51.19756672731116,-165.21900739488308,5.798735950184436,-31.29449693795948,-0.03698342496831981,-20.608625099807483,271.6606329416272,-2.512945649369683,135.7129377173925,-186.31313448943487,-43.71917605432225,147.5622047014819,-42.1150818080915,-6.915698694491512,-168.62210091693896,-90.1036639011192,-3.067959213508499,350.4846463068445,-13.00915314452125,-82.42401082036372,58.442174919613436,-50.762230087677175,259.3591238520999,-3.865219411039281,-16.5036096269172,-0.04073330945252768,-32.22939168688676,53.32691698190601,-53.942140570402216,-10.503433143390497,11.336929019935676,-21.929898604086304,-2.7032404504132646,152.2439565941431,0.0,-17.13107483585934,-1.1088193466203213,22.343018429529327,241.85542406731145,156.57273992001,-9.084929088528286,-1.4812173754064089,-26.92639377786986,-765.8629961935201,0.0,-547.7019054118879
240,47.709681501861894,-110.19795366535915,-211.7496367732967,38.568671063513925,120.08038691291733,209.24441033708132,35.930919355564576,12.713907350680294,-56.89037445790197,670.2840217300482,-12.037657615924102,-3.2300679390102194,-17.185042469119875,59.71158114321703,-1.8098987069874772,278.54574276925837,-160.02330397523616,-13.90701430909319,-84.76547772126834,-124.98406553438502,-81.69235302431687,174.8828795566528,154.74775378493774,57.40415762939622,184.02148259293455,39.297717023669165,-0.03818453338051148,241.69148033040423,-105.49429326833302,14.409961979018393,-9.167575008925759,84.44388743994982,46.946931355669044,33.92987491342257,86.44956142156018,22.55737364871161,-0.6122190748617914,10.161964606776845,-454.1975918214519,79.87742405837848,-20.25113768845352,-65.93555705789448,7.385240459086459,-52.69365337908541,18.087906876962165,-8.363454475868965,232.3008996681615,135.29426366241466,-25.58645011599562,250.22898986998084,-12.150022028604544,288.58327732931656,311.740721975003,103.75614912201252,5.93477084467997,-14.24347882092178,-0.052560094989276954,85.18134675037453,154.78844893823697,-2.0105716715356103,-79.38083347407444,-196.50915650559554,60.064678259158406,-145.9273583560835,-62.19079245548831,-7.926185175574021,-169.00370945309686,-90.22653486866335,-152.5952292583293,366.16259503449413,-9.687730090550042,-81.98255240484,34.55785928310836,117.64519450416762,254.94481191370394,-3.9650573915750496,-20.067911339003512,-0.06853643583722463,-32.5163633372329,54.64300128768456,-83.49253274704067,-11.800273345359917,-47.94727477646282,-16.453054613427675,-3.447851564951572,178.85143971060774,0.0,-17.06520231832538,-2.2494332050775077,18.953489242256662,119.48791405831764,-77.3761123120299,-10.094257897032245,-1.9500288905415388,-18.680820557461267,1188.3583960325268,0.0,-438.9275489172687
241,50.813069461472296,37.93586851151198,179.11143385268167,21.860786123110753,41.50282798102641,-14.848275358293668,183.74116930630257,39.78773344503629,-57.91686433758821,502.17976545736985,-13.533514391723838,-36.48508388366386,-42.02252502965744,-48.289631636989284,-1.9394506915213172,359.14738917548596,-45.60439476056601,23.75435364141181,-31.224749689971848,51.14009392995845,-111.23250017528281,308.7555162937807,-65.64456427841017,-4.41072672925542,2.295938013786599,37.57044520352504,-0.04630533686154569,319.1371607577615,22.299188049243956,25.82130550107812,-7.02186090202567,59.726159013066344,30.23405797021422,192.8836277383511,87.68813459971028,77.66723663295227,-0.06359763560650607,40.95799202467392,443.8358980644187,20.261086849799867,329.1518522772224,-50.504290850792906,-206.6858305279079,5.475144849815686,18.087906876962165,-6.471103716613265,67.52998715466639,201.0718025315448,-14.34084805037774,-58.84797793651344,-27.864416471254845,429.99364800476167,-56.36957830998622,429.576993031263,12.683867792702737,20.78131600656998,-0.03950004204030637,110.21877557034509,-140.3661075066429,-1.7437593655522126,-65.61995436746717,5.965599258124446,88.821180925491,-10.48444870085582,-25.29725728902223,-7.603960857776149,1328.89226508304,22.286951361059653,-81.15871157268663,138.032044075361,-11.243486616830415,-263.7034772851652,-4.751879406854887,37.6118066896277,567.6268240425354,-3.810972603078849,-16.42755786387994,-0.06312985238945029,109.77965244392375,19.513082886612047,5.198990144893022,-11.375497360626817,-48.85264142416808,-18.534353184400867,-3.165316693419527,172.21210404505948,0.0,-17.07804396413776,-1.663587150708536,22.670342237644164,-211.70527359631959,148.66797512730767,-9.488145226061038,-1.7841738501893147,1.8213380325988338,-726.5226338812724,0.0,450.19496998721297
242,79.30270192400663,-26.758423214184923,-117.85465748465208,-40.8616346289834,-63.951339924895876,50.921144281594216,101.79080929606427,28.2457066191795,-55.92722731094053,-74.06678487624299,-14.806463675067011,71.47484835831538,116.05081731460152,-48.24772512400274,-1.7630072620998165,79.12169041762681,-31.69412638901521,6.404993751058547,-17.509498191568387,-15.70431287770154,297.85260175161375,98.71619376333875,-66.39787620506384,132.95826811456587,-53.49006792614669,38.8431096883356,-0.029464045883851795,271.19159316800386,143.85794207270058,42.176173451608065,114.29608550557471,64.39045065207439,34.34964313792014,-8.654567999016505,-79.50956282099187,96.25684616188417,-0.21883973091412448,43.689967365003604,-143.9300888925684,78.56393817417297,17.48625362692692,-4.44291987637395,74.08862792082805,70.88082066028734,18.087906876962165,-3.401591900344961,52.97571495307332,-129.16752615764005,-6.501509347596147,195.02827932236318,28.743781041817755,292.7815872613919,-25.517183916581825,-167.36895793040804,37.77526628360091,63.02252411713691,-0.040620388000890933,-33.082504362804336,73.33648758976965,1.9680844446102854,137.20588745082972,25.455375058181705,-1.5101633098438128,-0.5555887023918038,29.435352813288574,-8.398517683469175,-169.18113481083287,-27.559401464035076,-47.86646727972808,312.1635898383114,-12.46467684882036,-80.30254853459247,33.13539897697843,36.735156329338196,553.8962458815871,-4.175232713740446,-20.48911534006704,-0.05201756080896771,-32.95296694733892,-21.32044333771777,101.85106299725392,-12.516617846818619,11.22757423372406,-23.457285301358148,-3.4856598833205563,188.3192508407475,0.0,-17.587272861830492,-2.384036003168797,22.685818585643386,452.84097890525805,156.67124261005637,-10.295365736997683,-1.9304919011303305,-17.352867047063246,-749.8101700202942,0.0,450.19496998721297
243,84.46070040186855,-5.914639644559093,169.56992572653567,-43.87770449061745,-45.020875864120725,365.754111252273,-70.19379445111538,43.57219044764016,56.43058262568103,-77.56240820179775,-13.328979865508561,26.23998175415837,86.49529230872936,-39.36268017243766,-1.7164022158165138,232.2069343428439,-115.42238386434302,11.125796543580286,-41.82411757841086,143.3264027421215,114.45707741880531,337.2949921316997,-66.37096511906053,81.27089831249776,-153.05471640450426,-93.57635462267943,-0.004309856612254839,408.632083635016,112.22633355400541,32.376844589558104,-56.07383505234047,120.55909821149373,25.251718244439687,49.67966791789658,-79.5769047623556,273.023140883232,-0.9942030384986458,21.41024206471366,144.49642765334835,79.06300567924022,-280.8383982103639,-15.594824709487126,147.7023297545837,-26.587024638639,18.087906876962165,-8.544247443846889,58.81813151346848,-130.23948330630765,-6.47741319211716,-29.423878274059895,5.525231175589654,426.34894597847125,-52.14964925304343,-100.10426846383086,37.66835320441262,51.77379147808843,-0.02441132826874134,87.38905066246727,71.11090331108362,-1.7412226864700366,-85.35191351865751,25.10871278931747,-44.99551699941496,139.35607492223988,-25.830110337840374,-8.397141950779472,-169.36617285851884,100.28408295749784,-6.026219340039267,519.6952023344363,-10.994270401230745,-265.36518527808107,9.978760904081588,274.3918747437167,539.0825599491494,-4.08934848191287,-21.305229370347444,-0.02543593013799722,-33.25147231219122,-19.196483399175275,-82.04107673320588,-12.484097804531368,12.104783646910237,-18.02140313817707,-3.5940997947127222,217.17156001192197,0.0,-17.4215870364524,-2.3410449330737313,8.539882112720024,-214.54254356810304,156.39115675540057,-10.289562871489423,-1.690429475768522,2.7604356673568633,-750.7767519936478,0.0,450.19496998721297
244,65.75354873819224,-33.35587450863298,-122.82207236925547,-11.633889172831488,45.87974923733846,254.27113737001986,173.77413929299294,58.14843460124929,-58.66731465268582,320.45773907212373,-15.347975087162903,43.996079128483714,-14.40424740713984,56.067731911920816,-1.7958996808193988,70.93760924515874,111.80366796590178,21.619759750781792,8.279762229507844,-142.6468050310711,79.35285131231711,337.32363645480535,-66.61170247603438,-3.214726320576276,-93.10303517369346,-40.11032538995623,-0.0180345073063705,155.51781188572653,26.968841280002263,-10.436108349568284,98.13216590451397,118.41124483363001,41.55614695921956,74.44792692252274,85.67683095109454,76.7351941509267,-0.21566450824130148,39.993120495361204,39.64186086973298,-309.32329691557584,549.0176574075432,-45.52574333709848,-166.94918905764408,-10.179036354231641,18.087906876962165,-7.8221624905678375,33.98920725144904,-131.22439228402493,-15.20695501957485,72.94397224914815,-58.38026966625841,146.40752656176105,-92.48644444181815,-159.44400721767425,-14.849723210155817,-30.426219490924197,-0.02891793015837441,83.35004760472503,-325.13043218504697,-1.6246116081241373,132.54437903473635,-196.7883078804498,4.8550602020549976,209.38526194460042,36.41516797039403,-8.468005110796542,979.9043230236804,-107.87969846035129,-82.31529284060167,240.46697785874795,-13.015809733174521,-264.64545138551534,30.281009462648814,62.02944129115525,285.34676326263974,-4.3091611453006795,-22.23457864237138,-0.03562894029270386,76.64630162807912,16.301063107102514,16.117233023015633,-13.164289040840114,-50.083430111296884,-22.63691339311466,-3.6760465177571415,187.44991023863093,0.0,-17.839486866851747,-2.74771533180214,21.933848688793702,-213.41786026988188,109.36647151959771,-10.58787046490484,-2.007101317930557,-8.88713753521783,1155.7553924602337,0.0,-549.2239237203793
245,65.76913580170337,-116.6868026091651,475.955921252984,-14.967117918227407,9.13353894607506,62.84811389671251,9.267900247406127,5.761359538618783,-58.97821071768245,-76.84501667635294,-15.189626892926677,-1.9583361337522156,-71.23441176314385,46.03215532230038,-1.8359948861970194,53.081269752842275,-17.172508109358276,-5.919031230647985,-33.127832566277725,-13.057543053496467,334.3653793573268,276.9571694362374,-66.3650156696308,-32.637535319244826,-104.04691800283464,-92.8919634839737,-0.01943157188505034,448.47016392007725,-107.24818704012118,-6.047294000554979,-78.67579197029481,122.7445913063408,19.20870502453067,89.17617612940145,86.44747622960222,191.31604314801447,-0.13657775838397157,19.33358286491129,-454.85123266034844,79.04064746344243,9.249061273868643,-72.36788642888355,17.265954552663946,-26.219018589093146,18.087906876962165,-5.832833899654781,178.67035105306456,-131.6295273326228,-16.79682978243202,140.66556435220542,-42.32100582505479,433.57035800413036,-52.227818411830306,-93.19911009589799,-13.454283931212803,-30.57493326794545,-0.023679287535133625,21.988521834800622,267.9597414353396,-1.9028988428549714,-150.6632998969434,25.649622344224323,4.998823426752638,-155.99579660369312,7.101466831125412,-6.755639426556178,-169.27305422321058,53.47902497425952,-15.358399194116739,356.0488316034258,-12.863816185240244,-83.34849152048444,3.2098496412576893,315.46043169704245,545.5487418155684,-4.202845243632195,-20.77731246186985,-0.03038957576412006,-33.0810740698063,54.418580421994,-53.11530743995159,-12.530850610701894,11.011223755646121,-22.49260009114721,-3.45741563012526,172.46001879767613,0.0,-17.78349167110416,-2.705771806146543,25.52111557146209,-213.596338336465,-49.41469693950379,-10.53324720416636,-1.9751451438387406,-16.717404422958996,-759.7121882705437,0.0,-529.3859064965673
246,51.3721987427278,42.809951724958104,-115.925643918376,-40.59909500476631,43.33782138529309,263.1605863246809,172.69280675362975,52.190063164786515,-57.01982903605772,-63.516749973303234,-2.840039195836473,-34.12233869253085,-39.05790988725714,50.43558020689777,-1.9185208143628494,238.86998508294502,248.8931477706909,42.27826095033524,4.567732548595669,-63.022657777245655,16.273470068414987,211.6983207754788,-64.5191135878423,70.31309688725057,12.473149878369151,-26.291262805632904,-0.040660694920787215,286.2864982314873,37.27963135306261,37.234003472041536,-68.73755610377417,81.91778688874544,8.519384657749729,-194.253001569546,-78.72406217504262,386.9111691250963,-0.20497915261793556,38.07662103762398,441.76780824330854,83.11120200847706,368.3079938336471,-43.52867778512632,-199.96801848183125,-21.88792011133205,18.087906876962165,-7.647610748406353,184.1986286565945,201.0131867346056,-13.062994529672967,217.52842151355003,-2.6469341557084647,432.5841514163468,-51.508661307104816,20.43821629171638,5.144633561441453,29.894474000089883,-0.030687009455333855,332.36277712145807,-28.15385350543403,-1.556912334901331,-127.72101085576442,26.7231018733812,111.92512227577099,216.5947377477346,-22.15499395156485,-7.217402229216123,-168.82460316909595,39.71228020416968,21.303415089800204,203.83136172023632,-0.5506017260158126,-263.3496843167532,-2.969273696771508,45.537328150699565,562.6687492912125,-2.786380743731151,-19.09614869124646,-0.051272253902400144,-32.46063538363268,-1.0246242648713986,40.34655865942124,-8.976314725598627,19.715677691926675,-16.745230613498244,-3.1626846339718444,191.266335699725,0.0,-14.927311309932156,-1.674833465181303,7.209350948301463,-213.61298202102034,33.90720806939506,-9.506020110119794,-1.7715973896109836,-12.933056959547656,-724.601652253651,0.0,-549.1094258910064
247,120.38574818813254,38.0549698542033,-124.37733324439473,-73.36268803160637,-0.31614044437375194,196.91713449922324,37.91224441368143,125.05722307927529,52.09069574551689,-78.75119290471741,12.378947922356877,33.16537079517449,-34.987729702117576,-47.939436376976026,-1.895442401371665,390.84563758968966,468.70091631988424,21.175254571556977,32.7730661769795,144.22837560604827,-30.440096606577903,11.651651325665476,-65.6262048132844,12.598968908639952,0.43546869561270113,9.676928051329622,-0.03937269628180804,182.47980270188495,-109.85016465267164,81.07086185416375,26.187035608971904,175.2035442661821,80.87307488910194,167.9402235849414,-77.82980568794419,72.33293358715397,0.7934309710923625,56.30526456623385,22.43629850799266,223.94594665312002,426.8922668720883,92.17459606600295,147.76881576133115,25.76573373780486,18.087906876962165,-8.658603697845935,-29.940878722105193,80.85731057941207,-21.939127118492515,87.94967030662616,-6.409415158798705,431.50805374977546,63.55612541403812,425.60296604687255,-3.4029349613215123,-31.067472264224676,-0.0415968686601554,484.0395987340356,141.5004137737073,-2.5988253815804803,-152.009184566469,195.19796751280404,53.81006789711927,-144.02878584164168,-19.06076945786264,-4.346750684730013,-169.0317216594002,89.22291081486311,-10.152018091438018,358.30925080145687,-11.005283931531489,-264.815456569288,-15.879094264534352,-138.8341200851656,562.0784122845125,-3.858237984752814,-18.9929544946621,-0.057505883785645195,-32.08104438183942,10.693897013774661,-51.121675255632375,-11.299797698164879,-29.972172828598076,-22.609359887213838,-3.1702523677702734,181.31127002199617,0.0,60.010152152724004,-0.4518971502883735,20.36626537218227,424.9955479846911,153.04161086488008,-8.966877458197489,-2.0893424791755115,150.55154698455468,-750.5998913653984,0.0,-546.1842092314496
248,50.38881491193707,43.32656811241345,-117.39217216091609,257.2297772893017,103.6479683075561,121.01040704309885,-103.06585924216714,-17.844227936437562,-56.297841746070354,1047.7551404954065,-2.7620187453062757,-34.3597004709337,-45.16069689039274,60.16506666551418,-1.643142186771609,117.06996929809921,-85.07152904551445,7.924670200437271,-14.032856086267111,-74.85811499281469,-154.88963860867042,291.52468284200773,95.3895530724259,28.314747119074937,339.73372050690676,39.06466577861279,0.01834664000849416,490.4279144387117,53.60483757055795,-5.983077321747647,-9.823873856384996,148.28836937349948,32.4244463301218,27.874185304500305,87.82419414387554,115.69143674217447,-3.3306916203653834,20.69032113649787,-55.63551331947764,-225.93337785942003,-278.2581436746373,-27.413359967080954,-54.4518969881763,-37.88989857479105,18.087906876962165,-8.127886105493957,48.031771744081006,-130.28711146319145,-2.1946674214401396,203.2213818057945,-16.553643090794328,287.9044920813764,-56.96245648690037,-153.37499664211944,23.22500806544697,7.444121320093802,0.02060990403069913,211.96438096596918,-24.040540159871817,-0.4669742079421774,-130.30897354369773,-195.2219122119644,-43.53267411685429,417.8400524842781,-52.448426439980615,-6.178632673542181,1003.6843087977547,-100.72686651299398,29.140126306575482,239.74757588983587,-0.462087415100583,104.11118608268376,46.64481571864221,-33.20961155177909,548.9350763882744,-2.6196925816374734,-18.2611413764277,0.03476985635979582,256.27157952565074,0.675593156470608,-82.96303735976939,-8.461563266618702,-42.045550347550595,2.9692904464467675,-2.9764968265837686,201.31858655110918,0.0,-14.792755794375225,-1.0782709398110155,25.463920922040607,-210.86387447859462,-203.99385916182314,-8.989249549888289,-1.5386676428294008,-12.506902708162121,1199.4219920773505,0.0,450.19496998721297
249,92.260501830254,41.6806304062872,477.1545536806581,43.6027100803425,135.57634559283395,79.28015287576225,82.79627348159975,52.20117185495672,-56.717687493470315,-73.19612312071729,-5.717361523103525,-35.23933985879458,-5.475150524234901,57.26722804856687,-1.4291672483985667,127.34098473353721,241.59804091946995,53.75830402516256,38.36376037377843,139.92254692838006,235.28824867304928,381.8548417551514,-64.9459191983641,43.71473377486702,-146.91260622995736,57.1739888336282,0.038783249400397374,322.8716312794971,-25.532886052734128,25.861481573832517,11.24396245164785,169.71786413538766,-10.805555479782244,12.707235583763014,-77.61359830006784,40.35289017372875,-27.560573071414876,91.6586560109064,2.945331771288045,-32.0809280895781,-283.7371024632449,124.51286344406105,-195.4929809000745,-26.73341632575232,18.087906876962165,-7.535914954438996,-76.40363862730133,-123.80403154186456,-7.889084419129085,41.51551931421711,-32.84912788356861,429.81478822413663,-52.272905042220295,-223.89543093559823,-12.470538171602403,-30.24734220048311,0.026243824673972484,404.415536572862,71.1294177298284,-1.9411563212571636,63.02796872254008,25.924037387394492,-50.29304903210461,-1.064876175356395,-14.74850454793629,-7.538191079791305,-169.04882788772397,38.55020106217689,19.434427937179343,419.5769927510723,-3.413589500737207,-263.4294583404258,164.06247001983965,-28.89816766028731,562.4022795103283,-7.932945010569382,-18.339739151520664,0.04896921325731479,-32.825658794345536,-17.977356457232535,90.92588045692705,-9.800880980386454,136.7337852124617,-3.9862298168765973,-3.2271048881989173,172.6027182192977,0.0,-15.615069631694348,-1.6654545082641041,-20.799720264510423,436.3486729629924,351.2865322043964,-9.584098270629925,-1.4619595396671567,-13.334008907862762,-757.1480359618045,0.0,-548.985432077548
250,74.37671868270972,-48.89535355987629,83.40318690961922,-32.1819845461299,131.0515444496796,-33.24847656137749,32.672288387656025,5.056159899112429,-56.69961695923822,-76.84090095439882,-13.64837647021813,38.435895149317375,72.39706447809213,-42.898470959518164,-1.8006803311081254,-57.05915081375224,-28.88968399329242,32.71125237585853,-154.978185623402,-258.8171021024999,244.85588665082736,370.5354019180342,156.02900712181537,70.44892736089518,159.62866030082006,139.15226519361568,-0.012512425823250777,251.7829092929427,-23.021216122098604,-26.995989142020075,-33.62945504409808,145.818608483476,51.37488324901928,-54.3435421130316,86.37589219309518,77.10424644702984,-24.86601270966194,53.65002917998305,131.16902974870817,-289.08108800453834,91.25736503238177,-37.65225314354198,3.468391283042093,-15.32222501666428,18.087906876962165,-8.567806054164997,59.477761883567595,-131.30425805593325,-11.45910346767483,179.01183085694706,-53.529607918312635,288.8094941498438,-85.06205684443894,-169.01341196475013,37.22573969330134,-28.505253673317803,-0.012341533823797716,205.1370870750522,-318.7978544416061,-1.3359102952017123,-75.16395797440842,-84.39962432351506,5.294038939861866,-0.6575552075819806,39.0222053529842,-8.053490289232174,-168.68084243674411,-42.98909262043075,-6.498127392643929,479.557070221635,-11.33286769811158,459.97285628375596,-4.789732704665621,-86.21892015927155,560.0676535070535,-3.9639429646414936,-20.25189694868712,-0.015509048975879736,-32.70650800436519,16.753952499557382,-83.47182118850337,-12.003868419597609,-48.94903536128858,-21.619697775902875,-3.388867508258316,197.92078150684108,0.0,-17.303801760454753,-2.2128507245722338,26.19062467616036,-207.09659198836616,-205.55316400687485,-10.102411080725107,-1.885036470330035,-17.762774458551014,-711.9788127786952,0.0,450.19496998721297
251,60.55168945606056,-116.97413587632985,-118.26986360419338,266.94231007818047,297.477789773883,128.30112740012544,-1.1885607942450167,-37.97130073912123,54.87092172986997,174.21789417503481,-15.51450064544815,21.639680570316017,-27.318324948042523,60.41904313921427,-1.582417792107574,80.25840265348398,162.4392562467265,-14.664128503804752,26.98228777330847,186.76734208821506,219.66959429679645,281.5932291011387,-65.95975862269056,131.40753588084192,-52.7163373267534,94.03481825517214,0.0421126907235856,-37.07774933178253,-109.52794738191596,-32.774011825063084,-94.75703610001212,81.30537726405542,62.05796114594602,60.32307068220835,87.57902286777998,17.574065514595986,0.5226379124202815,45.26657921692834,143.9685135237515,-420.3318278801316,-295.4826993871721,-78.42283789552552,-137.25168502721775,0.15942349069183834,18.087906876962165,-8.734595026819672,57.63130562670307,-130.77454066644452,-22.513599493023506,137.65909653915725,-65.5412365545157,293.81049790632284,-104.42163512014702,-157.10566794863666,37.63513441014822,-31.316572777932713,0.017966921724299322,114.00377948225126,-327.96141591554925,-2.56116099242698,138.1272362753996,26.039917399059693,-44.45576233992378,-66.8523703398969,-30.516677048361142,-7.66305681127797,-169.05440058380123,16.490522498585314,-76.56760966780486,488.08904629915946,-13.220061128172654,-264.08946575935914,-31.629896001224793,111.88207836759777,554.6806650480054,-4.008723918928173,-18.962034140852353,0.029606758090012703,-32.43349902693651,55.08414567051424,-81.33227707578834,-11.753079873167971,-49.84198184817184,-23.120004503493455,-3.1342698881497815,185.31418628433755,0.0,-17.52337011410027,-1.9297245783459394,26.864492891215125,-198.78710920469794,-82.88919035069875,-9.794038413156345,-1.6559216916604516,-27.952967963026026,1213.0257942948078,0.0,-509.42065129531125
252,58.551538244607684,42.074728702232626,-122.18053609598209,23.777305138426577,373.5025115379396,74.0499502128819,-53.06368549276552,18.02530005531406,-56.22011982445822,299.18033580828444,-9.532525815498882,-15.361895609777953,0.5565375215017978,60.22804045596595,-1.653541104978482,92.33738180740926,-217.71067760258762,63.65068238741825,6.94545372924698,-93.60684118169307,118.56278092447769,564.0595255366039,156.2207723608135,56.406821215610364,242.43011497716807,50.51571824754525,-0.017786010208133453,137.50327609177114,57.59592540980312,14.565548120413375,63.92669114725289,151.3953934569211,51.11528173814123,-24.550014049333726,87.04838380108849,130.7802660899317,-90.78842162572107,24.256027835710583,344.3424863307044,82.19813908369657,-302.01420904469666,-63.28127864316608,12.214044027955639,-39.6306857276507,18.087906876962165,-8.49980881919405,192.12660090080712,-129.37400803947293,-15.73710370445236,38.769937808541094,-6.968524210890839,146.12581119705567,-25.173785334854287,-168.71298449478846,-25.6454887140362,-30.585206527456656,-0.034118035075970866,85.9260433864732,-324.8072789672539,-1.306972418621549,-117.34730507881886,25.46404000528132,-43.502716548016934,-3.54643138594374,-44.61823073945238,-8.30277602953558,-169.08213417401714,38.212522758649165,103.46057385768721,219.996064301305,-7.509140329799497,280.41704164912466,53.763729250398384,-62.53687077193092,379.90192080693146,-3.7912399672678183,-21.437268187178233,-0.03981249900625333,-33.05215993192717,-18.645407508798595,-26.90392283777148,-11.707184454365757,-46.58847947459792,101.76150453957635,-3.591673438523817,188.63029802043346,0.0,-15.7366659853618,-2.4618413072773526,23.17562440506217,120.04434805107014,-210.03362712954183,-10.341861183228689,-1.8230036994316032,-14.8026701977265,1211.712850318038,0.0,450.19496998721297
253,73.38292918275441,37.41809592228989,-124.83584474324584,-88.8740912945383,-33.19886877963751,55.49803110090739,94.24105998414554,136.4515820195797,-58.87671971950475,670.7414444624459,-15.269630583411397,-3.616278128990494,-32.555032179565494,-49.17716002666928,-1.8633149901938835,46.671128874087785,-3.089927640953278,36.76658753993825,48.97238260764462,-122.30234518838725,-84.43191413453269,258.37595550659233,-65.88240177082406,68.69874104743327,217.04305228143593,37.66487746055278,-0.027523820679134326,550.3993910876968,-106.92349925644108,41.192406734350655,82.10930904783334,91.62585878692558,24.502743251066637,-145.81182865483657,-78.6046661763307,235.3993704555286,0.14714489901366049,102.60800353075237,-254.9288384680549,79.02483908612399,364.61534917167154,-6.776547093334313,156.44745727185932,8.232827387839182,18.087906876962165,-5.107752264346983,-57.639753748254996,201.39106513232525,-26.449889581668664,161.49817697287244,3.3062108121133775,431.2772992066774,14.168633372782084,3.563649767354538,3.104568388942622,-10.855149552432039,-0.01876875219418794,84.169256290579,117.17398508772885,-2.1652570123072046,-80.8341587061255,-84.70820184025405,136.31614786417703,39.51073184849647,14.557025811334698,-6.81169480116861,-168.71993956679734,-74.97609913367377,28.55364436513938,288.3732166773172,-12.98311946669862,-264.7249205047577,-11.22420117490041,142.63143665051854,562.8361381306839,-4.079872191244665,-18.796907400915426,-0.031376231249254594,-32.77244009101466,-20.694687764100614,-52.53848565887412,-11.715708487403381,-9.058428420038345,-19.68977921918405,-3.1553537549376798,208.49221830260396,0.0,-17.521172242511447,-1.764065235487549,23.126562788600616,-214.3082953736715,157.53061006812848,-9.481783090646063,-1.884780108428809,-16.790191578185,-771.0335710762967,0.0,-548.9544809983947
254,68.02244060479961,-107.96510503259918,-121.31344359022535,23.410277694405533,227.1755013263666,51.4075756732838,124.50617893376688,6.427691549988446,53.620719598104685,-78.14294799019956,-11.04860092116102,-36.1080116860863,39.710091831686235,53.12546373993783,-1.6767147507689106,167.1948366980798,330.96681407422795,-17.384559839266615,11.58048164000548,-197.95586467888353,117.11655310671752,245.9681053133112,154.94955921126737,34.676618213618525,-122.20816847824767,-89.29159508401004,0.021760756098768205,186.80014618768914,-105.1804423646454,39.42165683856977,43.76234670737352,231.42803806451965,5.2751942549934245,20.885891266444737,87.4360133701423,210.3182321985666,-0.3704181597682504,16.834451698537862,341.7913915322798,79.94004417966086,-297.59566491988915,-70.60484159097057,-162.2269531615457,-26.52966381006122,18.087906876962165,-8.562339827881447,65.14390957685603,-131.1540449484104,-24.695935671160747,-10.338108714256524,-11.900611447500795,288.97775944981197,-25.616521399335063,17.879426009750063,17.49673611753205,-31.149879362498112,0.01741696076570402,397.4551922812371,-34.11234037845185,-1.8267095190697962,-73.4919448498559,-195.89302693078676,-44.56158012762489,145.35152461816443,38.30314695919921,-7.831495973860434,-169.03468515860084,-89.77420297837469,104.52536596985385,367.5069885338841,-8.746474566352811,464.05254646569915,23.64477428043568,-192.42029596456806,559.1754800197251,-3.661818235805695,-20.047563664955465,0.03264930824645368,-32.52915799646899,54.490653916043286,-26.85432805936794,-11.160178521033405,73.47708502614059,-17.90883076377289,-3.291674820622963,164.46844142200587,0.0,-16.71496202880718,-2.037002695223207,25.344475616013938,-201.29230037980253,-126.83448451397322,-9.916159913379333,-1.8800735464502185,-16.60168593498041,1175.0393840176735,0.0,-547.7915487775349
255,54.043081640693295,37.07282207302099,-121.35592169421344,46.38839618014853,12.768299654717795,16.887559748412023,82.45355601336148,39.05122900791715,-53.55974242355298,671.4861834746922,-15.32986314071565,-37.05288846256583,-0.9658035483623328,60.627521707593324,-1.5142526030225116,206.3599898935272,-122.6425047119109,-16.18610943321354,-90.05373007401637,154.6255253870746,-46.846633479755944,-92.61493410684791,155.72837812616547,56.20007185404636,351.20225826174067,-85.73793139761901,0.001844912367816368,393.51624417617217,90.27408181428952,-52.21457516776757,19.32114024137438,58.73138978708224,49.934379564277585,28.425754707063117,87.45653601793434,106.36235010921229,0.05846598157449723,14.054624697574992,144.57861440415783,-419.6847320020355,-2.9631750043639804,-56.79084582358938,72.77622649111264,-44.78948028558866,18.087906876962165,-8.541531287062115,-49.53272141717137,-32.05652656004294,-1.066316186197205,205.91155910434986,-32.52100358581186,238.9501090260346,-104.15825871931288,185.0346003605564,-4.993765310726851,56.01285845904835,-0.020425463555833703,84.73982932806555,-318.13335966209445,-2.211391373579344,61.68923907864395,-194.1113694320984,4.636043711280445,149.44401501817944,-42.09012649072939,-8.177620776053013,-168.77094649802524,-111.60806005226856,-23.714727528552253,417.4407492749447,-12.999617139359486,98.18823564486746,32.292405933322605,-306.41204053164245,487.87623882619954,-4.158129540633638,-20.96444088487445,-0.021055399708224953,-32.763038987410276,-5.52963805950703,-33.54051763270704,-12.633284673963844,-50.113390798516534,-22.206811099853574,-3.4797321597577495,191.18142765701398,0.0,-17.66923321736001,-1.6949898834479589,26.9564288158472,424.905926786183,-86.81351640580924,-9.842337051502527,-1.8342018690661368,13.035154117510471,1214.1049443575612,0.0,-495.387032329868
256,85.72805166584466,37.536462860721606,-117.26063234463834,170.9207321484748,266.1047178498228,-15.480053096637686,157.13640360828234,-23.942918147643113,-54.56005244415955,306.9841313149301,-14.388866803865765,-36.87836156623582,-4.664475126744591,12.287233195538088,-1.5785832228219303,174.0461953740346,94.3891477368964,28.137824936008645,-26.354094853828606,64.21465920547753,-10.434054336682232,301.01255003925525,-65.8740925588991,39.56364265897915,-3.7866744063965285,37.176414289828536,0.01647362869860936,216.01120557586194,57.56181042786228,-14.85944244202461,-62.64525504792824,41.904122160736364,29.349207686752976,22.647571701139935,-79.00490142222706,204.96785000189558,0.22514660738465656,43.60080652439933,-54.864738283564876,29.81952216483567,651.2263341741505,-39.598194835991066,-3.813148361290753,140.47125255695886,18.087906876962165,-8.515761209413862,70.13092320742805,-129.1891616571876,-14.64393801661779,139.1023635463272,-1.3040853960117065,276.9413463278824,-31.216371902032346,-168.5817894764162,59.53416612080772,20.429971091982893,0.005083933822446807,85.82930950490183,33.06787762450928,-0.01149075105147608,-145.84653955268317,25.75157408546938,-40.59649369182191,425.83742283248193,-8.92827135261411,-7.364569142996247,-168.53285532712528,-36.87587640777894,31.305274791265987,250.90204994075543,-12.07665027744558,-264.50583024094084,20.811966859152278,288.2523096901387,560.7300251894038,-4.029176074833305,-20.619031302348304,0.014850876589924511,-32.750993336259064,17.232364329779507,-82.88445116193498,-12.232054947363384,-49.145426984977036,-22.949887343681745,-3.4089986176241474,213.955814375079,0.0,-17.449348389941694,-1.814484883806073,26.13620936008378,-214.2361199905389,-192.42492323756372,-9.64573471483324,-1.7610753062300795,0.6547747611822148,-747.712253007797,0.0,-548.8623277536565
257,57.97782272776752,-114.21996096084361,-25.439976048791085,69.1679853543722,-6.570477599112612,43.965246556270294,88.24074042332836,75.52588956128827,-56.05052823832847,413.82920282694994,-15.3511666239409,-3.8980401536369844,-47.390115416651135,-43.12822277522666,-1.8833803684034167,180.42849987913985,449.9636492236219,-11.24943111099409,-99.90099468722605,109.0599246953046,360.39805632810203,130.9607017546356,-66.5545473990907,60.11577502939022,35.74109861751397,-85.76414437140603,-0.03517036730114454,178.90592878279892,-108.77016677094362,28.12185690633628,105.70012088620868,135.14940673537214,58.5304593436373,-141.05199210053115,-79.37207369084209,382.8552247378536,-2.232368033009325,34.575575991979456,-55.929448279254906,78.31547267477815,-5.819860892415368,-37.51997091760558,-38.92728298402769,-33.830194918007955,18.087906876962165,-7.713871979962883,-6.48533619087436,-131.6489513353163,-6.3705406237276625,257.56347700148126,-5.441903119163501,431.6275306120506,-52.08671069355592,-255.46384306000144,20.53072436423723,-31.015732133592433,-0.03956470410633528,146.13542373641903,270.015184880055,-2.3309653915258393,67.33871558923084,-195.79839360611362,-19.994142533350793,194.4177038012278,171.88635164818967,-8.711165945755825,-169.48134201235155,-90.53147374273554,28.870010174735835,337.0188929223434,-13.016878961355914,-264.673465541841,14.072830212276475,-86.87349597883146,248.41322845918305,-4.295868812186989,-22.026622473583767,-0.05407349676126988,-33.18901847560256,54.66744133118995,-54.62456051424722,-13.118627561071413,-49.97143612273437,-22.262457842892548,-3.6612258558126247,176.5714743551924,0.0,-17.826225553891614,-2.7274381516563997,27.39952591023634,-211.06203959852124,36.2585343167414,-10.6113895006297,-2.1021699338464166,-12.146517507000773,-593.6970109346933,0.0,-546.8863676564386
258,41.60096240259271,37.49092604899214,-122.04415779560217,47.251724802155145,94.1160729088518,-76.22782112541611,-92.24532655628545,2.0941365435765333,-56.77593279187013,1049.3535025935046,-14.429978217019741,-36.62021572231681,-41.95366982193524,-47.31568316163544,-1.9285545136494426,287.4430064901746,-20.26722181922055,4.9371481998753195,21.920193552214748,-64.30239911737254,-128.8625389479247,163.88451287814996,156.0131384759835,12.070607824475477,176.68640520351096,-51.993492560048495,-0.044605411705129744,489.80446651883005,37.81742893159675,-9.457376249786792,-15.161016936370274,81.0311801716064,72.83825088559828,-39.475191077449644,87.28724444105994,137.73606016364178,0.08259139176268555,9.387638921358196,-54.669291866806745,13.802436667713879,-63.041385814138664,-51.940204291095895,148.28099948865474,12.358762160277337,18.087906876962165,-8.435020804446111,73.98207389602986,201.25974319913325,25.416203253516684,174.34078201913982,6.869983473584964,289.6125297737813,-33.72133456263222,91.35317684477108,-2.6466392962099046,30.9166746450355,-0.040065850942786356,-16.193853239635956,-13.774749562135138,-1.1073498315922021,-144.45854717468274,-196.40150560414702,94.22616463706372,8.408225100703861,-47.91861270835017,-7.728043468503161,1329.1618148805924,-93.9155799923319,-116.98939059847466,202.89549574956004,-12.142090529431627,604.4761652785959,14.030012259883485,-271.1905937054869,562.424419554999,-4.059727668178312,-19.727665629546554,-0.061586343833422055,109.8923178557152,-17.216818121175752,-83.64302437492657,-12.020745650070145,-49.59478913277496,-22.34580344669074,-3.3295655172600362,212.59541702245474,0.0,-17.320489122440442,-2.0795424705670476,26.413517695017653,-213.09639859532953,-79.24175531335001,-9.920141332989362,-1.8792173754390917,-2.6033072953768577,-755.4514379160438,0.0,-315.31482156202054
259,69.04457028041527,38.75211749312719,-102.36780067157713,-35.54573589414339,-20.555899934958596,-63.549509626719185,167.14962093051267,72.5565863697604,-46.97596883174073,422.6763207590884,-11.754700298992498,-35.422322757769344,-54.36884469418946,-48.093044552210046,1.079716013945056,162.7604260335447,-112.50930872849314,32.97072930595729,103.01911634810136,226.5242082442731,-46.06427672068402,273.83982318012863,-62.87824823159523,30.150615448163666,154.35440747827562,40.4600980465173,0.1470866146829055,299.91182848040285,139.69375361084812,-19.13870882902712,2.304310940123546,116.28730280904144,25.5914969814844,-31.15072906236431,-74.60390060041043,289.7952213201633,2.2594766694123094,86.88822813053194,46.73273491582838,-415.37596071820025,424.9823592974605,-2.2719137167266563,-69.78531660167685,65.00275485288162,18.087906876962165,-8.79770576043383,-24.478853257903683,204.7668724972561,-6.931503457520431,131.80186738732485,-49.7099234593544,152.08344661338336,-103.14969178380954,267.60909067167006,57.99165266263131,-31.349592646170706,0.18013400350158174,-38.77572382160689,-327.7521334164075,-2.6194749827888133,119.08159728388523,214.0058727015502,103.09284164327885,284.3968016776418,-42.93081197666135,-0.3631391371783028,-166.86717626637784,21.138875455515315,39.305369056583764,112.10275692372181,-9.610988653417314,461.32211992799216,16.983709545235904,228.13804951592903,564.6783769397877,-2.549168353170702,-6.810706608902205,0.25414418037464903,-30.089504955541027,56.16766360068706,38.05928844877188,-5.854766814873007,13.48666702524241,-15.18247649859553,-1.231785048048778,142.0690484740263,0.0,-15.272001301570958,3.1239623972110966,23.22003568107769,-210.58011332010517,156.08561791703502,-4.0226096365099,-1.1990694420055663,5.4734961248997065,-769.0435993996848,0.0,450.19496998721297
260,55.38077951576766,-113.92121081363953,196.04250188981422,88.08263538576573,40.502324714737135,224.73158180682353,138.28750139106793,-26.782636769499955,54.0332091537697,80.50538080579105,-14.720116571888235,-3.675375822823811,-104.33180188572666,56.75885859173334,-1.3770113961140584,132.87937016930937,57.35047694827855,33.479605815253194,-16.429263050517857,229.4656109451126,347.58388570179284,262.36820675588876,-66.04180848423606,42.126317156380956,-36.27545526257593,-2.0027258437339226,0.029919150344717794,345.13342713854195,-109.43554011217958,22.83677603382111,-79.84130004051518,196.5056777798799,0.6409427594149828,31.631991128748073,-78.63250013022557,19.509480588240578,0.1629860886769423,84.03894320693615,-254.07249740236057,78.87935593524927,682.0898876689145,-105.79512815581167,-204.40947423734218,-75.42422103720074,18.087906876962165,-8.558740122777117,126.02445534352645,198.66632563220523,-26.76382561493561,248.2535478662361,-4.419214888302036,291.11943216461617,-25.18212647225692,180.78362718263722,38.91964575230483,-31.26322772245939,0.01724469695487707,396.06577128219993,-27.415089085173953,-2.522148563992266,133.0614497123262,25.870176861449384,112.17368873128157,363.6353269010319,-22.195345602334704,-7.7794454552015875,-169.00728489964803,41.57055420547547,171.46605763438345,197.88618636871058,-12.411694044156656,-259.43087028402056,-9.387070401643989,38.26480449633207,315.03914250488907,-4.052390978974224,-19.02029542020914,0.03492301538876258,-32.495241398323934,55.150103666779096,31.520543484314754,-11.874141252972887,72.04925248045551,-22.813491043157264,-3.2506257100111684,202.6849513688134,0.0,-17.423098100035677,-1.8873111387126462,26.802134574882814,120.44700590075654,-198.59430489214705,-9.849126060936827,-1.6213505025423591,-17.79114969068606,1202.8419755619957,0.0,-530.4270799831756
261,64.39146832636558,-77.62368080585591,-181.01212411419016,188.63874546459652,131.50007058161086,48.33481491111337,189.58575977288686,45.82020251291198,101.45647311975773,-77.71431425665688,-15.831774546293738,71.10154870273287,-17.68494661382421,59.09463456151304,-1.5488039028095824,58.231517259236455,-80.999252212261,21.570482390976302,-74.47474225217876,-245.64906738965843,345.27636187901817,164.1666419286103,-66.37638875950944,33.134760568550334,-4.127868536841163,-93.8386157324041,-0.004958785576661442,108.91625722180744,-13.099814744803773,-0.1580882892567228,11.44592073840506,-9.795693465866938,32.91004647245882,79.15798277271183,86.56845792090371,83.89181362343675,-0.7754701509074099,108.208443960532,-448.5011373827516,78.63732759937541,671.0009413322837,-45.3184377900356,145.47353783394658,-34.76100281503326,18.087906876962165,-6.280209771824399,71.11389452234259,-129.49792209349076,-15.097155950429913,115.30944329818496,21.924886398216753,132.8206824796684,-25.717185302963166,-252.52323617817962,19.553453679440718,-29.266718581193807,-0.026211955159400606,-31.76138453108912,-320.59814729197694,-0.45838918586503935,132.3838562471033,-85.0753892485689,-43.510317747471895,-3.1143317148895773,-40.32758727268492,-8.338792505783687,-169.15512158609178,-88.88316811854308,-7.875275270399415,344.1270035584996,-13.509386368051276,119.3199605402307,2.446818732795699,-29.92782189589649,558.5037629018149,-4.17737198113258,-21.00035531534479,-0.027134864514950452,-33.03797157796762,11.389655030412541,74.20451994832199,-12.527705613973028,-9.636502480689964,-23.357766498740727,-3.403462998893235,203.3187989788681,0.0,-17.713128863071468,-2.3395155386587296,26.112041449971183,-214.08828419793107,-43.162091057843725,-10.224870662305266,-1.809061040293327,-15.446564235371305,1189.1187323249435,0.0,-518.4172399529464
262,91.35554416514562,-37.03998608354631,-123.46682314548806,273.5394657630653,171.15332323658964,63.9954186888666,184.80176029441645,65.26087028714515,53.41567017265903,300.6495910475352,-15.807040615843116,77.81525618289416,49.76843933312009,59.22600858199635,-1.7426828220505335,-53.12216491868194,-56.72724458293838,35.889886277214735,33.59113197421439,3.623885295591604,360.3314996285509,83.9804752675269,-66.49917297043659,90.6231086108434,-53.69396580128979,36.94696622417612,-0.0016684436718435794,265.3208771895176,112.05569402740872,-26.050589718311336,-110.6043769183002,109.82477923432225,50.97409472307747,91.43769414325695,86.97794068836453,32.0435974978748,0.06424675192040012,79.08503870155273,-653.76339087374,-421.05204365365375,575.5385110070898,-40.2093699153386,2.7957872359695517,-22.074699771194048,18.087906876962165,-8.209602697108537,-21.166376771450626,-131.29045529831046,-15.174109104009553,144.20651331300274,-40.66631194899343,431.1520294933856,-78.41453529762052,-54.215689084894045,31.809258786460305,36.749942281525875,-0.0214301833516206,331.7976285792971,-324.4456943460392,4.532120729815814,137.42009943974307,-192.8253326188162,4.917431911616356,-1.6865188141768175,26.840066510622393,-8.512808325719407,-169.40542812455806,-112.43438784424833,-5.158875383961997,288.2089551049092,-13.483657361145234,-263.7360110623322,4.748179787773702,-87.1399668869332,499.170600889504,-4.284142518875364,-21.584196864534306,-0.026312045903168088,-33.111612792479235,-21.813169121482897,-82.95021140732736,-12.958877508575316,-50.326011531822054,-23.610517727794775,-3.564238797060315,171.1650539898764,0.0,-17.849835019127312,-2.6186898147542186,25.417791342713684,-202.3683929606211,-0.9884891840264274,-10.43471068582467,-1.9488799015166454,14.610724704908415,1208.6478760192313,0.0,450.19496998721297
263,121.56121251229087,36.98726948850036,-124.88212297561805,-46.20958914581799,-61.673955209928465,282.26190649039677,-119.57873406093705,88.65108325736298,-58.89682311468024,-234.71914867536282,17.889063200841072,52.41458043277721,67.4673170715898,-41.59219166601586,-1.8114957318981442,3.0461836928348163,-39.469457620669345,34.247320220737144,32.25332819809795,157.0105677344483,88.04936502149594,17.36167813563145,155.20239906114662,40.84718688481357,147.45639193080456,-90.23232515528868,-0.010935022484096758,188.3541118777659,112.08858903836136,95.90239586005289,116.34162784669508,145.62820915770692,97.58180083403084,131.57519442868184,-78.82052910966777,284.35180982662007,-0.14964357395633746,86.13979556573594,-352.86532349770454,266.25895092341995,20.55996969006479,-29.73274458593292,45.03839928047824,65.91632922283831,18.087906876962165,0.4899013467795939,-6.510410605318614,-131.28368930211545,-13.910352777103498,147.35110348666626,34.52038856613147,573.9728314986145,-52.22070533615323,87.11714136220799,36.06827654168523,56.65477499005094,-0.0041292322759609625,209.85713842673832,48.368023970830805,-0.030153818040787657,-74.16695526597967,25.933156066333463,-27.717424330442043,139.39955413209455,3.406626066926695,-4.344521370614972,-168.93398694704382,142.425602708349,-45.02624446442319,319.462988769182,-13.140684662839442,-264.81322082352375,5.769868805036424,15.631705100494624,536.2883697411438,-4.056905381084059,-19.75173563432755,-0.00644331061017063,-32.384402586378755,69.2859925716237,90.99198001556526,-12.20143816441768,-25.767234261658757,-22.380356260970927,-3.3136648336245056,230.0322736358096,0.0,82.30835468826577,-1.1898687678587114,21.99276559882205,-208.04506610825987,153.5881239109203,-9.446249769485762,-1.8083716361666753,189.0135720270691,-744.3505525107009,0.0,450.19496998721297
264,57.52973643803319,37.60082330946654,173.31943919039526,94.40434479541081,86.52922342212769,307.42011525174064,75.36218518218831,-28.45656649195881,-58.90419291902673,296.51442628183156,-14.310237232934531,-36.905915347750515,-16.835727763122346,58.298314335807,-1.628081926499049,-2.5230526779976614,472.2196950801273,3.3387497145079656,-36.461531248177984,-11.31616050802738,314.6774208627845,139.27149471992118,-66.09545064693566,0.25537730839312744,-49.329432155908066,42.65036551820495,0.012947627045645676,-42.36654988833939,-24.98818348363136,7.266176752928129,-66.31519850555823,201.82842166869523,24.277864112755783,10.885950900213102,86.71461167401507,289.56176949816205,0.02225786136356067,54.50083013517042,544.1389239232637,78.67845626838371,681.3011692067779,-44.267368593727504,15.56375778643452,-32.82754927904648,18.087906876962165,-7.298276606904185,-144.18752175418211,-130.49213268194111,-1.7754142280742535,-74.36818114841685,-14.37982358254518,288.499481926017,-52.25163941953406,-170.15263730072544,-13.069169464352807,-29.85153171688241,-0.0005445527494923174,57.3861842400369,-322.8965202566226,-1.757812059263877,194.70467993418328,-195.67713576213106,-44.75479702299036,-4.371437077985961,-23.369395135989215,-7.884313064647307,-168.8386481933887,-90.8494361034092,-8.462525391110646,452.9774074578977,-11.994851397650399,457.62380453400306,103.38644415638736,245.0426384053002,561.6110732568234,-4.052552592399079,-21.057127742951014,0.006461215371319037,-32.94702032706004,-21.04955682563213,27.50491096762806,-12.253377650808536,12.376222688621418,-22.659506366818732,-3.4257461486049103,152.15807794565413,0.0,-17.58279934441946,-1.9868192254877775,19.498116972663848,119.43314968850264,-80.75583608668069,-10.09969461074043,-1.7826227007813642,-22.404511935222843,1202.0811015810812,0.0,-549.598676823371
265,52.846025348123135,-112.90500051308851,-122.64660915966161,77.69898825370193,188.16001471033826,-17.721158382791113,57.98040459005688,-24.710514116421006,-50.14389975590751,-77.37118355866443,-15.402100003548009,-3.9199423067985815,-82.25973561796101,59.27827767090452,-1.8153731766385266,123.54872980002006,-0.9988435254554133,-2.456684717969505,27.632814503622377,236.86575579656187,269.3214144825324,110.94076689791822,-66.63461439194658,51.39128858021128,-126.8715999398318,-46.64976290113139,-0.021424048316249587,45.607928540214516,-109.85793255554456,-7.479524876313148,-62.83539112651244,7.350143259348643,-13.351260509519918,8.72631922202516,86.75571190365072,37.68152389170334,-3.3713402496600153,51.336155464692844,-55.3877641712408,78.26211711114897,-88.55020214003349,-85.77081896013749,3.3261969526298776,-71.57998150597687,18.087906876962165,-8.79567246796343,46.68121742656649,-131.49560360881796,-23.337095121009476,242.53602522732365,-4.962014808744144,288.24560043806457,-52.296075878539575,-170.78479172678652,-13.26562037776012,-31.404645520425568,-0.03165634279819248,396.0628317323153,71.0033869371011,-2.6189272697919677,60.868332287397315,25.187775625787797,-10.531340357195157,142.016669727821,142.27433748341502,-8.673511313497968,-169.13911381604117,38.05845468126489,41.1565253204826,383.94861536581766,-13.067924598686853,97.93890623955176,43.787429002744055,0.4308081820736483,232.40889728699847,-4.295282112723058,-22.42233821181199,-0.03955643901809508,-33.155664859318264,54.83151544960381,57.407336912423894,-13.247102067499867,71.47808714846626,-22.04866165059867,-3.7023461530520025,160.6665959846864,0.0,-17.873077886271723,-2.80210585934364,25.778079678852954,-204.4020952561655,-208.39041468003413,-10.657005990121165,-2.0221460645305345,2.2315069712505546,1207.5385253680615,0.0,-235.9223892973124
266,83.87075546583297,42.034986776336396,-79.90148859979251,202.25544421905943,127.37231573452198,81.06381866351892,-26.73480571449303,25.532304136263154,-38.24486991033862,426.15006601911557,-5.353680381423455,-35.15772078264662,-11.312124945920814,55.70272310121881,-1.9170962694779028,136.73334423385043,85.06964344500189,67.12047518760639,-62.08877108558266,65.52416976620478,123.39319225345275,354.63488035742006,155.1730058206136,18.51859268179,85.95685582540641,-76.67749797067201,-0.03924139698613049,96.43040359597282,58.01309679316342,24.41611440587072,-67.79280509733493,207.1360044225865,19.00484748618384,-82.35662542688644,87.04613016419991,285.21180643433274,-34.593440752261024,13.430767521052239,345.6058065888807,82.23220237106266,-38.61217562185069,-21.409965316619974,-177.81676840853297,14.342537694703708,18.087906876962165,-6.576570678094554,88.76204018159022,-131.5737243697483,5.525615651769565,86.38326031283661,4.725099586230837,429.6846602450062,-24.16405270834287,-252.88695986447254,-16.370533895702728,23.31208885360262,-0.03239498277607636,241.55542892365318,71.75498872686053,-0.6677469934921321,202.65485551077478,25.726042823384077,-24.90283911646052,69.35018429620524,9.072843927352912,-7.506410978574296,1328.3321614248284,-82.58823588868077,-30.83596413332532,312.01796993835796,-3.0452500864822736,119.47823183216805,52.931224956512466,-123.11819602637624,322.906108189607,-3.146363098795542,-20.20098432770759,-0.05079885811096956,110.16661821945999,-18.757639401561068,71.96250752229884,-10.027729911276838,86.9818119069247,-1.7832304873889726,-3.337943577410769,209.2632620089323,0.0,-15.586462263535362,-1.884076054023665,23.74281828253289,-212.3558989375831,-67.74795576693823,-9.708318919686308,-1.8766202876059632,-2.29571402072895,1103.2450719965595,0.0,450.19496998721297
267,64.85736957210884,-116.64116105345595,475.3694386227934,151.56300367052498,165.99850083215026,62.98813316227473,43.58011525293844,59.529275490930516,58.84290141791754,297.32221685849197,-13.867160604983475,71.49958667517504,19.087720942518427,59.22715230448489,-1.7564122487571052,134.88132474983297,175.04055170730985,-2.6594595522165343,8.929573910566871,265.33166257011874,193.89788870477554,168.13775442876025,-65.91295509546009,83.14463178363229,-52.19872155505175,85.50710489591263,0.003386906869747695,-53.858356155937386,-94.70142778768907,-0.9301911087310207,-47.482934071941855,184.5594067839586,41.20182302349783,21.46432219905864,87.11303626145292,214.80213508211935,-0.06176124105881294,77.1752483017949,-55.088616911447296,-143.1920179416431,-132.29820976463358,-74.1857999028115,2.8621446926971794,-70.3575187870017,18.087906876962165,-8.593817802088399,64.1440182053179,-131.47227779557576,-22.957131004948817,-6.045397982246966,-54.18517662780243,288.65271762873607,-75.41151042452569,255.2318869516284,6.353054337427105,-31.138898621398443,-0.004893287111394744,208.23084344539137,354.29900615219844,-1.9022429274821844,132.44879495070822,-196.3257229658549,-44.8416053092143,-144.81278941345695,37.84972327189699,-8.402255135298251,-169.28781493276443,-100.30754160463017,81.73206310595951,451.10318888363423,-11.550512987594558,98.16123090462173,1.2626155020180332,-91.1176506831872,552.4239462589379,-4.021404757518455,-20.885499371411402,-0.0009496974314308626,-33.029801137567986,51.27490955103178,-27.136818742084223,-12.293720447958211,-48.53765947555569,-22.746852393062124,-3.477500822891167,190.19605238922378,0.0,-17.424841522926897,-2.4343309693883155,23.85714190627514,3.705723579685222,-23.29585555437534,-10.275900430598377,-1.8643297804268377,-17.89955020786979,1200.7775198935515,0.0,-97.64056363073176
268,76.49263174248061,-30.537734985394714,-117.34251070913201,-8.488174613305514,81.53202282548342,55.10095717497116,166.47114936606138,40.65742600439712,-49.92750083508263,-76.79647274078198,-15.338256336244537,74.89302922123257,146.57677403801483,54.03232411445621,-1.491391472758818,38.48030320655421,-161.64035636855382,6.475453934984249,-34.93842297585882,175.43630647517008,406.6503005739608,323.2116960093198,-66.19235194163076,40.171581870870675,-30.41698075168369,-221.2160753793179,0.028040521498349378,-44.548640049234216,113.00709466932733,41.01484800591966,41.14853085128367,123.12166224963279,45.3750048086808,-40.19741007236022,-79.06151548468604,127.11312541399658,0.13659397691969102,31.118022599480252,144.68800659240432,78.73418713886613,683.7205464998618,-23.93470662588322,74.30558777897271,-31.709696934637716,18.087906876962165,-7.259499407626007,19.070428296459617,-129.83592434816572,-6.001716608403328,230.38192975671566,36.46930761111703,288.9532596993619,-52.121381553133254,-167.50952679459678,-29.42861535021553,68.99138258921457,0.015532826777389167,84.38610881514941,71.414812906881,-1.234706693472022,201.53545305742037,25.805036890730108,-8.299698319947845,281.870571452718,6.977255704796171,-8.120426523750103,-169.15995167412234,-82.79009534671276,29.53777674832761,461.2032353552386,-13.032382676970888,279.28426327746524,43.63123648074406,121.39901954565259,557.6443401172576,-4.07765835491551,-20.263640855647562,0.03031995928127823,-32.65313344319075,-21.47599631131489,106.09000709442859,-12.246847530274014,10.906258328967228,-22.723522312678263,-3.3376155593383605,163.19103731216907,0.0,-17.601828143704903,-2.109739378312354,20.748075372828072,-213.03371129721668,130.83043837452854,-10.127714538497246,-1.69813251660134,-14.69690043092675,1181.2156732096446,0.0,450.19496998721297
269,62.460911114434694,-76.06376265451689,-67.64443904151828,163.1624970750102,88.70283364603056,141.09634263245374,155.66879222827427,-23.15869071394952,-56.10805335828701,-73.95428868774167,-14.631808847232065,38.48443106385859,-23.820651579071228,60.17401637237353,-1.760553190098638,172.13959385993894,7.495060357429464,6.337463873244127,-27.642975210140015,159.16271819396593,157.9318168701783,199.6093773933371,-65.85786767914416,27.41743104544465,-149.46300993965136,-87.0982498861365,-0.006940933056865472,113.23749015902179,25.73986729284655,-20.047739850860903,-77.2145464694535,44.406468070110115,40.88751460817927,-115.93106355692905,86.87472349090261,124.99056303001557,-1.566602977506623,63.44583881180142,-54.86404123877094,78.56650426597234,660.4597832724103,-44.73729411463859,3.4480018745418266,-3.9464174094682924,18.087906876962165,-8.634073391737173,59.79750216947635,-131.38364042076597,-14.654340832217613,162.57680627576562,0.5528004011002985,288.9101741930439,-25.60394867248009,-256.391615589423,5.404091786606206,-31.140407818236344,-0.014860588618652379,214.54235304117438,72.51322367944155,-1.7425554330571613,139.51679373431136,-196.5443894366532,5.006091114102219,265.58814619417956,-13.41546692133251,-8.533539951728057,-169.26805592483424,-91.08916830726146,-6.569686699619154,263.439160942024,-12.309352864273597,99.04421971129347,-0.465481965356904,-35.26904017150754,-85.79451914726143,-4.117871032085603,-21.428404384075026,-0.01581900744791004,-33.07634980611969,16.668023804506696,-27.18976797269342,-12.666147283024138,-49.32982192218789,-22.119575556130133,-3.5517639065767255,152.00895780206827,0.0,-17.605671844883922,-2.575642373165606,26.4956971063496,-213.07442868673738,-201.85105241765876,-10.4026188260968,-1.916456779976075,0.46025026747745107,1195.2852676845953,0.0,-484.10312861225293
