Extracellular exchange,Vitamin D metabolism,Beta-Alanine metabolism,"Glycine, serine, alanine, and threonine metabolism",Methionine and cysteine metabolism,Lysine metabolism,Tryptophan metabolism,Tyrosine metabolism,Ubiquinone synthesis,Taurine and hypotaurine metabolism,Cytochrome metabolism,Steroid metabolism,Sphingolipid metabolism,O-glycan metabolism,Blood group synthesis,Glutamate metabolism,"Valine, leucine, and isoleucine metabolism",Fatty acid oxidation,Propanoate metabolism,Aminosugar metabolism,Urea cycle,Citric acid cycle,Vitamin B2 metabolism,Nucleotide interconversion,Arginine and proline metabolism,Purine synthesis,Keratan sulfate synthesis,Alanine and aspartate metabolism,N-glycan degradation,Bile acid synthesis,Pyruvate metabolism,Glycolysis/gluconeogenesis,Eicosanoid metabolism,Starch and sucrose metabolism,Biotin metabolism,Pentose phosphate pathway,R group synthesis,Miscellaneous,Vitamin C metabolism,Heme degradation,Butanoate metabolism,Cholesterol metabolism,ROS detoxification,Glycerophospholipid metabolism,Alkaloid synthesis,Chondroitin sulfate degradation,Pyrimidine catabolism,N-glycan synthesis,Fatty acid synthesis,Pyrimidine synthesis,Intracellular demand,Galactose metabolism,Heme synthesis,Fructose and mannose metabolism,Folate metabolism,Keratan sulfate degradation,Chondroitin synthesis,Glutathione metabolism,Hyaluronan metabolism,Heparan sulfate degradation,Glyoxylate and dicarboxylate metabolism,Triacylglycerol synthesis,Phosphatidylinositol phosphate metabolism,Histidine metabolism,Inositol phosphate metabolism,C5-branched dibasic acid metabolism,CoA catabolism,Vitamin A metabolism,NAD metabolism,Purine catabolism,Limonene and pinene degradation,Vitamin B6 metabolism,Phenylalanine metabolism,Oxidative phosphorylation,D-alanine metabolism,Tetrahydrobiopterin metabolism,Thiamine metabolism,Nucleotide sugar metabolism,CoA synthesis,Androgen and estrogen synthesis and metabolism,Glycosphingolipid metabolism,Linoleate metabolism,Arachidonic acid metabolism,Vitamin E metabolism,Biomass and maintenance functions,Intracellular source/sink,Dietary fiber binding,Squalene and cholesterol synthesis,Hippurate metabolism,Peptide metabolism,Nucleotide salvage pathway,Leukotriene metabolism,Nucleotide metabolism,N-glycan metabolism,Drug metabolism,Protein formation,Vitamin B12 metabolism,Lipoate metabolism
45.607360344777746,59.09022481423857,-86.80727149129034,-50.35468549869675,139.6870324988743,-90.60732418433852,-77.63111117059465,51.6110368149709,32.75836403499403,22.079755980536277,-2.2272061326709514,9.021979238228964,4.289098321245829,68.00073917846508,-0.10982074973545251,301.4074225543535,316.2531657452555,-3.6495896544526434,100.14039203647674,-110.75745518933871,-117.27963010403536,185.07858801856827,157.17346734722977,50.30983838336074,127.74780346761686,-32.59020972328671,-0.005008558687547946,539.7220209555944,27.132385282861673,-28.18277459745262,16.85311377743047,79.56207800791692,170.46015217649608,56.779317117517046,91.03249277757625,82.32073796238946,6.710632721657704,59.21014473099254,429.1812436506196,-133.22794958590578,-59.46085992494367,-35.38617099015251,-195.66014830236762,-24.810203151171258,4.206412995699793e-12,-0.7622226046683938,74.49845334263733,-0.6844230417379822,37.38664823169148,90.58943713183479,1.7176001218724997,145.668783105645,301.4331399328692,-20.79011134980966,-8.948954257258832,27.08317217479923,-0.0069873232808081035,-1.3324981806968097,73.70821735500358,-0.6989505832073917,-103.5887670209513,-147.55329116450906,-1.100733445448094,-212.23964225408204,2.0074689405507855,-2.0089625105922417,-135.6534423854983,-86.5628509920724,-9.12229471259055,320.2608906470309,-0.9308702113258368,-8.907767041326045,28.99091861332743,-62.7158985813104,567.2493654042472,-11.483484910728752,-1.7090153910283128,-0.009682404569725259,-21.662879664502245,-9.233677538417355,-70.99923240191363,-0.9004126508626261,-43.98270817294099,-15.538318265133535,-0.25127640304692955,153.15773354085005,-1.8947806286936004e-14,-1.0165451314555005,-0.19159194917659383,19.084334721688705,-234.51673623886063,-118.671423954116,-0.19754081082690322,-0.217853514098468,-5.993644180378951,1156.418521367977,8.983289572459057e-12,-589.4415459429955
88.37851735786393,57.94104168668394,-85.73937171369701,-19.611607743254165,-24.552912186459128,68.78307824148006,135.72792872910534,86.70278025636874,-22.939277564176255,18.33928309339396,-4.4346543297194865,-22.158894502809108,47.778787357294036,-38.61802623799932,-0.11990230807421966,156.22378775380804,-71.97334681314575,8.121949818340461,-60.2673779510864,55.3445615908842,323.1038165112689,207.2558542605056,-64.81629713289642,37.853524295254594,-136.94203333663327,63.09887034888398,-0.012787066802427267,125.64738705958624,120.83103310476231,18.832959859290487,-15.26895754286162,148.15378423573046,158.73003167784483,58.68220322252353,-74.79700882795949,226.37079527989795,5.803608388349425,18.03530844018052,30.291140103224553,34.14209742180202,16.986069939205255,1.2636550344659132,-147.41199382785163,75.93586780111455,-1.4097167877480388e-11,0.29804101512621745,-60.22157863599693,-0.4623333783912075,-2.9422649858061747,130.94090941009463,7.697628505046959,64.48983270446186,-24.365298041509337,-22.372810365154717,4.36931433181843,-36.64009529496679,0.020627374909203508,372.3483181421607,-324.1583036523616,2.929346463477241,176.94880937389112,73.47334062113674,-1.1485406564422334,-71.29680330979728,-27.10546012345708,-1.4328591839425049,-136.77592257302473,110.00283097276193,39.41551506274436,495.3755467252494,-3.107226268846091,-187.50087506139062,82.64354806915435,1.4458325445313895,361.486432532955,99.51083612259448,-2.994564932059459,0.041452533448659026,-21.532444594783158,-47.60494453637864,70.27132843705454,-1.553496892905506,27.800292578195272,-15.780273596744081,-0.30914396797418664,212.12132913310623,4.7369515717340014e-14,-1.664131505730974,0.7494902527391034,25.63427174210128,1091.4324136120756,-114.31471029726951,0.8009379632809956,-0.6652391251855849,33.55532577467773,-766.1462095656659,-1.856912462717888e-12,409.69495667540883
128.4405597207819,60.18274482129217,-85.62621757643927,8.406419335757509,125.68474769207742,75.08006493095162,67.23386611311616,60.14133033449083,32.99670875803571,145.09226487957125,0.08297254847889386,9.522770669905237,8.723614878413011,-40.02713909393527,-0.271161301108418,279.9468746403372,408.36958575195086,79.59788457494551,8.772878448888312,201.32818928548488,155.48632699904232,232.5887116922852,-64.08547417744053,59.27468396452931,-90.87266627138291,-61.35171286451316,-0.03776575332523791,131.5573779584533,28.028361188914854,18.571508190783693,30.04378063861264,105.75094551621368,170.3976279333419,-204.09385152286583,-74.42402883626262,286.3602617209865,6.447887956873575,83.43107064840372,229.1831232104626,-131.33928252804458,676.2432534266551,156.67156222326085,-4.324804058793583,185.67489569951317,3.83124643121846e-11,-0.5170917115107055,132.3710260482094,-0.6843384653041129,5.881760517962185,144.69032924756573,-2.7491390880967,356.29719957515914,-41.71449132199477,-110.65335402968063,44.17664324215028,27.121121780981788,-0.022452156321493187,50.58591896257971,74.6707546534926,-0.4349267908921252,-92.09749490201216,184.46555307199742,0.4220958129961673,378.4558438721365,3.5644329421195993,5.277254992354047,-135.33866454727868,103.82993620264769,77.82826723501806,560.5837337624323,1.3761800001793834,-45.65756852923946,35.73173830795582,185.11741350118285,564.3434587101165,-11.048266352991606,-0.8027275824551924,-0.04032958942158235,-20.01878325397062,-8.023617720514666,-42.416743300320604,0.38602158052376834,6.421855126382554,-7.722790260002323,0.024602167203443166,205.4562936587904,-1.0421293457814802e-12,-0.40250748198310954,1.2536073447006013,22.613730843639956,-233.92064044055883,110.79126558049357,1.0230339339547747,-0.13255158659882352,-11.456098526489656,-778.3116665555368,-1.502110798887568e-13,-590.0036738708718
66.1758927753159,58.010642101770635,-87.86604154628827,10.852462743642652,21.138209508870954,404.84376706289675,134.74802933363466,72.98583993571486,-22.821074273871233,394.42926876565406,-4.385254546796733,-24.485664533566357,82.97788112250777,-38.387867614522555,0.021022287386290785,112.13346327677728,340.1106697971853,-3.4422084405255076,67.43901364268858,15.430482602405203,-30.67676216318224,202.89624573066735,-64.91276388072441,63.06541032028623,-88.54318774768944,-61.63328199020798,0.027468397505769328,327.94426451855793,28.593871493291445,18.198761865250997,9.158549618592787,225.23195603319593,169.01544812962658,25.603596756137005,-75.69340949882037,176.16811258972086,5.737710896648529,77.2597804015934,28.706128607444537,-136.94869385178004,344.45769492375416,-43.20119434508879,-25.098196020786336,-71.20617342504585,-6.480149750132114e-12,0.7064666056266694,118.26898985839998,-1.0840071358029513,-12.9407316400051,107.32655585737236,-40.698820882680735,353.7017205627302,-43.118355498385405,-112.8679337177445,-16.463576415665404,-50.95666988649783,0.0048325158612600415,-127.17585840630497,-324.9690222480507,0.043037597318383886,103.31855151426791,-148.8125377826752,-1.9933709676175113,-71.15767388594567,-17.429243852894263,-2.3061072357084793,-137.44975823305703,-87.90500335709108,112.02731435903135,155.18725485019627,-3.016038274569824,-225.56656947014335,41.31423871153327,4.873847216250779,562.9974276378742,99.20694990487868,-6.576570989289116,0.01793476616373038,-22.60434436413012,-10.076544078165199,242.84942226304133,-2.987189107149738,-45.07105110791456,-16.320756275329643,-0.8496424706984667,203.39321061286515,-3.789561257387201e-14,-2.057347263643546,-0.8230189765878452,22.142763466137723,-233.33817183325723,119.13857221340916,-0.9065080975261459,-0.6881639392537732,28.7375396176844,-782.7332166853171,4.809148672886737e-12,30.991319376028553
61.90172252557258,58.7513173778686,-86.64600957054145,185.9988637342923,134.32528703109412,-18.61132416403403,59.24799087673874,77.39421432252573,32.94581419277084,396.30171852005105,-3.021589341031368,-23.827566027582016,-42.02656727305252,67.79914951510784,0.2775486834544815,137.46017595939577,-47.10826342183821,-12.330490905363215,30.705133068853744,-107.09193406939548,124.79014016522683,169.81002698213115,157.82268535705137,78.44067883025376,353.79950729914816,69.7616874498635,0.02182650510695162,429.43954320554167,27.334428645472588,15.47034415715803,57.90723812723421,143.82558529034347,191.50183764477003,119.07197629295709,93.33596186363216,128.87094690185126,8.304577614092633,38.821619100065675,219.82364141765828,-130.79952875729148,-97.17638166469258,-29.256239250957805,-7.782495008006541,-10.500535698083477,-6.139089236967266e-12,-0.8156990104913528,126.34115572608064,1.2806514338514736,-2.1847091905629044,185.185796300088,-16.528709930909216,139.39080808567095,-42.638775370822614,-22.10615275076734,36.742493871642694,27.072080512679168,0.012077665441871646,434.88838491507215,74.13384498013508,-0.7222884385095306,-96.44304386099273,-145.91200675517203,-2.5466199522695745,68.53783297599985,7.675648984377066,4.089610756194799,-134.47287092697647,-86.31428707761995,-138.35957418043088,78.54753291120556,-1.9276837671020548,83.43830740640284,18.650933870106215,-300.97194635675316,544.3707378778843,-10.934784110075798,1.7051663002631006,0.004707784121552899,-19.982069113505883,-9.380928856363633,-41.87038873082784,0.9612611430279921,3.6338769997368003,-12.854616902964448,0.510738702455345,150.27808580866747,9.473903143468002e-15,0.19747049166817554,1.1749011436202381,22.392796205104585,-229.84014551948408,-121.87933373803588,1.0654074104282172,0.808854287687674,-0.8378721414434225,1168.5016882683353,7.426711946029915e-12,409.694956675337
51.36269432195393,-36.38690194533901,-87.31559360144112,-15.53700373014957,55.84132466698813,35.39742643410354,51.19913241845181,26.114396418058845,-63.093772588962274,1084.671897512655,-3.533802338283279,8.852320716627956,-6.179855625194901,-39.47134216193227,-0.25464008520731324,75.41583654493775,135.92166923546537,58.23999829646001,11.654665761829172,14.867600206850163,-113.85143585108854,206.81830218916647,-64.715396255913,65.05035915861492,44.2098465278627,12.232648202168605,-0.03444025149218267,98.55671334894154,-24.12578296508087,16.653822528516493,149.05173827477358,181.9099068341186,201.7903811617583,-143.10858263149527,-75.67536938615667,203.90662831581767,6.221596796666098,85.68759955043424,228.08102106443556,-135.29581534670382,478.07001690851394,-31.744172509082656,9.301336948857502,-32.78480519916451,-2.2737367544323206e-13,-0.8011703124206818,-108.64428295343998,-0.390046063159958,-4.206101334139317,205.28023973776882,-4.754650621942238,353.07634318735006,-41.1631870281677,-115.49822050695563,-3.01092604792689,27.07446364453887,-0.030631135667939107,-0.35977948259216674,73.88195896931504,-0.7143706867061345,-39.00590769925639,0.9380788919019855,-2.7329731040759464,-155.47298144073355,-19.359819528347884,-2.112416470921226,794.6415391431916,-36.01323951774129,1.5848334257708867,292.56808071703455,-2.231831939687573,-226.21497259945482,27.155991971127957,133.56809117911286,352.0517936031259,-11.362141386608513,1.1378411196425808,-0.04558866959907656,66.3066582232412,14.320225441715046,-43.10012927403458,-2.6681852233738512,3.92278204832056,-14.957592731717318,-0.7974443274787957,227.51101697147394,-2.842170943040401e-14,-1.598657713142142,-0.5915397589124155,22.692574579001235,-233.8970615565663,114.19328220363545,-0.6106702755813389,-0.609693557019786,-5.210153717911998,-777.7269082166292,-1.856912462717888e-12,-587.2454408661067
101.85485515726457,58.05688167244196,310.16342686369023,-60.87888989510327,88.02666269464643,185.5342011500512,204.06069920274382,34.469205539382905,32.69730209643142,40.91260556460384,-4.2873470252797174,8.332324252454745,-28.827587330053554,-32.384088048171165,-0.21940052243260774,167.71160888049621,460.7195118309499,22.91181147795559,67.41432556084389,308.86723173681776,158.32991589825488,209.89224438109642,-65.91518368912742,53.88225000093464,112.79974616105078,-62.688430718709796,-0.02490068908624642,-25.90943939762915,79.964079699901,83.26847887037349,-48.308576923978954,104.58590610272395,170.60427311563944,-46.964996918840036,-76.06785702967692,253.1710383031956,6.133616828814116,53.49457612836723,627.9668721336545,361.6092322585176,455.0014224041113,107.72333167959032,-31.083176014873995,26.50528826856637,2.6830093702301383e-11,0.5766949696741573,54.112487039313194,-1.2875662882783345,-21.693848106880964,50.67563835591805,58.32821068871317,210.6579206954753,8.952305718571669,-112.26742546232764,-13.323030993333978,-51.27309205464525,-0.0242286163956202,326.22373149801734,-324.1311588134347,0.6111125265887678,-83.50264290347211,72.01400516729886,-2.2537781348586066,430.35197012763626,-28.96343759878433,-3.0687403230360935,-137.29044829802518,123.72678658089878,111.80678426878615,271.96042480500324,-2.9012965329474336,-43.75588522826592,0.3300082392169107,348.4074450477709,238.30321548224333,-11.91800634089261,-7.425340786462996,-0.023942853518925986,-22.886955320730486,-9.599291890182213,126.3232435390972,-3.2962168334741153,88.30540970902432,-17.36270531022896,-0.9693340433026152,223.04173212381107,3.789561257387201e-13,-2.150415361479665,-1.5005510543709173,8.057779888944253,-233.87213962103613,305.4547960516966,-1.4145399809216714,-0.8957402120730693,-2.9233347286819322,1061.209748613197,8.124728818868096e-12,-588.9085446289347
62.90280088653395,-94.56483673432201,199.17368034337915,102.81681048065688,199.97712931355665,299.1274828929335,89.09218457107931,27.112676271319252,-54.51805740708344,-0.27074631006902905,-4.392687633209184,8.38049503996376,-21.06828200734033,69.06633973958792,-0.05128523521652001,-93.11206358551642,-89.90992896570665,-8.124578982329343,57.01763463299282,-172.38809136372086,49.30723391154107,237.65166011013244,156.33841007674204,39.01887126731905,39.187972510465,27.824853152917374,0.012927168835311236,215.4488759660622,-55.59935721171655,44.749625373752025,-13.919219952369868,88.99223105679104,134.098547966437,14.308878203031949,90.38275271291765,17.411187664362174,5.3884766915926825,47.92523314531052,-570.1701503554234,247.12922971283888,217.86040564940552,-57.19916074581492,18.141656677355943,-76.56834044551397,-6.139089236967266e-12,-0.6290168416468824,33.21489385675682,-0.8530684490948813,-13.02596484858257,158.33113367829156,2.4163000424945107,278.73929363961565,-2.947518590895068,162.70356824680226,2.7237759730926463,-51.56421112897725,0.003072838744967367,-1.2637484108121555,276.4021675796447,-0.5965095332705436,247.47453607818716,-149.91943352537712,-1.840549827810247,351.97612178821566,56.285840229504785,-2.7421264309816773,-137.28689147850253,-51.546138381378654,-38.69353158380715,351.6883629268809,-3.020741044681261,137.67345980946888,58.67837521428201,-87.19365657921664,-59.88283317066925,-11.826797802906945,-6.478891729247308,0.015437954308065868,-22.530404371557985,28.88938392972253,-70.77882508865568,-2.963440870904736,-45.27743781904912,-16.445485178088365,-0.839006114524446,195.24193178025035,-2.842170943040401e-14,-2.0179185343229955,-1.1089518575285933,26.51318420690346,431.5671443390495,-222.35537966262024,-1.034366528864946,-0.5906719851995105,6.606391093959916,1187.68576376483,-1.803218857114951e-12,409.69495667540883
124.94994177070521,58.289719084588036,115.29011082113632,-22.067961302781974,49.29367427963204,326.95500137120666,45.551754366452215,92.08776386221122,-74.98131636534947,20.778418063154362,-3.7976636365074268,-24.525474564287112,133.27019071589396,-38.83797064021729,-0.14015595367886624,13.893212912736125,-108.29567642065987,0.621142537689895,-57.249416732982624,141.33366091849325,220.9545177388813,436.18563412540504,-65.80665368449132,79.82263627833976,-109.9365581531732,-50.20275374493174,-0.0040816266444600935,276.0348177341155,31.901755384004904,71.51312478934014,-13.532277418442316,103.28959415016917,98.2164169478427,14.673664050464735,-75.87439499621007,191.5584534995031,6.072814012216933,91.3270253256265,-570.3064446589867,361.71272679979836,584.1814105568516,125.21012000762178,-35.95788490089968,182.68289674889502,5.161382432561368e-11,4.0079789726230635,117.53777260919271,-0.7874426375493838,-21.56980406587039,238.48281601556863,18.320697523660773,211.2820683222958,9.263784903453717,102.95292223161111,-28.83268833899056,-47.79199387837815,-0.00619500345824295,166.2782280157035,-324.2004015433646,1.7734547417820201,105.77726750730646,183.04903487287748,22.76813420815709,-208.12710112568953,46.70045134622385,-3.023964988873177,-137.52054038207257,123.88377075132553,113.50695918461216,191.90389762501422,-2.421286100244933,135.8818073655236,22.947095735141136,40.20799203016323,557.7869085010133,-11.825643815475896,-7.221117361663765,0.0034611302291672197,-22.813811343195432,-47.53634486890042,190.98038460629465,-3.1080981093074707,67.23760559681027,-15.251281371000129,-0.941539950756627,232.1848972921773,-2.842170943040401e-14,-1.983608610907784,-1.2526049937711257,7.58581567905518,-233.39909258443365,225.64282358003234,-1.125857454113928,-0.7683124043712809,-3.188877183522666,-782.118270084324,-1.856912462717888e-12,409.6949566754092
56.205031914399406,-95.50970512108809,310.16601698368277,179.3800811313954,80.53026561715564,58.230765623561005,-74.75905094844686,95.23526533506057,31.83397968934264,271.7201031702842,-3.677565124235949,10.14263272813571,-28.730831072093796,69.8687390505814,0.09165686891785595,13.719262868071855,-26.61940058219232,4.844859992041467,74.06651370649303,-111.46121660206316,-4.6473811601878765,39.274392964415625,156.63329930137047,36.07864457966559,321.65014961910333,117.98933757073128,0.024933009501162263,550.142788104549,-55.62157810435349,2.001108755958019,31.63547297978885,100.32285831014403,166.63610294525932,102.1519330646873,90.82742652936179,149.89613142902147,6.340921415533338,-2.6217701872560175,28.478755796446514,-127.19807312547445,8.521609080652059,-44.42539146606458,7.495174690413336,-5.40668326433638,-6.480149750132114e-12,-0.7281545768168872,98.09979936649596,-0.6722919633365183,-10.932079896251652,92.11052906435862,-19.478700694592032,136.0081561060717,-42.324445479465886,74.49505123076752,9.886950982922757,26.870414856468084,0.015160693455624886,-64.75208138780195,73.89991852665375,-0.6871655214965294,-38.62163421769463,-149.1037394235028,-2.7574897363928756,67.95624839635845,-28.128141455923025,-0.7234357424961934,-137.20042998808958,-87.85216639449173,-68.1773744277545,268.063834064626,-2.316412192349778,138.69246861281997,2.625899597199698,-2.2424155605057443,236.5209712331624,-11.605998753411244,-5.76374293136536,0.029215760392015372,-22.091289880772113,29.119757446686553,-70.50896081565811,-2.5543988686135366,-44.98137126962357,-15.129173872880376,-0.7446495968998605,192.3484311390961,-1.3528733688872308e-11,-1.7974601569309292,-0.5961151710089672,26.54214004611491,431.19312372529254,-125.77601979729312,-0.6283997432907855,-0.41949796711290227,-5.373538319727934,1200.2780283844845,-1.1559458233416375e-12,409.69495667540883
57.34264411462146,-94.66191565753064,112.76148191018653,22.636463765940604,260.3774578823538,248.15497126549124,192.1312696436665,61.946731953908895,-77.85723921750203,20.93894067106305,-3.8642755894409047,8.539340063968824,-10.050277734079186,68.10024732274991,0.024683800282868127,222.89716004890852,93.31825186088186,29.743162665113577,-65.33249857506354,138.817211377246,330.0260182596884,228.88613965073228,-149.02307548784094,49.691201312674956,301.3970891508584,72.02283791184982,0.01004729610705172,75.65701433993966,-55.14888827989546,42.781526275733796,10.086214085491903,146.4855831954788,140.957407714354,-44.81838955124078,90.55952558271004,16.720227550634014,6.381575868207086,79.77931818936923,-567.0566836322339,361.9512431475254,636.4032266090845,-91.75989831523319,149.76850136068398,-35.71722352354569,-1.0231815394945443e-12,-0.3769459979705206,-12.145601390909224,-0.7450200695479116,-21.02003880948706,231.98266643494472,24.16740953533377,68.82963462193929,9.41756780202544,-14.347468274757961,3.051051168269298,-51.61083052687068,0.007589029680839667,-126.76057668907876,272.9921882239915,-0.5449701652009149,244.31651169590646,-149.42587447571694,-1.830909593092656,209.88073498102008,31.82196051921705,-2.666172043258935,-137.23251694041434,-66.83455143449955,107.34160901767017,226.61607708943328,-2.4935817955420467,140.90290325107108,28.08472821396981,107.68209709599066,561.7085899021637,-11.727451436509906,-6.1114501974451665,0.02455167958282395,-22.51733769160549,28.94026884241443,56.487559216133576,-2.63571297944004,15.998449914443867,-15.530654434855453,-0.7604525643796465,179.3422679166848,1.701513004566853e-11,-1.8751160777370437,-0.6552619410959661,22.71105986456123,-231.217787541559,89.07927997472135,-0.6428112122132577,-0.6715443619781306,-1.8206420073395722,-735.5433290511646,-1.856912462717888e-12,-585.5186559050985
63.83307659561747,-66.10131890021918,115.74058882725994,120.41533632321793,-51.449429079325284,-4.12758505277887,47.0683610719972,96.21646159526667,33.91214828693458,25.95678820582225,-3.9407695200081685,73.6258234170501,-42.80176964878023,-39.23235842307455,-0.112218565055726,209.29301379183963,-30.6885943922018,-15.925533275009208,-52.644944541078374,172.44258146367403,175.55080117386507,301.6423794373416,-65.5932358897842,86.38073369699877,235.51575264643944,65.96149787187888,0.00687653862010414,432.43578737711715,150.41394098070617,51.92390969897624,72.12542853125285,196.4543194167099,184.71735702030065,-62.56020076392579,-75.50111570633749,309.6910160387455,6.501266132579416,52.61589150823549,229.07507514565913,-120.98195405146974,673.9070678818292,-56.9170800789578,114.31903585670837,-45.07102450261114,-5.263700586510822e-11,0.37814193204822116,-175.78286995253842,-0.9698470951817586,-21.40562026232055,1.2568327118950104,-33.86301802257258,353.6543771416107,-41.76958563692046,105.16346589203219,21.991425973849147,-9.654001243272091,0.009426061103454722,-127.03950720938951,-322.9939038535618,4.0766057252121914,172.5701258059259,-149.60672289943042,-1.860626276746359,-211.0306708103583,31.698596666865406,-2.5215178118547867,-137.33472488700903,-87.50561187082707,113.57462776121348,261.16032634452375,-2.578195749923477,-224.73855012979928,52.0327084417594,-2.4274930548384575,487.941873246101,-11.68185751941445,-6.0603596509418525,0.02364851775359078,-22.652110038269218,-47.46147965891839,69.95428974058927,-2.6617029412602933,15.881162965028185,-16.887638366119738,-0.7645499107218178,168.07164239956597,-5.684341886080802e-14,-1.8626648728295703,-0.9407963521577785,22.555368765341907,-231.72664443083843,117.5172784429613,-0.8140488125070888,-0.7226948529340641,14.43531065368497,-784.5960091795416,-1.856912462717888e-12,409.69495667541656
71.57305743226887,-89.55989754659132,-75.81843732974008,118.56706569633758,4.4676585547794,-56.750997058553224,94.98093892635606,-3.569601535431013,-76.38237708888093,22.408827795856325,-3.9997608549698183,8.499035256106094,53.44303245697232,67.96430171454983,-0.14072695404757743,158.90032442540874,385.4457176801438,32.525220267149315,29.228010973628518,189.26951711830165,253.354828482571,200.28965939978656,-65.8449339537126,-1.865494667936698,379.45885550011315,-63.81889918035816,-0.008939367929431646,-29.977071422913713,-50.668695030399135,35.04107066660596,137.8145623432349,27.361712993224586,153.30203134472558,155.5618371298195,90.1870138492864,-104.50878101738418,6.219808762467122,62.243970026947615,55.352851914017194,361.6575701621624,666.8464040866886,-80.29728286005042,-9.883061620845968,-65.54148091799843,-7.776179700158536e-11,-0.39229017410891964,86.8183590535816,-1.3437286732115712,-21.766782151463886,77.83894278468989,10.305799929276683,211.1025012611198,9.328803642212876,-28.769976187922286,-16.39477610706912,-51.634894858478354,-0.012622226663404793,-31.40476777814019,-31.524451835995695,-0.07538471997205483,245.50526107485257,72.00203695490183,-2.1246768281808386,-71.75770970189085,61.73160180994666,-2.732536747558476,-137.28447240507734,62.994267228071834,1.1572632443536282,333.94029820345014,-2.618032166747274,-36.42732801686175,18.02964180649864,334.76515813234425,554.4992363429175,99.06674508111473,-7.47233999749255,-0.005978945220381726,-22.87155230174265,27.609155248439826,14.014283907738825,-3.2619404340683977,53.916109964700034,-17.087890493259987,-0.97957663666066,168.77384747744588,-3.789561257387201e-14,-2.059674440187572,-1.2716080833212322,26.224302267797043,-234.94783341834776,-122.27343979596515,-1.244513633380052,-0.8754412018661676,4.265401201664358,1176.7011068981403,-1.856912462717888e-12,-589.7285040932798
90.89228842210792,59.98182175205065,-86.86852145830622,-86.35214316350525,51.49861461581561,72.13678783033028,174.54054591867504,23.63475634212822,-75.8501028853029,22.10730888031358,-0.3882748129538317,9.170779032831186,48.884138043014,60.87250302365832,0.19760550533098079,9.690802928364423,164.51513578668525,37.34851931006442,66.9151723304417,-66.8139442628069,-64.32718864743306,168.32745090299775,-65.13769027957413,61.85624074756371,93.65679741846193,-128.6708255439442,0.012743491186245686,-30.12892753492921,193.7296597636209,66.60442385113484,-5.590136922192862,142.35396757413955,144.36424989548053,84.42671044096244,-75.87898164687942,34.13427206803763,5.388161830341521,75.5302613320764,-368.4449945947011,363.2077410197673,507.83653730937846,88.4547810035789,14.957506812155588,51.86660198033812,-7.73070496506989e-12,-0.7176199482776361,92.56168164747736,-0.27521772840815234,-13.359628195732428,89.84493178252082,29.943707204624417,72.6387429087788,480.7831428579148,162.36023783621076,-17.081871347108898,-51.68762362353075,0.01531503319193757,0.8121476376407806,-325.8441037749682,-0.7087450123793735,182.15788339883497,183.32260583714708,-1.7148578904512732,-206.86330816830923,0.9013155118131972,-2.9209751128151127,-137.0787024805332,72.12350809135822,3.45774317955073,492.24960791660027,0.9743338616852975,-33.559510132704546,27.57657511934427,296.83439720672834,289.0719842142926,-11.529441893865972,-6.085499434251478,0.03545631945103879,-22.48589517597605,29.26405657091649,103.68555894826315,-1.869775233500282,11.437539664071021,-8.477383559024343,-0.7606891813090574,219.8263173250403,-1.0421293457814802e-13,-1.2195772849522517,-1.0175825829430596,24.9542084974134,-213.95809792193586,-1.3897453723004176,-0.8987800222985389,-0.5808761152191169,-9.102785339429776,1107.2430226170623,-1.856912462717888e-12,-589.4014959585523
113.09472597610707,58.31723439695907,124.7415466668751,4.9261044118891135,80.62695937664839,159.83587944432412,176.05151723277726,124.78649072866754,46.50559780455287,145.39770391201083,-2.9433197960630997,10.643360811834416,9.108068176551278,-33.821431600544265,-0.19086089800767886,43.22056181142405,410.0945195479781,18.219377754220304,-10.389573686784722,-65.22516825157905,90.23727813811225,275.2296408851143,-38.99351841856695,113.91988472482649,232.07029620562835,-14.248887712667146,-0.018153084484432664,654.7258409932541,-34.163037304422595,27.58104250257304,94.986324264833,211.42947354645716,211.5592793643686,63.96508762620118,-62.02636528612596,124.06444842463773,22.416820708816203,61.506852891612,29.356307895276228,-105.98291843765868,-272.8367124221168,136.13199388721935,97.23611591061356,107.98737213098745,-7.275957614183426e-12,1.4631020404746757,2.0653644216514655,7.093249959123111,2.4964304660628462,431.5299789117494,-2.217338612947736,211.42175828249725,-17.014221457987112,227.88098949941107,95.50367752001587,27.394063761228285,0.031555874720236056,-124.87585167419364,74.769241218947,0.22626384875478625,-45.960093019978906,279.95617735477595,22.940985302930706,269.0841340955633,13.394292470948034,17.05433724690642,-120.71981184686967,58.13859653012568,-64.19394577805555,190.74784872226542,-2.3759042029276256,-197.69317354868463,56.416728465056615,-310.03571608412545,555.4047846871383,104.62093972302863,66.1581343343751,0.011247843524947829,-11.45238862766515,23.019829384492844,-39.73991471682703,27.060749269623376,-43.06779461578083,-16.865185020416316,8.222221108532644,189.33847595275464,-2.842170943040401e-14,8.720406001618306,10.057459459815796,22.6194440548958,245.19889251046774,116.27681772893838,8.48089406740737,57.05835825827643,36.196213852231686,-786.1690321103956,-1.856912462717888e-12,-587.5157079213263
80.19978044313821,58.12258074121078,114.87687125012592,86.96868144537439,84.324302133313,-224.8068962976592,-28.982219940854673,52.16482635777764,34.04574463379901,1158.2001283359532,-4.415619888113792,-24.462415476379444,-14.830454802862272,-36.039707676544495,-0.23591785631467918,220.66874442029612,-88.97798379346179,29.958692942524348,-184.6840599375675,18.755753852911667,-25.265704618547137,145.1980437271014,-64.502550380979,49.34893529005946,284.6126007157692,32.0457611464367,-0.024614007670094726,348.5236375492323,119.17718776532674,64.10389708838788,-53.1804603745409,185.81404022363563,116.48338169278836,-37.56937852886542,-73.24570660426612,148.93027133752696,7.54167558293721,95.97659667814177,566.8833375583048,363.09118208480356,353.3762655856417,131.59945207280253,5.004570306309843,-23.28806859603063,-9.094947017729282e-12,1.9396666975928751,40.421510366901906,-0.8589439525215474,-9.842559139053055,181.25533611421537,34.58620231444109,80.68026762808037,12.641904956254857,27.179977101692476,17.24194828568548,11.997775695415005,-0.00010990864537785486,-125.67353500565001,-324.02959604148725,1.5584005665781686,-100.3781294256339,-148.07920235067982,-0.5995744304200372,-48.45161958926912,94.79305059251523,-1.5231335628060636,861.7388653010203,-64.03132122787686,115.53498616714944,417.8751600900855,-3.1618431339600073,-221.3217666863904,-8.786166157685987,-5.618315854186817,562.7123442162504,-11.548802923998034,5.03077684625123,-0.00896956800348904,405.78288536341546,-47.357844896270194,85.05619423415449,-0.43626967900674785,2.603336762026737,-15.23904992017027,0.09472677721597263,218.01334907023104,3.789561257387201e-14,-1.1732702874276053,-0.3794666285944962,26.41704249428266,-115.45819307892286,-113.62100709096703,-0.353033351509382,-0.6820534658499401,16.03394292722291,-762.6667434906808,-1.856912462717888e-12,409.69495667540883
90.04747742006948,58.0929543822967,-83.21453752125254,46.21745569518615,2.878832043502893,134.27187368809163,177.45695272930197,75.81428831126257,-75.97892209738731,35.93606442968732,-4.18430146047425,-1.5265286569268697,-27.337713283960827,59.06861595499432,-0.11413656176346934,54.16570368354296,127.80273343482631,34.975178362880655,17.519254014941847,247.1167214924546,174.75102329173598,292.52571400207285,-65.83058115779777,9.150859202170933,-154.52467300801237,68.07863726161499,-0.016807846010947595,-25.269604624025362,79.5720050353301,26.586785582684215,-46.40575104842757,186.75524147850635,190.65352854573624,-20.011824892220016,-75.1421757577856,39.46653957726048,6.095903497898725,51.01648440417718,30.454662032245597,-15.484788176073979,674.1991004254038,132.99812861021974,-108.92505308337827,-64.16421792433383,-3.694822225952521e-11,-0.18722329728235537,72.36067829814108,-1.267086541903157,-13.28041457808548,-17.19956726579071,-6.886352801370101,-73.53127176654685,-29.65245736415011,-23.105731281976478,35.843025887259294,-51.62805735642215,-0.017287930065839393,393.6289717449158,-322.3394386984454,-0.06224350842057506,179.58883249652646,-147.37576115410582,-2.150341148583095,-204.72287443288147,61.968568901505094,-2.874232757112665,-137.4542857103099,-81.25933974305018,2.017685915754555,161.27529724252636,-2.8034008777733157,143.05759548824514,30.42048979544461,332.1784530786615,238.16323562559504,-11.881099198564236,-6.980179076567363,-0.015021531966764673,-22.817459119360965,-9.493399704089391,125.97575733851001,-3.2022535044038496,52.15573197501776,-16.450220915481246,-0.9434945555155042,191.9959619859826,1.2031856992204364e-12,-2.0803346739785655,-1.384563186940068,22.519017589330424,-234.76346647943612,51.209452489024564,-1.2752383525889672,-0.857862265715176,26.4591322070711,1182.7480404762218,-1.856912462717888e-12,-579.6886220157096
48.89348264336323,59.12135258896683,498.00663557018197,213.81860897455556,130.00392094887076,-128.75856554304673,-19.624647348096264,54.19164996523006,38.23962177663216,26.240436091622882,-2.146250010029808,-24.36995237722347,-49.17578506350136,68.4023436548744,0.03391228188724091,116.35974634506033,-59.3848363182206,1.778095209161372,65.98656360955245,199.21565285296003,65.64865741381672,355.5098553192665,-171.75894534770538,46.293497956939916,366.44557248848025,-14.975771243119485,0.02321151146055882,552.757632499451,27.592855537512023,-4.937745242301222,14.47877605885909,188.4576812177238,108.84813656861063,110.37734029696395,-72.78547064463378,32.05124535623005,5.7967143311103895,13.898337778699963,30.639088444688646,-134.73216189066832,465.28797423547536,-31.366203258687467,152.02378452269357,-28.567513147834116,-6.480149750132114e-12,-0.6187419646614849,117.80045229241288,-0.1830838692031423,-4.366739987315692,63.268061386311764,-49.29743455040523,127.62052479704163,-42.68899296833481,-26.741325731824265,6.670664209503098,27.099310206612675,0.011613220528662777,-132.50795479401586,74.56594958756958,-0.5333763165054132,-102.95724354532533,-149.57010410569694,-1.5289870533526624,235.81049138745428,41.51621417529885,-2.4225129196193125,-136.65225540362124,-87.67369127860121,40.88180884447584,368.4896004186137,-0.784262067182353,-224.89603503675178,-15.241883298526224,293.38823781288613,562.9343933292522,-11.596893816783705,-5.947882731998301,0.02181348370666704,-90.76115497774629,-22.955581229581373,-42.50079137365313,-2.1624072204183906,16.961772547296608,-11.807679119397315,-0.7234998505162321,181.9614067848217,-2.842170943040401e-14,-1.4858216990023325,-0.8584208930157606,19.168339105787062,-233.1505924709143,-117.61657557612126,-0.7889170733027737,-0.3407157534648663,8.490489751265455,1188.140437548229,-1.6475074008664338e-12,37.243006478856884
91.15617487560803,-8.541621750420022,124.78729533312708,-48.31131399336722,111.0826415968406,25.418487994074116,-44.40399626105185,162.2512911982607,39.62796437031677,28.65196295835966,33.899309649857464,26.12849022652107,0.28131412419308116,-38.87771416467635,-0.2813979623861773,97.71176052572194,-128.44380277206952,28.03306299343149,-34.20818946353234,-91.0503983339533,-0.8993318795961898,230.54811933250693,-47.291698634360905,-18.059392842179825,185.70107400477008,18.947195955821787,-0.03956296543964891,373.79173600787794,-54.85591143628892,133.1889872849656,5.818867288724185,167.7847097873848,218.37806824225535,20.887597120420196,-67.7153220247197,300.28591340891785,7.706172211316655,54.327174233386,219.53668157058905,555.8480366958172,-253.1059963338557,-10.262826183494962,83.62161097384303,-23.154510553651754,-3.376499080331996e-11,-0.23830328742669374,-8.538753856299136,3.1896316679870855,26.76595728248909,164.10063863787624,79.43183529686024,146.197365184591,186.4704087177762,-8.469922293722341,-7.759964865040099,27.207183891388773,-0.0173329777380125,-0.9820075967855466,74.26375443168654,-0.47054161887779,-92.22250773994779,80.99336537221271,8.55206927075028,636.7659243402271,6.346559229739017,15.840366022783927,-131.924295582274,41.85709789616754,-121.37029790063683,352.3682496493508,1.492320993995958,504.9578376585428,24.75007444163485,-155.1291439988243,563.5013381358043,-7.976823631638565,27.794099778473893,-0.03923347709233291,-73.88789812666732,-24.941223979576495,-39.31413943940771,13.550445610200743,-16.72359565729381,-0.47501589539343636,4.778995442298912,225.00007469432842,1.8947806286936004e-14,89.81608574872803,5.271833479463789,22.802663014189314,165.48230528145214,118.64491324431725,6.802767917212088,2.7191013080431126,196.5127025665086,-783.8639825337916,-1.856912462717888e-12,409.69495667540576
160.2148567492934,80.2460627257774,-73.59166817589825,-6.904905528238503,-30.007725392258774,-11.216804839393742,109.95577478422577,177.0548276775876,40.197001707396026,398.20773729926344,65.92414773093438,30.921645331529707,23.60826832092342,-39.37337777753693,0.7670066839375578,159.93236562381782,73.05288496320921,85.11014554783769,83.42121951930213,187.32078437955553,-72.6582568364465,477.6686472582226,-60.676401870931464,-0.6603577848760028,-90.59755945489624,72.14544821761821,0.07259019058234037,555.9069080598291,193.6517244330242,124.54986961365931,6.955497821477785,262.8924000312782,263.4093293709654,-31.558659120205274,-74.89679445604763,281.5114470332653,4.102471475552991,122.10920441424217,229.0934893160702,564.1731570421788,625.9919700725433,114.00623057249287,133.04982093530728,195.5453104287789,4.888534022029489e-11,-0.7424586687010417,-143.26154780874646,0.43661854658033356,-14.198285494341308,206.074682008659,71.87959049853825,146.73522180076844,35.35943748147639,318.675339567483,56.4233278492837,-51.713067401632564,0.08203828391783606,-2.1841754729191116,-125.12187763912073,-0.7320015801921179,-93.01755464314179,184.10532329581545,-0.31642139266992897,194.90521812000927,33.18312442583018,-0.9279636604381939,567.5094949324443,175.71135545159217,-100.08889718919552,326.8663374294321,33.90228038532214,136.82187191038867,33.01887007982735,265.6416657986227,688.7096385260896,-9.558344091535877,0.7990632773497753,0.12029029946974733,283.9189026459682,-20.582612837511036,29.19942780897831,7.256042369015869,48.20317585411391,12.009820507663818,-0.10817852426860777,243.84584211559593,-6.006454592958714e-12,105.95440702153118,0.042648734998379734,22.72813997558188,-233.9567712423943,119.58647625208876,0.1370451305574889,0.4091760148010308,196.9302930110086,-783.9580569686432,-1.856912462717888e-12,-588.867498007846
48.705597059879175,58.198081825968885,-84.76672333060603,24.20190451682043,27.87929569441928,21.49995775570388,91.5700085964884,85.48229110387037,34.755750850739624,272.83480269179586,-3.9477904408394338,-24.729700522804908,-36.0386652375308,-38.56641335900021,-0.24439576685283357,252.06899898780244,117.40373214479042,15.715958694189627,3.0550392584141965,200.96052245432367,-145.84968753430894,391.6661814084024,-65.14401223289515,15.90796974892409,88.82379428267807,23.865077430285645,-0.03411558776432994,126.86375754807229,27.35837323436924,0.7932319137806312,-3.1707827390641388,191.61380192723615,140.0743960675406,92.57183910542274,-73.39438629752742,250.28030872882007,6.77625057950998,50.27134473858569,29.503364474856642,-136.30895718067185,646.2974465474787,-42.074848900101024,36.41636374761797,-41.69321822698189,-6.707523425575346e-12,-0.6537872736163506,158.85787331887238,0.18233105503536942,-6.681139352502871,14.459418480466557,-35.76641121466557,69.88745894146341,-42.848180929883306,-25.226379828279175,0.5427580485629331,27.09694547142412,-0.02514962763810206,-126.82153973574346,-198.14836131154198,-0.6018499176312448,-108.03769820992224,-146.2542685673533,0.15197495420933932,-196.2385274278287,2.247645391883632,-1.532053913471596,-136.32897129040117,-71.47265917652696,3.7117081816491684,82.71086727343258,-2.6043347502518537,-224.4475083365068,32.20462558447023,270.17355374910136,562.1405586965542,99.38079919226608,-4.515843605263195,-0.04138322864132899,-22.027138730110515,-9.352183262083937,-42.83390299659005,-1.9988218962074629,3.7112840852061506,-15.803726847732289,-0.5167795640157047,190.61530975108582,1.9895196601282805e-13,-1.7156944741488314,-0.0946665682086476,24.488495101812052,-233.4186070072719,35.138151435115844,-0.10465423984811628,279.1595864638753,26.27525614387114,-768.3836580988551,-6.15425022665663e-11,-507.3418130405114
65.84280655007066,-39.60813083530115,-124.08694648817655,40.378341905872105,100.40985875749566,132.16712298110957,134.56755382582983,34.845506457455095,18.269980563223292,21.446464862409186,-2.821627117960215,73.15369750560129,50.14463778076678,66.77127092389547,0.3154084502349764,46.449506071118975,448.43985121678804,29.430240550159894,-24.389511105245653,235.20696641391933,71.36625323746695,200.2109609212536,-65.02074327715711,35.996674195021406,-75.77190648256621,-190.32622880709764,0.026928062254099192,82.7907714443589,69.76286418660897,17.393741098339568,140.73849913559746,138.7882452075207,116.48464977763075,90.94707621167521,-74.81125808493813,97.05845040629208,6.85703623154532,60.96761246399324,228.81127035349527,8.102124651155597,660.7086407161888,-7.86612170826319,10.214539816898355,-16.260680871943823,-1.0231815394945443e-12,-0.7159889975469814,-3.609505808139911,0.2047269486018852,-20.788120925735868,117.45953742638483,-10.209285937302713,51.18810365784663,-27.777130338346637,62.857823096561035,20.83885576144108,-51.75637852574903,0.044062355135725505,-126.96276193091761,-325.5209461019094,-0.7122082225438463,99.45081943235262,-37.47939743514567,-1.3015619471408897,213.295519866372,-8.074442287974005,-1.7100492915395336,-136.60267567791027,-77.27858290079374,-33.49987329450631,530.9076481453425,-1.4840159244553426,-223.60115292563435,43.841730742259536,63.864286088757424,560.6696239262,-11.326231205527781,-3.921849860428983,0.07478123190920134,-22.136645888720828,29.41048650483113,177.1582694126262,-1.5297466483989053,-35.80746668757501,-15.39130122471958,-0.4415223777693161,243.33714406242768,-1.8947806286936004e-14,-1.4431193636538981,0.25834722706973845,22.767265017856452,-205.58788710028793,-3.1062654555578035,-0.18225719271379348,-0.49835148466931295,-4.583958126829347,208.0085614029515,-1.856912462717888e-12,-588.5900464125262
114.6963362694747,60.23514570728094,-76.43938309927645,-73.27208053553069,-38.183770741427395,-75.98292755229377,1.3940258745798024,159.31408110760816,40.03130065212249,33.77328382395447,15.518757911304306,1.6828244100703325,25.605096855605936,-39.544097923301315,-0.31801320581231546,324.8664944989091,-107.91931773414834,11.722709345664892,64.01311554918925,-98.5184812605729,-116.45839319712354,82.66050508772487,-162.32102275555573,120.43780195635071,35.79837395991221,177.31730826014115,-0.04977787446322335,267.16984571673186,27.229992376395206,54.99262769072809,9.850826690826484,79.73891223722343,233.07099122711745,88.12892649424151,-68.34365221603481,452.07859421182417,15.813736641249344,56.27561762248797,32.01742251775356,197.84997675442838,-39.33216601715285,150.65866967028074,-0.210270156614521,186.74140379903756,2.5011104298755527e-12,-0.453024297178074,184.56790857469937,7.415347894810974,37.535679883217334,256.3860615861363,17.10943793491778,143.06870984994347,-15.747221215335415,-10.630680223591172,8.148378976552573,27.128486303666374,-0.04083884967765446,-63.28035505560046,73.77040548171854,-0.5746928159377322,-104.35106747809543,200.01593068547695,13.687034672952404,-66.36453104132246,-1.8127244127832711,8.806136766981263,-124.3428714715039,134.44563884578255,1.1040661839858132,339.7742028408579,0.27656984557386705,504.0320427851157,25.879386126250395,34.76896605920276,553.2112404069164,-5.043182955068878,57.44278999962469,-0.06412533702576229,-80.3730208032787,-34.42954115122754,-38.90692828504368,16.933499700555625,18.44756100999037,-7.43926787264918,6.29207115087082,219.36847675829546,-2.6811145896014446e-12,51.976469577777706,2.087706637884452,23.04113741139313,-226.17624573891223,116.93557525359427,2.280759754912781,3.501626965487483,87.45923217513261,-783.7197202130226,-1.856912462717888e-12,-443.169669457599
45.8029035640951,-94.31707407072038,307.6706371923871,61.66351890540511,109.92218169061293,132.30939954751454,50.56772804966792,55.073596079749166,-75.87242351778326,1122.9895087745563,-2.4687433547750937,-23.30901677293949,77.31496313501229,69.20324184751456,-0.13277035375260735,162.34438974335598,382.8849997477959,22.96914013818714,34.148314674698426,15.818812482727523,109.64917725885373,242.16924019558815,156.25453010827397,46.00371750372192,53.26894335238238,-56.82229979839394,-0.011321819297068466,424.3981500645995,-56.177677283325586,-22.70129026361336,48.34374960238537,201.38300151523916,115.02944825089062,43.65158534317294,90.41183064003259,147.77618364003877,6.256672203190039,61.373051147488795,323.58738442152685,-129.7418009239703,662.2899467608382,-58.97326991821742,-74.79151650722783,-65.89355990546112,-9.094947017729282e-12,-0.8567517588225584,-89.79551156409455,-0.9784059423354248,-12.830050144831912,288.3749909810803,-4.297413939711073,143.22099289299197,-40.80263735530275,81.172006201107,-9.197814408836923,27.06866428547724,-0.017440764794917275,-126.47614054801079,73.58271747075003,-0.7737319998133785,184.65058998654644,-36.614743547670365,-1.9205527633076713,-208.9456449320604,-29.52826847793917,-2.4521174848696017,803.1789028620674,-86.73857123429909,-33.612411665181725,349.26680009797434,-1.1496850685589488,248.30835977011972,43.79810335194315,109.13070094109943,246.49727961124918,-11.767669747441165,-4.1421401078567985,-0.026167089581591224,381.21255653580846,28.998076912190413,-71.2088803786002,-2.5833646435082804,-44.24014428434876,-16.031751856590365,-0.8507218678279331,180.321837912704,-4.632738637155853e-12,-1.4841002124272094,-1.0518475044671294,26.97313831977349,-223.43171722094496,-124.13703912627483,-0.9949328137387383,-0.47926091107493063,-4.787153716328148,1194.5948273840686,9.45096087726064e-12,-589.7702842716694
76.07756310552027,58.86110970693118,308.74399868178654,-78.0033194876296,82.34174419075666,103.72059663993949,92.15457283470674,46.717652641100884,-72.73546574272204,145.24500974417833,6.835521453025565,-11.721621877055284,-1.3126628870746038,-37.39234246501792,-0.2817982392082195,195.56439054065405,451.2513333403539,41.85322835529408,4.7112629042214795,-49.30973806738393,-24.195678239702215,319.33277370253313,-65.68439700911566,38.86639701600506,14.843255002983966,38.617582850241845,-0.03955738731442479,-20.41693665134828,29.170009443592857,60.91925380059663,21.470286623815735,196.1328006132839,165.424298002853,-130.7095377126106,-76.2598450534303,123.25708581269247,5.5172587497399705,98.38383316345376,28.244735773683352,-1.2174471331643462,425.8747116433702,-17.53888731517983,48.00450070093639,25.535913131192334,7.275957614183426e-12,-0.4818061100143752,69.88835714064915,-1.4858072555377655,-4.749453052719838,133.51552945740568,7.729908481834091,285.59304440207035,-35.496039923273464,30.91094297386697,42.984406926990935,-50.91436155065502,-0.03608989321128325,251.09073423130891,265.46388645670305,4.693270136057224,-99.94404026217752,71.75937227271599,-1.7616199876856455,361.0662211340943,-28.402296892027508,-2.959496174166544,-137.10582854118624,118.06096704022926,-106.8469098939199,182.10164039782916,-1.2670902284358514,499.4944060624297,37.70687660587207,107.26887760886325,564.0780062583848,-11.865596622551756,-2.7807258057493995,-0.046564218049323966,-22.532277978296918,-25.860681894050888,69.41476764428022,-2.9000142198931123,129.1307081704154,-12.988543386882904,-0.9565289544977832,219.9484524243015,-2.842170943040401e-14,26.724683373354132,-1.3255692514451294,21.392067419514955,-199.6341555855527,104.77100544282887,-1.2073836807586287,-0.9138456732514347,46.68808229976169,-717.1197434137022,-1.856912462717888e-12,-577.289320153112
73.492289741811,58.56510000787124,-84.66785533280601,52.3087891049943,136.30559573153045,47.76219525800759,176.50179078169413,63.04404317285306,26.388869643415532,21.263795192000998,-3.185439252841238,-20.24850407943656,20.435560063657913,-39.38634290600994,-0.18179095234000708,274.4648043505862,49.81015167250508,56.76723794789729,70.79465166642655,299.49285413283417,113.28404639558035,304.3833747592424,-259.71809023347646,41.569466769596126,-181.15323937804533,0.11336875491131258,-0.011266810274360528,-57.06629445199364,34.45141346566289,33.57298808025884,17.510767277666986,103.20358948547143,163.5071262772061,0.16969527865527534,-74.71561084432672,284.7886241001926,6.982094376348015,95.0662695988427,229.53154391700704,162.52514199328814,525.8287243677769,-39.813574709894226,-88.16358177988113,14.735781571592838,-8.526512829121202e-12,-0.17260425890092101,0.5575265581262888,-1.1123143528560555,-20.5743814724106,30.602348751399198,7.957651060029379,354.10445804606087,-11.69449163005853,-107.50562828992331,18.798710975937258,-48.2881022480953,0.013847799546693653,152.02936385465583,-324.7608936483376,1.2308672826017621,106.40127106911298,73.35720720123209,-1.1783305125995696,213.84662805914348,24.629040524135696,-1.5200700536178342,-136.72553737314757,115.68689626315224,99.59344604832903,494.3417501171898,-1.862064736372741,319.8340720851525,-4.9539628743255015,-34.06766949902716,561.4445268834602,-10.856758791880251,-3.5713875946408593,0.0208839158477183,-21.920938929773477,-47.0391951545264,69.91258117034144,-1.1978526065001618,52.725139821437054,-15.421317455046085,-0.28375787923175727,204.5370166137877,-4.7369515717340014e-14,-1.3996464504576718,0.3553629584973548,8.886403316464015,288.0764734287308,180.3571696942443,0.39482361280130895,-0.8201756011167181,9.486751267388515,-773.8736595078851,-1.856912462717888e-12,-144.92332762073048
106.61694775907776,58.616055740001066,-81.09564739912275,14.833852722067476,200.19987834400976,381.9515434009856,183.43424681524047,42.84678544774695,34.6116926210343,61.100599263588734,-3.09430568295891,-24.443468976877345,8.105042228440709,-35.41109868653956,0.07206238025466015,179.6574797273684,-62.460239325766075,25.787904594174318,25.309966334368042,320.2611122814713,79.5259287650387,289.49523545048964,-64.94979750702834,78.83068606627596,89.92715470433863,69.04446353732195,0.04105362219992563,494.242881935014,124.22493796530667,72.70207416898599,0.06364846967647253,282.846204593647,149.1311609327866,-48.195165324115386,91.27545891621043,70.52824795672251,7.0392537111120665,100.07125469735152,29.52117966300231,362.49013712331094,357.5812926717777,127.8138027627646,-129.97713301875726,33.52317558144621,-6.252776074688882e-12,-0.23224105169235704,53.79237027037922,-0.3000624621312626,-20.61848246634915,169.59856107660013,12.23534251174368,213.2914322381433,9.549991226573258,156.53074921092085,72.92652526561298,-48.174750109275294,0.04150946641737563,186.41700798107627,-324.6443301735589,1.3201981640783644,174.62588155411154,256.4816583762606,-1.0793606407000254,222.65915003916922,90.99323502575515,-2.7111066570490188,-136.25572461334772,82.46816873651588,113.87732255411223,325.1177918325105,-1.7571981623598294,-41.029407503425695,30.5962767214311,285.5902468565456,563.1187418170367,-11.490850162418049,-3.639574759502873,0.07962847086199222,-21.74320391683641,-47.00293386964064,70.37786406881547,-1.4184770077675894,28.65273745474788,-16.255079820378654,-0.371481584922346,185.86136672312423,-5.684341886080802e-14,-1.3364816430664188,-0.18357105007566266,9.710759831123674,-234.72297819373145,114.46118346813712,-0.0072449623450125955,-0.5758273842879317,-1.7312241417552419,-752.9287549612809,5.3001346271075616e-11,-588.705307849764
81.83330936223011,54.10471964728678,-80.80227865854526,120.17541110380277,61.22953129412634,101.70590958199344,178.5589325337792,59.10072286413934,-76.16725738813902,23.44255785629099,-2.600638715574401,46.45073053895402,146.45777476595578,15.388234604160434,-0.00024291923504244929,141.75975771875122,14.654065341997985,11.73141814829383,67.09634991872142,123.54322709576616,121.83122092757878,187.85303440656736,-65.19412459055131,56.61098976222162,157.04651950596866,197.95955861574382,0.023192421769745255,286.21599744541925,166.80659448062366,42.53416396791007,186.096856521811,226.48486977838687,152.58849911725008,126.33689631919155,-75.64219982065022,108.60040005956304,5.963078962516737,67.94782823166597,229.2003348893855,362.2397405108829,655.4993153076193,-55.61969264284514,149.3213840235318,47.649445361947095,6.332356861094013e-11,-0.35605936499705537,-7.569162198049711,-0.8403639879047032,-21.018478790467213,83.93606316420025,45.896348749013406,211.38699002942755,9.373340661253621,-26.67384701398199,-45.754184725802375,56.879963041095245,0.021157504300972328,-125.65528206559814,-325.6841399897898,-0.3474852212507091,215.29865961066747,72.3188065876203,-1.536487362775094,-214.18452767228865,17.176631754424655,-2.0223243305301617,-136.5761201528249,124.19680493423873,113.27331312826172,563.0232062538755,-1.2736256325962447,-223.60048368159815,18.873051812249614,238.78581746621325,559.2854687287705,-11.661377716032781,-5.372625838802205,0.04684399880213026,-22.35246207120969,-8.191514521987223,211.10796396452744,-2.124731042223969,-3.4918816230508987,-13.634030469146944,-0.6694093280332277,263.8801886404255,-3.789561257387201e-14,-1.5053287172545313,-0.9736644512942372,22.13920027306282,-226.7325503304689,-52.50123470225171,-0.8736927937157903,-0.7016019245111894,-1.2827274850894084,368.8671970604412,1.3452399414272657e-12,-533.6126519227174
77.32352015373017,58.5746238751576,309.1070813554926,115.06198401041733,55.45210275368065,105.31102819354179,186.6897725557467,63.91922084411598,-10.613938698436549,27.68421894822282,-3.2806552829338593,-23.766842563554675,57.442421585602496,67.33268905341632,-0.17731280904896024,237.32063125855728,447.2593496543982,24.622917156293642,-103.70175358988988,160.56514560865776,23.919216319254748,497.8338973816666,-64.5233350563447,50.109733789499664,104.14943266664189,-53.355868345002435,-0.013155149077376927,473.7682618991847,176.78415538972828,-29.507294013464623,142.04408829287442,166.7454782339268,137.79819251538007,62.92450316267083,90.20297856930455,110.94364566582531,6.055933257010238,82.9848901957061,28.928412954443143,-99.07823867387408,638.2987836700344,-44.17540882213167,20.456509232306875,-58.25332014529492,-2.034994395216927e-11,-0.35050958684773764,-14.960931113574055,-1.190294000832254,-13.264483504914192,242.51795371324317,-12.165463867362272,148.75001675210166,-36.16598041711542,7.1874577100692365,-18.43699867812391,5.686650169293014,-0.016293814556320656,-126.97368012176858,-287.70423694176964,11.777920788423115,-28.391930073256173,-150.10155483586882,-1.8491949328321227,8.282890549020895,-27.310099413804323,-2.708792649597299,-136.9818524840555,-84.84994663244572,-153.86158329751234,271.9868030950347,-1.8985332315123014,145.61247856777752,12.911535535668092,39.561032577044685,257.91897095144424,-11.78929554056555,4.433366082167894,-0.01537024266885556,-22.4347247026607,-8.861437456045051,-71.11370203461586,-2.8323203448159644,-43.77874228561333,-16.3456264775264,-0.881872704888625,234.3010866908598,0.0,-1.8136278353351218,-1.1992722786593144,26.76201090383864,273.7721229787389,-121.64920085375263,-1.1261332747227937,-0.6255592276377374,24.93768897672067,1177.1582120866647,1.8594981911440807e-11,-588.2494607804855
65.04554960645055,-95.16497308700438,-83.41093497950096,39.84626413844716,-33.76947731168259,135.47295133612562,5.422725315694007,112.8195739267237,33.12119166554915,81.58485798221912,-2.9182758374731335,20.717478487742383,71.6936086071283,-30.908799677486538,0.9475155306883346,234.26520569422357,78.63246028492553,9.847514338486556,14.942333839596165,206.17184022394656,50.08087026686472,257.37569710524684,-64.73425702079786,35.23326455373361,17.660110726245343,83.73013509282455,0.06764523061211078,571.8777953799324,68.97605385112614,28.907278881971717,59.22109627559549,195.84497859350407,185.3087118838982,-37.977284151145774,-74.72900854637075,92.00819031064388,-5.932018863099391,81.61349719950378,129.2276943759729,-5.843098418602561,10.381816854696526,-29.893840302237788,-148.96148079793286,-33.78869189150112,-2.0691004465334117e-11,-0.8035943765382639,39.51440794430867,0.30425163739370137,18.089409574558402,232.39957349031067,18.201927904697417,141.59020197579008,141.1065383743289,131.76301582633488,41.79011289321167,27.053296815848057,0.05646989613440334,-126.98157796360522,73.63599675818898,-0.754288818409516,175.15704271124144,-36.18386661071305,-0.5529825329299058,-206.5315812720287,64.2715962533947,-1.5875440145074298,-136.5208135589705,-18.626664851677035,112.23550995999646,313.7696576463495,-1.6008706439915443,-224.3998108625215,17.043778921164165,-32.1142283311255,565.8087861138541,-11.391213048581724,-2.533555803393891,0.07289156043515889,-21.889179612275548,29.459975964160726,-6.670857704469121,-0.8433559709778888,16.57734126075485,-13.743056629278794,-0.18326865135020895,216.51605072364296,-5.494863823211441e-13,-1.2056152491332575,0.1672776497759323,17.765864413706165,-223.28660271695045,114.9572428791121,0.2940251895188961,0.073963404582151,-0.34329895972667385,-779.265780190609,-1.856912462717888e-12,409.69495667540974
68.60927546813477,58.777411436716434,118.8070356547425,16.5224635124218,120.1148316028888,62.511723229199575,86.99629037960541,89.9779791091468,43.670328034196814,24.59654050396867,-2.570928944920833,-22.88037141788108,18.200368832078833,-38.016110196720405,-0.16825485464399642,237.5079298273294,-42.87277305251871,12.55785436974065,48.482730822968946,388.33896351380594,120.62637955135101,322.66103170165974,-63.416641375820404,69.45288373590824,168.35333872997265,-2.157927571356683,-0.0031573085742500704,276.1686415984822,169.8254780100766,54.34272428714427,-28.76966338813053,91.39998704032354,122.99589095128108,56.669221008139274,-73.59670902338358,343.3897073921873,8.304624656775161,50.010936796431054,29.020233427010048,-88.19483514584077,152.71853645390266,-45.608526528095695,8.369451000840437,124.30939760804753,-6.480149750132114e-12,0.585299554916796,93.24535851532038,-0.957651380275014,-18.873237297573436,235.6330025686084,10.582142877370787,146.06141647054702,-37.516384539124914,-14.72612733079754,6.535557352147232,-45.69696311842064,0.04008124709306148,186.8883015338513,-322.8796536131737,4.71439842643177,-95.74529408902983,74.95304257676591,94.3320508639849,499.99704103072384,65.44590389958006,0.2310847966329878,-134.03742378493828,105.34389567104063,-97.83686107441969,134.1370073896271,-1.4263971907387614,-41.81839582808187,28.677793454631725,-9.038895770795587,559.7815333293895,-10.767338799582092,3.4288198520805993,0.05140021191323911,-20.434189738092435,-6.978482724495178,70.23896674475544,1.8420630083982772,156.26095473688974,-13.223227927953223,0.7879496591980099,203.60210752773114,-8.526512829121202e-14,-0.24209893163760204,1.0497591946784508,23.110780896647555,-233.59227073769262,190.42471038057494,1.2910335336106926,-0.7884207131736352,1.3045063912285688,-783.6626130610838,-1.856912462717888e-12,-585.1457615442325
64.29908034910467,9.175259437917388,121.44833765953881,163.03427650593326,38.25870206390654,400.540723892958,243.33269061537248,69.48381620878104,-72.30452803788451,79.00429843191066,-4.643748827577469,-24.028932767153456,-36.216905754510215,64.91708822702216,-0.08727813928906968,161.9024970905336,116.35948327735092,20.473546754437667,-31.382552801229245,178.66094136870106,50.71227843332544,435.45684756248164,-65.81351547270401,1.1185223977558214,-89.16430092187653,88.86676436472241,0.004821816863318318,86.07224168878082,36.437823142497066,60.2025888381118,-42.74911255481861,116.13763661133656,110.726411440886,130.12965284285752,-76.05544645167909,69.61183712546566,6.255425289032909,55.04498947190339,28.963900871178936,361.78196111666267,355.202228261912,-40.17760667147733,-85.84408122107243,-33.67180815755177,-6.707523425575346e-12,-0.2236557719607178,-33.006331839958236,-1.1745603674920364,-13.310203613591725,51.0482615306459,50.962778063835174,210.8036603694061,9.13754922917901,-11.362681702075816,46.505459270586094,-51.69081571613571,0.000821551291087,248.88302562639444,-128.21317410828604,-0.13055086659152662,181.62957845648452,-149.93505130690681,-1.9361381768497608,219.54502231319495,-6.857577651906981,-2.7205802875273095,-137.38344451116924,-61.062016083089574,77.81354085736523,555.0477639934268,-3.2675202834307497,-224.927813538704,25.84389358622885,32.341410006855206,233.78280254702193,-11.877745489140251,-6.73539090123608,0.015393550885779275,-22.732124504592413,2.6837543210489034,192.19295325952476,-3.1139812366926045,91.08114432514957,-17.042028832034266,-0.8713704666235931,200.61411986189958,-4.7369515717340014e-14,-2.12522572810593,-1.2614665798144578,26.75294877902651,-178.09465136851608,-115.52023934610911,-1.143466891882186,-0.7858876188581879,-0.26186445042813167,1124.083635972403,2.892563162944588e-11,-571.4340060408704
77.96807229207538,-35.98511413686199,-82.49378571474799,-1.4906289623102535,-55.758588799746754,164.1371473447693,135.1270895315095,63.613838124355475,-23.55811519040792,25.284413846071004,-2.8451077263559177,50.418885279485394,112.68444796153005,-34.95141828818426,-0.12948096652022065,12.53388528818548,34.39606564098653,52.9472127834264,-57.29088961778559,249.7248747769616,102.83907809722173,370.09862041889437,-64.94073672876749,46.027170917623465,-159.54718223480126,-46.83289775123169,-0.01204962402839496,125.14324573522835,157.18514320401235,45.346831587691085,174.22096853602903,143.86649843229392,124.07289166857812,110.66335264172051,-76.50643498979922,11.173482066202185,5.792027118853976,77.34809274009724,29.502484940732938,362.59840877704096,631.8717808001794,-67.57679286400653,13.263412454925335,101.98874271705395,1.318767317570746e-11,0.7967592274447465,-74.01488519476759,-1.2507479489734719,-20.884206119103204,30.534654313630057,62.735595581456266,70.12359083928747,9.858809799823344,-23.643585971253657,4.881042029654603,-20.49223158917799,-0.007995383142245108,-126.37082276443108,-324.93304324105776,1.536133106240432,183.72231759485365,73.40323199468612,-1.4429667672250843,-210.2400333168266,-16.61364976559703,-1.7022055393764766,-135.63169151909608,124.09077039255487,37.953783098179464,302.6621175877279,-1.462010304755477,-224.273898292584,67.26749208822366,39.90529358971075,551.1031188505935,-11.680458827058137,-1.854771961296274,0.005130260655728983,-22.226365693995984,-28.808478003500152,100.40423173381772,-0.784404285966128,16.804960935413916,-15.491212315935133,-0.16709364062519622,247.3690045973568,-5.779080917515481e-13,-1.8291435075818963,-1.647489986625175,7.92250741444428,-234.12876781783075,120.33709234727317,-1.5277132323152085,-0.8745646716804979,-4.297880260316731,-777.726210788501,-1.5777057135826157e-12,-588.931576713832
85.62805241912578,-95.28767862728363,144.74309451726134,27.07128481852937,74.64632285094277,133.67075460173916,73.87815119969387,107.30485827926283,-22.520830020082343,145.10300850950682,-2.9686200776351175,105.3045913192039,78.62574104962769,-37.45426914687361,0.13852006422261404,249.7195331859541,189.38338011664297,-8.082749118243656,-24.06714245759315,89.8511027030125,222.98624244101933,374.4040494869483,-61.966662615352284,109.82450545911759,226.57846538963764,134.15193770298876,0.08096859835107413,442.0394814880091,-55.8623857708121,20.070732335246547,152.47895303449732,219.63568627738434,142.36720986879655,52.3385245194365,-71.44988046072204,2.2686817635171517,9.935862614239332,64.94037010427259,76.46928225848758,-129.29225219124083,675.2372839654465,-42.12963174395023,-13.53745012436117,92.5723948139695,-7.389644451905042e-12,-0.7283257008327724,3.665080068591923,0.7567892959583653,-0.7768750304030364,391.9303037108561,31.542991258623882,199.3001070359558,-35.66905550854614,254.64701932469276,101.75740831065023,27.093454452035573,0.13690413212697589,-126.06692396827717,73.74143303086923,-0.7224970217565715,47.11273566065673,76.10765561675836,22.19724909730669,498.578095144398,44.963691368705085,2.592717757689011,-134.8215783874885,103.42225052350254,40.992726798339085,306.6245888901344,-1.8143182915591993,15.029543575143151,71.17370566256574,-240.65609792303403,561.1551322358006,-10.680579401048984,144.53208761721197,0.15150200509855372,-20.461569785447317,30.181160487016214,-42.019597261468746,4.849626716244926,65.73420412767402,-13.440486632272362,1.86790719396715,232.81178361503868,-4.7369515717340014e-14,0.38421279616828796,4.4793405710423535,23.289545410356407,430.7174255447647,110.27060006279143,4.231346108778329,1.1855690015929332,16.425034682515136,-786.3034955877652,-1.856912462717888e-12,409.69495667540735
130.4440333482168,60.410672971479315,117.01809421095905,51.46208016400737,93.85584681787512,-49.60316280155307,-80.92101056481161,161.39315524412135,33.95353192403099,17.26310305256598,20.960765990786236,39.75509487136935,18.325586694705258,-39.906424424309996,-0.007172178543947467,197.1430966668989,-76.91731950768535,35.46654027466333,-46.47778628509384,-29.420309496148285,102.7543210220379,106.96217471049326,-279.0911458723021,18.734700955676413,259.4956570802459,72.27458711285881,-0.021778621448634253,424.7750224521869,-52.49309972758508,89.6052285306664,31.254662364333086,146.71316937905345,223.22312513635876,21.03685616428138,-73.4099730457476,232.51277408996253,7.799054951753469,62.341493946301526,-502.19454686512216,369.9007488322403,-304.0112386110053,143.58256685008416,123.75879065193514,199.91205519795014,-9.43600753089413e-12,-0.23901647808165738,111.64412975588321,0.9680602728143968,31.3251118784882,132.36549046349234,42.171159756413644,114.51518145713874,-5.3295814069998,-20.755114487924324,19.342783991362303,27.138391739142882,-0.03958975282715315,-2.1168466278303306,271.2587926424379,-0.2822332794698933,-98.77547682483727,186.16427357380346,9.076580974543893,74.4675331124735,39.64660834040411,2.6446283592130597,-134.01681135405448,146.23498494535838,-17.289948477989483,40.19923789855833,0.018565047867695306,139.00461860717084,17.31662091493104,-98.19689066232704,458.5429527294877,-10.610541515199568,5.053474362148397,-0.04441936873603487,-20.566898606438084,-32.18089640128175,-42.03028444393895,2.98268641353262,-26.398541147287013,-4.289667055076892,1.0447562560632861,245.0082652078164,-1.8947806286936004e-14,4.547986433610477,1.0038688962932398,23.31637668295919,-232.9814533351342,117.80894246606414,0.9246249842546792,0.6788182256119978,132.42110238937082,-788.3849503522731,-1.856912462717888e-12,409.6949566754714
56.46872713215256,-49.34011872125762,-82.4663030509804,48.296991999624105,227.83642884498852,62.436908355577664,-25.099581532187134,79.62264214370678,-36.857895606494765,274.8622078049867,3.323687883936049,36.60543980673587,88.20469994300662,65.37230627693924,-0.23520292515272168,-12.881820743570621,44.387416606212135,151.99177622823814,9.641772834785762,476.5153479385442,167.41314716420518,298.87077736247863,-50.249059093551004,-14.313463976038243,-102.40127461815219,-55.035523831005506,-0.024637869494891596,277.1374422203149,-55.588695282154426,3.0940209409254225,-2.0704570765413806,231.46154073047347,193.0797443567817,-197.70341620983245,92.6900325818968,376.79521662518187,-106.10175637075899,54.10852711817896,29.871448646073627,-125.19500662874994,89.7787150564002,-46.909800692011046,164.81434569206496,-97.77502902243245,-6.934897101018578e-12,-0.728615212168365,-9.777095738550422,0.286799839404144,5.1344979137408275,127.05550113756325,-21.5616424968544,284.32814066073604,-40.421912659557556,-106.9069063407553,46.636611028640516,27.08581612870792,0.0031259352406928084,-124.97546762893536,269.9151332907568,-0.687179181485123,-13.94953699320733,-87.13452310885638,1.1745362416154819,-210.6095288295853,4.264237528605673,0.6610730950363276,-134.42686892285715,-85.39494074357131,-55.89274805020388,258.476204127846,4.523500099198796,716.2089378012028,66.39345720959051,-66.21810218516279,565.7802593307632,-10.195338484824351,6.473165083104969,-0.016303544081946758,-19.470377481435285,30.863797126786874,-12.83265243215209,4.633826433973518,-40.02278147351677,193.26452845900732,1.3084596903476922,163.50704265382012,-3.694822225952521e-13,0.7100698494744646,0.42784592752795003,10.95185398867059,434.27842283058953,114.17958376805069,0.29847043408787144,1.495202617117025,2.6184166479429245,-779.3238636867889,-1.856912462717888e-12,409.6949566754302
56.18579658454289,-93.0701234346457,115.05985172123933,-35.96323392870953,-47.28664211199331,-25.644724455482383,99.1994798218581,118.33678738958943,54.48146766921434,643.496569501158,-2.3769247533753064,9.2694269946449,7.892784502637102,-26.719996898762524,-0.3119318453802838,279.31764485278916,118.2879453211811,50.898811117021154,-101.31696981805473,-107.33797136339602,24.576493451736788,393.71894806181956,-63.101757476656545,31.99775355324919,198.42242789837292,-52.84508536341238,-0.04762669239074076,362.96102796793963,-55.26279837694125,13.058271328304972,27.44551027824248,205.45963422398796,157.91299211725857,41.50398108612337,91.57636523477042,161.85506813467927,6.187588035618343,108.13336646114591,28.793446122808312,-132.2479987018707,457.85815474440693,-69.19994091988436,10.517008799696587,-23.48230152397994,-5.115907697472721e-12,-0.4454187478408931,-14.771529957209466,-0.38302164729038224,-11.267991389447364,244.91726064548047,2.1657691502181784,146.61334783645663,-39.66343920943282,97.60456083846863,59.09428940460545,27.107888294929932,-0.039339331196602066,-64.0987902934862,74.01942297059007,-0.5900127974886623,-98.83110282707425,-54.65317310589179,0.29576658208286233,352.0862341387846,-24.65703889675133,1.9533034571395933,1152.528252138926,-55.589270022058756,-106.6688870065058,151.7399111507521,-1.1804620142675042,-219.49296361958565,49.385617257359215,-32.70499657858948,564.2406953653018,-11.226641960980523,5.603599253883434,-0.0604144821746994,239.70398836962073,29.45434863175544,-42.618648776627666,1.1827447974493106,-43.92178224335132,-9.08655667182514,0.5150403271119351,225.78647516060852,1.2031856992204364e-12,-0.2292845070590661,1.3020793924009844,19.01132804751786,424.86049772161823,109.1612399689867,1.0132927027453085,0.29412396007263425,-3.2267315813554447,-775.2192677274787,-1.856912462717888e-12,409.69495667540883
50.66026398120075,-91.78362051589488,-182.67182624725962,17.780441110992143,156.83398146212036,68.9381663351126,2.2976729684132606,45.47250665401152,22.408929657157437,269.8501639066624,1.4206823843160707,47.97194017134007,0.9936475697403774,63.860029141416575,-0.16128345102263048,192.0325689876718,188.42722931481723,-9.635661587508725,-62.17075813100946,-111.26936798578667,108.7431251114552,59.55491929074837,46.91141017254981,33.73026291735353,0.8635891285938897,-39.16818796346583,-0.025746703060202502,-24.299399961642983,-55.97988917569197,0.10446145637849465,171.09223536143298,100.71760506183128,148.71843394687954,101.97506493840667,90.41290224254078,54.551934607463544,5.511407998011492,50.12944276827108,-412.6029632170488,-129.29974812730586,-2.7374730551878605,-51.12480386587005,14.10831671550008,-76.66489414933963,-2.2737367544323206e-12,-0.7186978573458798,-6.4611850603471,-1.1210935721886277,2.6806141757508546,141.54867003931412,-16.74854394661436,138.49369305875618,135.48631631580304,74.104519284957,19.161866839330806,27.09354286136669,-0.038768995977744594,461.4743624280928,73.84322445463071,-0.7237458660747168,-102.75227939338485,-148.8447454734089,-2.002582103653714,454.29575152955556,-30.033732704457243,-2.9734790219848044,358.325686476909,-86.14703156104684,-181.11924438026466,436.737255643567,2.821760167501043,-224.70625580764292,65.55373832874874,-240.65770091816157,470.764912712202,-11.480791414653048,-6.566977972281634,-0.04489203373929212,119.76394982472148,29.545767157967763,-42.94149423882203,-1.6872612236128073,7.143644380517504,-7.484174447349227,-0.845260587023124,171.28787337887272,-4.7369515717340014e-14,-0.828402264232532,-0.8853875163766255,26.24172091879006,-231.01924395724586,-237.59492512460432,-0.9416287927088813,-0.531869868385324,-3.219425522746326,1175.3031656289754,1.922212027832331e-12,-589.23862150763
59.00649513321136,58.17133881335917,308.51659271930765,196.72780021539003,140.19293859574066,36.74857842056282,105.96430879714191,29.423326274730044,31.572260579651672,24.38544846404018,-4.04778963271392,-24.010338736881113,-51.78702184585541,69.45672434539705,-0.17251454430343197,205.31401376538432,124.87185026264726,-4.976594894335861,4.059364569517658,-48.13908902818837,-234.21769905449614,286.13286179706023,156.19456551798294,66.90892058343569,86.24824874520031,-52.13941160539936,-0.01753464905258732,545.4569316562097,28.07539780216131,-22.720689021828367,-9.870311435146782,200.86518763368093,146.51197935057147,-48.18471048103484,90.1457688220325,-0.9694126702867596,5.817556832354767,58.88235525070319,-570.3451256674862,-134.6400695298035,644.9609423108101,-50.36562027269006,48.62651863460609,-24.330265738696173,-8.86757334228605e-12,0.05193815463304558,-68.97532146545166,-0.9496161887103677,-13.284980398853884,236.28107877611814,-28.481369278469565,284.1417495277448,-41.6323641682928,155.04167430425423,-12.565714396804498,-51.082379969144675,-0.026551714735495117,123.25659225209367,273.373660851137,1.5407303719267076,-29.556040429961673,-149.9335202015419,-2.0410110999837796,-165.5619638355647,0.3069591798447394,-2.8094441049283665,-137.04400976020946,-87.69922155982879,-99.64036444256752,330.45888651222907,-2.656574857147202,385.23589148523274,1.1753867451865325,-7.261799138804963,238.1038143628191,-11.87851768009265,-4.1141191041043745,-0.028558246242269145,-22.533537051699028,-9.648598392276268,-71.01294951700595,-3.0846901783259812,-45.260868689984235,-15.899568377922236,-0.9122822073609547,161.92575453815581,8.526512829121202e-14,-1.996087897806304,-1.2050309902194098,26.054927687705142,-222.5564395269274,-249.62084438863636,-1.1130952012776199,-0.6348241128770571,26.675098060479606,1197.4074538464306,-1.5079040262987975e-12,-504.85639009026795
65.21870969075417,-93.19497372974882,-78.8412845492102,358.1792250330318,217.58665775904996,-112.67335403086526,-135.29547717045068,-3.386427333113779,31.048965116804602,390.95033682856786,-3.5938718843695456,-24.289569769760384,-26.04442686583393,69.98316471023287,-0.258678216983073,31.359947511587684,41.034811630946294,-0.7214891493210288,-62.12242667097746,13.254250295182231,92.28206643277169,148.85581309899231,60.27419648284732,15.404933957142731,497.05344210943457,6.709933605499612,-0.03220754124831398,578.0842603710161,-55.074405391889435,-21.787190269329816,115.98558858058523,114.37924109852932,187.20507625599922,27.66208733110444,90.69686801894056,152.52254323076275,6.58731573050423,42.327605531018214,27.23278149527265,-132.47384069091638,-22.331587047733024,-74.48861457383649,11.13722669348351,-81.82172108135828,-6.480149750132114e-12,-0.7654318552906396,244.65750322703153,-1.3885917307655766,-28.330724413757792,128.18791383704365,-53.09674967775134,139.70415576164223,-44.3229565914907,12.223011535039943,-29.65376881131998,27.089160486613906,-0.02436561704838091,-31.085390932133578,73.86685581356471,-0.6713072900974647,179.71947602869827,-37.98318084253681,-1.5712481262081042,102.72429269716592,-29.067847580901304,-2.4925685011593908,-136.8396311855397,-87.57023613718744,77.70358865779885,165.2915149129156,-2.454002528127825,143.6565817013935,6.636700044762096,-162.7692414672949,379.33984661693825,-11.527898372099502,-6.159991452168312,-0.03719842138914636,-84.24909066893667,28.635093818739897,-71.34477264641853,-2.673220551761142,4.7393727989723295,-16.93908961403544,-0.7754567097508471,168.52315209764538,0.0,-1.1850781619977135,-0.9485806007090499,27.18615307630632,98.14844544158143,-126.48168318466489,-0.9185148942035497,-0.6089968786510794,3.703958405146526,1202.7404565703014,1.7502906520615148e-12,-498.2433589656932
54.384669539901445,-88.67130045733461,-85.45028526921895,-3.445527717783982,-102.98945045534718,147.4119684719719,39.555373504382715,63.332538001653226,32.34160030048094,144.8722111038963,-2.836015598103546,-24.39674605294267,16.181132059834958,-34.586635565689825,-0.21543669429639037,454.4813533695186,-51.40871672751406,-16.00376391953205,-87.72678388249628,0.3946956054263566,-38.900962479753474,496.95032903373556,156.8662402157453,72.01001462749579,132.62819418851095,135.51334473196923,-0.024490504408628155,218.51874764766137,-51.23499493866191,18.78400509507362,48.42467443143944,204.32094645058436,142.51940491458475,39.42108362217969,-74.80833649243279,160.70539885128443,6.366025564213916,28.617738550100285,29.48065915034248,-125.1769855257713,-167.87531842260555,-24.584003746003095,12.757628088370515,-50.43330813369017,-6.480149750132114e-12,-0.32943548999123506,129.28039008341426,-0.9162208103379351,-2.3879229469679895,163.97784591703945,9.016228912838315,139.67382359209725,142.4867074074881,77.34602441419824,66.96332688999325,12.749132300556695,-0.007992148462861741,-123.35230393955892,-63.53964919411857,-0.3160959200127209,-108.0896866739998,67.68156526263436,-0.6435606258845666,774.7007874645242,-27.452542641442562,-1.260727264344245,-136.0411321317843,-24.012025342140582,16.87925731091704,194.9971759180932,-1.4967653380179602,-221.19974907203903,36.93079861716176,170.62092824748387,563.4082094049174,-11.408988215862301,-3.3320310110033886,-0.016521961467328927,-20.98936195327573,28.048102266591112,-70.55436693091971,-1.120433591948318,16.729232983378104,-13.464791180728795,-0.28765346257854696,197.96746891611699,-4.7369515717340014e-14,-1.2653346305315751,0.9905073014097594,22.846165596652867,98.90746315278477,94.3412432169905,1.160980884002941,-0.16897798492040642,7.159092669281664,-755.9354451197963,-1.856912462717888e-12,409.69495667540883
63.44250574070831,-75.62924042532053,-81.3255705751128,138.1048214426535,217.7718948829992,72.03526765896996,-129.01704530914256,44.43320516797742,37.25955839912551,521.3180931225186,0.24140557523032044,-23.651317122141517,-46.875569288435834,-32.564145566899086,-0.30824245896723135,261.6768741833049,-5.585559220073459,38.030306933403445,-47.57008336279182,200.60413339355156,-30.362271735353026,273.03281585071863,-65.26755562489963,44.688855049235826,180.59619454028547,-50.94023744716627,-0.04694282249397686,-26.07228963538925,-53.454093862661416,4.795749826057461,5.522523672236949,159.8055307160932,109.22248982177541,20.004776778362633,90.44550460483623,115.16598032365587,-8.084999133761498,50.74672893745668,628.6464602145256,-131.3935644647769,-284.59877748029925,-39.76154037060936,132.49061742635823,5.618309744446518,-5.115907697472721e-12,0.4100678132189103,92.40810652468724,-1.0958537967996576,-1.118503852937241,64.10169387824587,-21.33525273928472,68.16147914333361,-42.107116265056824,-27.722133807594485,29.318102047661917,27.2368937600064,-0.04297612291472788,1.1006555293216778,74.9982547242751,-0.1537591612506372,180.35601673513884,-147.0284536214247,-1.5419175313018854,509.5257574625642,42.220364666521746,-2.537450191455508,-135.94435511250663,-49.455316981896296,72.56724462198254,515.0982032673074,1.617257194415678,-42.1682339433395,31.86687654651878,216.53637583707746,243.60517996732415,-11.570085595054262,-6.813153884461937,-0.06092941379959124,-22.315890211100758,28.42583022139057,-42.0908490753349,-2.0320734406377055,18.439909447890713,0.6895600894171775,-0.8723180134659616,197.3747568455993,-2.842170943040401e-14,-1.1075100455589348,-0.7500745925546665,19.166512179407988,-234.66829886725125,-122.84354524173226,-0.6960280775187881,-0.6857676564231863,-0.7320477969999474,1166.9506771175488,9.311585830830218e-14,409.6949566754177
120.8095691730524,58.95857930429092,-156.83470906156296,79.66186007503993,-35.5996797311998,300.4170739515559,241.30632448817846,90.00320133412542,-75.34090652956283,24.031728600311396,-2.3816181910698417,50.493715004111024,132.83470588556233,-36.145887564570785,1.302184686647363,96.27143865933752,345.3784136919066,8.151072129813212,-40.03022405553293,74.52831140111515,172.4246514122188,290.24274079628924,-142.95354003518162,74.07520768358779,-133.47621892428958,99.20773923172267,0.11452012091137637,148.60835799449876,30.553257177938665,45.13091356266988,18.875836403890002,229.60715189224763,166.65528347224517,-31.856551171774143,-76.11572894231922,16.837173512493308,5.892322445898753,72.37651632095778,29.713382977592794,364.39028712966814,602.4314101998284,103.06378879703601,-192.33241497688024,181.04906562649512,-3.8767211663071066e-11,2.022393911247387,109.44725542695669,0.6579928132181494,-18.450436913627357,158.2614902216947,51.277129153568644,357.86391529620556,9.861534733989883,-78.6651281845044,31.855814519827828,-48.750789539963144,0.07445944460126809,121.6266461746543,-321.5161719804418,0.8311767211035005,-26.539868537328175,184.58876688423294,1.5482527710219927,-145.2562862009256,7.409237318916679,0.5179653742711513,-135.1310541022414,124.21158298865359,114.99228195585556,496.6803299304447,-1.0277062974020272,-221.8624622780949,30.526234181155985,131.63402818075537,557.1353485503862,-11.140785423656572,7.895673651304587,0.13984819750882738,-20.97013200143146,-9.44853335056671,171.04159583059322,4.2080799397851285,20.71634846558318,-12.950682005705033,1.5776845728274138,229.73584242252971,-6.631732200427602e-14,-1.4567181892805399,-1.2456479989428462,10.151162881013557,-227.39563755004676,122.06342366122666,-1.1202080367128149,-0.09050438389409288,-2.783927301361855,-784.8014425157098,-1.856912462717888e-12,-589.698266933042
60.49504909262459,59.639087025225464,228.61217290061776,88.02581580617907,183.89299133883247,-43.71010434022596,-119.48110274586145,-9.224699017484172,45.85381738461135,56.61675835353516,0.21137510543512683,-20.840803150925215,-10.162287748655121,-36.329553204487716,-0.31612170999554423,105.77175263423918,-0.18733433991402157,4.502219911101014,163.9617240165866,44.85007271262121,46.126923854840115,240.54550255666854,158.0167806290853,51.15042873548639,420.35670178744584,111.06599365805229,-0.04959885655872467,142.31281145771146,28.49655027066919,70.88702774517603,56.013509164826964,232.10944176544606,178.32436587772952,75.09181990683274,-71.89923560466765,158.91570511288245,8.458955151259584,49.94105190530617,29.504715536569655,-85.27033490651458,19.864501479721877,-32.028897023230215,144.79050675475258,40.67423933334685,8.753886504564434e-12,-0.6782129532178787,244.69698259731217,0.4456151154294293,28.492280013213694,217.10318137137156,-10.988299152592676,142.37380326464236,-40.45679293520322,87.80551640466497,1.1095379307253073,27.091715171902347,-0.041540893270415206,423.72355311886423,-75.5015175087627,-0.5706081104547042,-80.36468431420414,186.66007107084175,1.6888170884700173,-282.7818392878042,-20.200260564694663,8.298113214278994,-132.5107042697849,107.08650923148274,18.24294230285691,122.5219433050272,-0.6238041634509085,-216.61253730341076,12.822094565683516,-256.1818357744142,562.7708776904227,-9.996523944379947,9.514242379859228,-0.0646403726272281,-17.341200070259,-12.960207659403157,-70.3413686303509,4.352626004905639,6.727772841463219,-8.597465153450448,1.7092027689156741,197.29333098105658,-1.8947806286936004e-14,6.549667847581565,1.7929628828012114,26.68551955236177,-232.1302413638741,-119.3843414518102,1.865469254426289,1.0387760716908605,22.210457800105846,-762.7462333691924,-1.856912462717888e-12,409.69495667540895
60.445653114987515,68.81416823635067,-82.49263472299052,111.7237609287024,44.13644745169897,231.44323443789162,-41.66558996739107,110.99818890795754,-69.7660197778086,30.96307891821243,19.07553555494761,-16.01913230448633,13.60979498250865,-39.559375885648734,1.5521945226105345,189.21079866665843,-211.18863437060742,16.400194057300467,118.49228230761915,16.72916362301884,7.77511452422682,268.94635348966483,-58.68292887605038,6.233391740354372,-35.40529924230842,176.38373692101396,0.23280601383539382,-29.979315697576656,27.901996882405285,79.04779445819169,55.08841340839256,224.72652848332214,162.34500737805084,56.0968034659204,-71.95330619888986,186.1214654759528,4.745606887994213,60.31830444659698,29.143166433382095,-75.5755035094309,-170.1465248175841,-6.362498368130213,-50.79283997252147,-22.995198253810532,-6.480149750132114e-12,-0.6435523674748187,108.18369566503476,8.448503730693783,42.77235010530608,241.05888377545557,23.832453960369406,67.95166227438676,-36.22237141053478,-19.176506256777873,25.015518930061713,27.11585289634744,0.23342303675828904,-114.56584872500787,73.94393665555133,-0.5668707832769332,-20.098124856807743,78.74017616466895,8.007426708128,-260.7447751385252,14.188134014661664,5.326896979439758,-131.752372095613,-14.76683999949528,-20.36887760229863,329.41008637809085,18.63902682865584,142.54623577753773,27.76633319439442,82.46011445770675,561.1909113789417,-7.282548700990183,22.81134004601949,0.27057899558684484,-18.17230792398025,-9.218040876566231,-66.53326918875779,9.367472361204133,18.11706767776937,26.991725848877604,1.959873773036712,226.88267384282926,-9.473903143468002e-15,8.954352676797722,1.8077171476570038,23.262400366539246,434.340915296977,0.37101433290411734,1.9267405830755129,2.9733920467714583,13.663929002137149,-782.7700012988812,-1.856912462717888e-12,409.69495667540565
60.5347568179175,-82.02825603524619,-144.13632493985543,45.79659772816539,116.05139489247769,132.21850714753842,221.09310337401968,70.16675886492153,-5.867783227246535,523.5386217144874,-3.1568085695152215,8.748478856786749,-19.368128187788233,65.59981057817912,0.2624529134661655,1.8841957520626273,341.1237092409612,19.300617181344144,-65.40395941637824,-172.82905676434072,0.8327108615049041,234.17585832398964,157.26938559029975,80.58135230163548,53.00723237173135,-60.85704297668498,0.050372488223389085,-31.991058762132248,-55.47172787569158,20.694806703448787,25.222283437884087,110.72374708610307,169.53991505711087,109.2687431353684,84.45369992878446,55.234362562057655,6.88410714774541,94.07181926848821,-195.21718039280512,48.26111771861273,565.3980235685095,-69.91944947142369,-204.92979508306186,-84.29636132636156,-6.934897101018578e-12,-0.26567762405234646,96.20178797549664,0.19160966470150365,-12.333886079637416,174.88117169099692,-0.9675922365493275,136.07197358066858,-23.8604957614999,78.45648429666578,2.2691676501427986,-51.26814466317732,0.018686748138064667,308.25861126967635,274.33414300963693,-0.5798745989381826,-107.66588502336322,78.33849991877219,-1.160899148884465,248.7932200813045,-27.662533464189735,-0.6434024956486022,1357.4908678102547,53.20013599804106,-33.752793531382906,353.23162745535865,-1.782085483157284,-224.6242596297102,35.05350184581149,-66.07863479066698,561.5979673527955,-11.430739401129962,-3.302628454543031,0.04624365929111278,122.0340202326951,29.269409858101856,-39.69048643216762,-1.0741109658124661,-44.52656064207486,-15.452931870335709,-0.256537478922913,221.13892475162942,-1.9895196601282805e-13,-1.3211181825568503,0.8282309835189414,26.350919051422824,-232.06196021022728,-82.02669076827911,0.22200523100157854,-0.2018336196095282,-4.098292204485023,1174.1398992123018,9.35155028634835e-13,-589.1843538079991
79.58455133032626,58.424676882569095,229.01690363915705,140.28494328727098,104.00022966334254,100.17442496362315,287.32602554838,82.13652941085869,23.912856484874307,800.4673992501015,-3.4909365956689107,8.685614021975848,-17.866091009120733,-30.999405412044716,0.22233964915305812,63.78760164794218,220.86719523073208,69.74104892310704,54.742240248761796,200.6247581730155,160.55425185578483,332.1588226744372,-65.34240880149062,51.82924999049844,-73.72411972642088,69.96091033998222,0.0717193915076776,268.0581164168694,-53.017579532747085,17.571393744348796,163.49380864496425,96.21671612608091,143.32556768744,14.630006220014687,91.00943337333054,39.22919048021207,6.481148006505904,78.93280041760839,242.3139174108083,-124.12407649622226,674.1964268331665,-8.192512128562981,78.1203930416376,-41.823513172046724,-6.934897101018578e-12,1.0018299707632046,210.84017220632563,-0.13885968721106165,-19.656199864791432,35.752135870810626,-20.49650161800172,212.76192813784337,-41.60768689176154,151.25903005401162,46.84165635555633,26.939429805729272,0.047107982291350756,132.50215193758925,81.71985388876728,0.05533232423874827,103.65057341761847,-35.01248458725183,-1.082240068111878,-129.79042890011678,92.21213949443803,-1.4097799946315335,-135.00349066638256,-85.33738582328911,113.17743303762893,316.4093970003304,-2.1399558772248755,140.1965029008278,-13.501036258256008,62.470704681897914,561.4871899051202,-11.577999660389741,-4.8879429998837685,0.08384074603231233,-20.770335238887316,28.652542842060544,2.248762948489284,-2.159991969233135,12.272844834586314,-14.768769842988338,-0.6130746858457429,216.67102004202948,-1.0421293457814802e-13,-1.6499325195431271,-0.22289350696728738,25.930854754637775,-234.5826950925257,-197.54932645127548,-0.298864805195163,-0.2800814749271309,-22.24342793202689,1173.4936543958268,-1.856912462717888e-12,-587.8413937920852
113.34820959624423,18.055626904910575,-83.6243510776745,-5.164630086258299,-37.12316229048889,132.62917439889785,213.89732421984394,93.37644142663927,-75.4686593203345,63.575978450191116,-3.1738595960210385,36.560902219346765,77.82713929335496,-39.736671517623975,0.143308773527013,162.28825855465902,349.76025945783454,63.8571611001053,84.18152590303912,4.263032183210846,231.6737429059902,372.3978531040361,-65.61529552024568,55.641793694987236,23.85847605263457,123.00478880906567,-0.007416377056365409,-29.946067951444455,193.6988225688517,40.77943379199406,184.37844941964573,134.8122667368097,142.7748688327619,15.82296737046182,-75.89752053994523,-20.289387120920658,6.215244526928635,105.83653286864752,228.76418731584462,361.87344345575906,664.4872009320642,96.62321300165524,118.91740252217717,130.38739226104846,-6.480149750132114e-12,-0.8153067993539754,25.96771897324248,-0.01942383385967989,-21.30506471900511,159.38692542909942,54.76483898908428,212.1033838145843,11.137893195048033,68.25349721129572,-6.816046864265143,-51.824951002043015,-0.01272946046312708,-124.12183133378579,-325.8308230536581,-0.7634833046256058,174.31660679810514,183.12670562956248,-1.9503799666173536,-209.62890206456697,-21.791346599369145,-2.654362533533576,-137.29277880176537,124.0210299422931,1.988825358965612,448.2479412110249,-1.787668353200522,340.2483797842852,4.793930302812549,10.446898213266383,562.2475781618696,-11.802470159533634,-6.07215584319913,-0.004198594977117928,-22.638138139781713,27.4695728563007,97.46716242393624,-2.7252824975387115,16.339303770034615,-14.78974083529663,-0.853032472361669,221.01080031736007,5.684341886080802e-14,-1.7647437139207731,-0.8610027819957327,8.757257741964965,314.731689388867,119.46445683475906,-0.7987400155639506,-0.6472934419274544,-12.739718490235585,-781.0205188374581,-1.856912462717888e-12,-589.2199761522486
54.97165152707635,-92.57463865126657,-87.05847702639588,-132.55365699499603,-37.39703164411697,103.23315738853468,244.7317707975527,67.4333965915639,-68.8545786053886,21.24168489071093,-2.370220094102698,-18.228710353580098,33.458162888745186,-39.71444405085478,0.5750868074024315,75.28556614518284,44.65921117411154,-20.12984050068577,134.1150737752312,201.53864130687182,147.361728524905,243.93269818503205,-64.83662842055891,28.16671833856028,-108.60399815139886,69.70625979859227,0.06494413244274334,247.5905298136026,-46.60479334858326,22.659171768091745,36.04642179735528,101.31529169233688,159.5780866650325,30.512414429995424,-75.2800127202568,130.71639337711034,5.355339012786778,-1.0265958507018147,29.54003171553428,-79.86267914523901,675.0359190857572,-81.39876898585948,9.869363461489886,-9.37218242280269,-7.16227077646181e-12,-0.778273958584112,133.0549892186893,-0.6349780934987658,-19.26650636662867,85.03382909100813,-24.852036212117806,293.8689136410407,432.82568376328663,145.45428218080133,33.34120216828743,27.07831599691584,0.04441805954491038,-125.63636860773059,73.73698988995545,-0.7322756451003195,199.67031354468483,-148.27014064193085,-0.8563618310781408,-213.98827761155317,93.94137127927551,-2.151004437274463,-136.6011433965005,-84.65999793313546,2.17529202852738,282.73410316047875,-1.0401167782786356,73.98593342656665,16.00712582655193,184.68412913836,564.499563264291,-11.477633576315132,-2.6296805731951802,0.058750549503585645,-21.768596466101133,29.449772088568764,21.154141221893212,-1.1824675933453752,16.950561059462828,-12.559438954883522,-0.3473978231035087,187.16221320339346,-2.842170943040401e-14,-1.3229311052659192,-0.5682726573399213,22.15048003837652,-234.7121700811836,117.85718836717737,-0.36232576774844194,-0.28740317659273074,-2.5960982363358487,-785.1639418528569,8.715716426008967e-13,409.69495667540883
70.56530674717189,-89.66203064992169,302.49781731131935,38.086093018811624,85.81058405786798,203.14439667558267,212.69422789756987,-0.13416643947489718,40.73229979112458,30.902690036211908,-3.8257234978625925,-24.40397768971107,-58.03880794886873,-12.402602909739276,-0.1269019022696826,368.6642801274452,22.891480544687965,54.503919213653354,109.70069860734542,138.44606123395468,222.82031088146886,391.31150446350244,-65.45421210389094,28.456650716872467,237.60739373067608,18.809696728597586,0.0036347897312517365,115.88965639681989,-50.65385229233191,94.23860032281289,-35.06273492209405,109.06204467826373,150.66288997795002,-62.58916344474381,-75.78109515595787,166.21006938862516,6.274491232415954,29.52596053397762,-369.0074101803956,361.89084347184615,399.22292060970244,-47.66851757600192,-33.72646675379418,-55.59321278302881,-1.9326762412674725e-11,0.17337934004176841,52.14769993587378,-1.0705867798364743,-13.05182851331351,147.70972918937954,17.212667423453546,353.6628014606258,9.297111864745853,-113.26095563661845,26.815928239717707,-50.82032961590595,0.0055587654651452646,249.27481963113843,267.66940595102267,1.0341065694283011,-28.593638050652185,-148.80962128214375,-2.103835650415431,578.6952392718292,-29.822329716989557,-2.6499884248239907,-137.14810238178868,-66.92079158385891,85.37702913176602,487.60858793974364,-2.5036825696237073,-225.60553709990742,-40.56922381554749,264.4382202858147,237.42160616135402,-11.713903785972777,-6.261253292291447,0.016315047824412315,-22.46796494389094,27.752423017283256,56.23865169864191,-2.7146308511104946,106.23573648433116,-15.491566249419344,-0.7886762271657612,212.21388886530733,-1.8947806286936004e-14,-1.7344520872906135,-0.9665752474944294,24.60034739805549,142.62391621148487,230.5260697973961,-0.8484786603458603,-0.6816936987188593,-2.1653111076111706,1171.5437570113068,6.17028157492119e-12,-586.3391239795463
63.16543080152023,-93.19249742885128,-78.25248929714387,-71.5345685045937,112.62362299797836,234.81113600036755,203.26198417829465,53.5627941060658,28.869502833660835,401.641546475295,-3.684238285975947,8.590474758628087,-40.001663004907,-39.31749876585325,-0.08972778039763744,185.7259573970817,-39.49266183753019,-12.579375496036189,8.425683312810511,77.78295339566719,-112.37098295405306,235.06094562398252,-64.44004660573253,14.379383810369122,16.808543197460587,50.94056351036207,-0.011373252499122249,86.15347296679384,-55.767667581924904,18.504181285895907,161.0006464420408,94.9232027363142,89.66827989534119,29.3944428070862,-74.5054598602835,70.6583563312261,7.400356203986533,21.73653024111279,29.330504956736128,-134.66365257412474,378.60273674772156,-42.08849176874772,79.50539989060476,-5.76665564984597,-3.54702933691442e-11,-0.6343151590890653,44.70504395228996,-0.3760626530777541,-11.439813714719373,111.00501954351776,16.55753296972948,73.23435904951891,-41.58653710430775,-11.899065200443804,19.611357439387813,27.12461372330937,-0.024209776546365816,-126.85757432556576,73.91639360286683,-0.6817622143210214,-94.75281954127682,74.44323470327616,-0.4345083831193278,215.60712588321712,0.42671571885054693,-0.8763576904508671,-136.4631941300284,102.85077030623737,128.942217692253,235.8707915747299,-2.2909023415940464,-220.28734211331977,57.404077161363375,158.56843051284505,546.8037182313709,-11.366750860532749,4.439632466254286,-0.023455583376449304,-21.43554576733927,29.289938671500416,-42.47931868635036,-0.3750669906800023,16.34445503602373,-14.798063950554933,0.03909488294991523,229.75957143746717,-9.473903143468002e-15,-1.1982084894782712,0.5209099414928593,22.315725774341946,888.0352332977882,121.37669965294148,0.4850053542438788,-0.019321645675873845,7.573135158414714,-780.4175413474009,-1.856912462717888e-12,409.6949566754186
95.35924784493974,58.4672718056336,-80.24665950998859,0.15911191932330565,-29.202703674455318,132.6189722229417,160.39970057481963,89.25674019399,-70.57041415759365,30.54191911856674,-3.4622645589935908,8.571093302445773,60.147067546693535,52.02143800546991,0.21837796869185858,296.5967778246219,372.74429132922484,4.528180640716451,49.68252856764926,172.0972427708657,84.21499464047558,209.4230029600907,-65.60671894178267,7.842252358681675,312.9182666839191,-57.28312247341462,0.031793871648899553,-25.80807202447882,191.59516505831868,46.08881758194074,-29.520053585431427,177.8434273923148,152.18251627894227,-71.37938782825684,89.39572426881222,104.74621214759851,6.422969643824348,50.26590963644505,624.0525012583047,361.9414512961665,657.508228678445,91.34618846170484,-78.96441001039364,24.698001702974782,-6.707523425575346e-12,-0.571359075867015,-6.180259114466114,-0.5649359335569509,-21.203713818631073,123.15649432354368,41.568984689412424,351.84780000318796,175.24376898620122,58.84401933040469,-27.678887274015622,-51.618574517621994,0.015882734722643545,122.11995584051732,-120.26800982086772,-0.6452833414800094,176.60554641877997,-38.639709940970064,-1.6708876082021504,-58.26750098599749,61.0038826576934,-2.6382602232779573,-137.19388147153904,-45.75068898819934,112.87045328739013,566.3404070637749,-2.093399804567163,159.47506740418387,28.924817470383434,335.4527324002026,236.9449554063344,-11.773249026257973,-6.246591144943181,0.037198347092471565,-22.515829039164498,29.02385077574651,97.1951415924256,-2.77513438239128,16.680569269746957,-16.692084324872773,-0.8432861636960385,191.22793871120467,6.063298011819521e-13,-1.8224230755967947,-0.904199032946487,22.01576338079017,-232.92093024546807,99.06046571623445,-0.8313435436681869,-0.5080963360650356,-2.993811325857825,1173.5343888780212,-3.9920836274476926e-13,-589.3447557413167
97.89113640799613,58.0046716372442,210.00161424593466,74.31275702664196,99.07415680537784,332.59814739355096,175.42159066447567,51.53905335313201,-75.0564598000183,22.832665022066777,-4.35517788313126,-17.20562008010899,15.02758013307272,68.35099478609501,-0.0916171825453633,153.40930867446588,100.5389639290272,30.476623176975654,42.91340218725902,180.01761546909123,273.3020972953159,191.59100530026052,-65.77382768875249,88.43846472630605,1.2847660902182951,68.94581184803997,0.0016561400117418338,110.3739239571057,79.44435217926713,72.40450863249497,16.932504941975587,157.6023459153941,104.46924232173862,30.008423604259754,89.76000857154624,26.591001161243696,6.228304484877909,63.349209885467104,228.24747019603146,361.7487507426725,673.7919912405465,119.49513839736521,-162.37708322513532,-55.10645165050413,-6.480149750132114e-12,-0.5615815160531047,40.30493648025252,-1.209538839086686,-21.582614869172136,127.61269890117637,11.774995273331374,353.57190105398985,8.835437572309102,168.12043552275674,32.553814905389984,-51.698036620126594,-0.0009047624941868205,429.1804098549879,-322.6437076941756,-0.18831585947840818,136.7458017037941,72.01252480188458,-1.986603272798601,-214.37604515971447,54.053482583905215,-2.8062109617852276,-137.3669332638573,62.52802522293985,113.21645127666162,510.20865249081896,-2.979966367895291,132.82058861839252,2.1335268767950195,99.5934231007676,244.17309030867565,-11.822095758286768,-6.843042807837139,0.011927583697056168,-22.72216189239909,-9.536866960097472,13.791940086988237,-3.082207612697683,77.75330650612159,-16.481718425422677,-0.8841697573906423,214.37795570478943,5.589602854646122e-13,-2.0702631903055404,-1.2069156197600321,23.10030751549901,-233.02725901492815,-37.44840117610259,-1.104517759306907,-0.8233453114920838,-5.65495132891604,1161.7319129630268,-1.856912462717888e-12,-589.2220187805733
73.47841802294644,58.393330400430074,513.0869676285266,-30.199242421864366,-19.772245384796644,359.5404314773528,50.51109569943049,90.02107491314992,-69.6996763228182,26.28777872535906,-3.5855536732314266,-24.49981905977721,106.30607017159832,-30.478949853013333,-0.16026358119890083,23.528423707755863,186.0599871590457,25.80651806498357,89.07170953276417,140.29942021196106,175.96228392050605,175.17013832723993,-65.64528405944696,23.622701908199883,-119.67291849862413,-28.126563273187575,-0.011937949924874963,106.44612183560888,29.525740007781707,67.18677715538443,-6.1901863654448235,197.78176739247215,140.14931781653303,-41.08780973163268,-76.03409654658314,256.4674268847154,6.1359724199159436,39.43564919982782,29.081743854649254,361.8760508205589,406.04924136741687,-46.81102313345943,-72.8255544583766,8.797332389456217,5.354650056688115e-11,14.870374487269503,-186.23076193367336,-1.246409454100769,-21.429894145698675,25.928599353623138,18.792298700352433,282.8924048264465,8.780598597270446,145.67752745019195,21.259621989787536,-49.7446016844191,-0.007648657946335749,184.70205475946062,-323.0390458654683,2.082150275213948,14.345545048461144,77.89162691215343,-2.014078082110842,207.3586850520462,62.28331126217216,-2.6228856631925734,-137.0264938206354,123.90495914376586,115.39010037847181,558.8514483908157,-2.2085695069733564,137.1761357070275,45.80943970916487,133.7489821821403,512.3925116792124,-11.721950072003334,-6.6026891416004885,0.002470583649037225,-22.684787271124385,-47.38724715115058,204.54856159107277,-2.63469161471822,88.78909376923835,-16.365529302502317,-0.7842793862802903,225.0697167355839,-2.7474319116057206e-13,-1.9222159020688696,-1.3603275283672995,7.649197252491499,-235.14091313811946,443.1814209846334,-1.2361795730744043,-0.8687874834038972,-10.085493646094568,-769.5971270659969,-1.856912462717888e-12,-589.3794115804278
91.52472745953803,58.25698638780041,-82.25646657420232,86.2612652096888,248.22201282839129,-23.46653517463892,250.98924572399204,52.72768177835728,37.14247293251716,547.2685099806063,-3.8392674742617943,-24.58939222720091,-16.7152444477304,62.71876704507152,-0.20218243716875922,294.84500272819207,-105.5274350774928,14.280477630948118,45.35762254120449,18.988694702891486,-11.633375041491423,232.240964412759,-64.44093875029651,81.78668166297471,293.1732818230779,72.5391229255379,-0.018502121647324635,358.41795121145753,-39.86309234257236,21.151224642577038,9.242071742775373,230.0615814382682,158.9513959683698,98.24882417042517,-73.9956076321372,141.54765008953788,7.085646063530795,48.311643861595094,228.94682856926138,-126.83418404246656,373.827287578215,116.96794281842804,-157.07095729695587,-46.7739097707281,-6.480149750132114e-12,-0.3688025165211499,-42.46161012323368,-0.6436449988378687,-20.100405999417212,279.2239344522946,-18.825095047819534,150.58098923897344,-41.41373178027601,281.6120714648316,39.278981131690465,27.150019423174697,-0.009178304706114589,310.7161467753164,74.62789347780787,-0.3438322250484054,211.33573660651135,94.106579709775,0.07736884309056222,-88.21271580524957,66.19668675497522,-0.5685255249563058,1287.7288757271822,48.515636728727316,-101.89701390280139,219.01465459296554,-2.4753368667965936,-220.67579700622525,35.796652469146764,-8.908937432818353,261.18405526424175,-11.428650191482237,2.4425904478535876,-0.013402597102510447,163.0107879470343,22.667470254772486,-42.31008597898721,-0.1846754014875399,28.090864508520603,-15.435106932005402,0.13845402095852843,201.94897494695985,3.647452710235181e-12,-1.1416328553929715,0.8138649280834178,17.694710668158162,-125.00988310133579,-3.190067179391221,0.8778522446480035,0.08942477920889191,-9.71658061615686,1133.1208935239408,-1.856912462717888e-12,409.69495667540883
72.61819927060758,-95.49241442188577,-87.68273014973559,135.05639450223833,-65.42439948179818,127.92664874485587,-19.099775134068718,105.61320038089028,32.477383123558496,21.67241725675524,-3.364184683124351,67.56269766171847,8.263818543557022,-31.716047434087557,-0.2117475815992022,35.61718325122408,-140.22071406554562,5.834142972960919,66.12771372543358,13.682744536725082,183.11103235829404,243.46595234166662,-191.95428826731694,-13.507954653914622,-84.54539278584647,133.53711116986702,-0.01801841256665286,276.8335966817019,-55.450307002740736,15.771317047579783,110.01446298703296,100.8370943202611,190.89174307745455,-3.8598207894619945,91.65783201398024,200.2241090768995,7.18253044551853,23.968623456601648,96.96873123002815,-134.39381319726567,-8.857059189703092,-33.83117418676993,-67.38164344897913,124.85225096288984,-6.480149750132114e-12,-0.4052118643886287,201.8339551360702,-0.2502857806190113,5.816666163933149,150.70405563830025,-33.39541487509089,354.03370904661307,51.1045531114223,-111.11909570068846,33.49777401768969,27.14931957644744,0.001816888589558071,-125.89083730287192,74.07910072295593,-0.5887990089484794,104.2250973835207,-147.8848123619183,1.2146438976292102,214.428045560552,65.00168693676794,-0.7273101419453095,-136.64221238077232,-24.447336649079592,113.27940117773508,340.1445203500742,-2.136538685562994,137.53821641147272,15.180643501313138,42.600615689426036,235.9669295963339,-11.170778047949222,-1.7192370829621881,-0.005317825164267084,-21.899279304394433,29.162631008043412,-42.357532451259196,-1.377661976897327,4.221298849717741,-15.235502976219323,-0.32949383496787404,215.4622510920797,-9.473903143468002e-15,-1.1493342658780172,0.6079048828621669,15.460040484087589,-234.85844811039405,50.552196452173135,0.4492908774308977,-0.2905444873560963,-4.298479798697723,-736.0759249253365,-1.856912462717888e-12,409.69495667540883
107.49482133968223,58.339794941981104,208.44564741267405,54.14891016515706,-6.337510066491587,75.76804235566327,121.98484097750779,88.10237115544848,32.337128447836704,26.88203697014717,-3.5714966940707003,6.092557674905975,64.17588884793157,-29.475395820826765,-0.05483551321987559,275.84132123049085,271.05736103662576,29.520577796231166,79.25047492651916,305.7926197479185,244.51942220497085,146.02404428320713,-65.36882865903786,37.40779557232272,-142.83122961336488,-63.619809811779064,0.015155740504517519,306.91703187440413,118.26078056157343,69.10643375742222,-28.20229845428308,185.6447442189047,149.67150645133876,-45.72742251788587,89.56934249885639,255.18713887439267,6.4619839054789106,49.8985804999449,29.66094374334374,362.09807397512003,674.076550964947,58.24493543549116,-62.23836521849359,55.05044218010834,-6.480149750132114e-12,4.681433570053077,-187.42036805065612,-0.9283498392379662,-21.03765410001954,49.57923792275094,28.820351121345606,227.71910887146106,8.80098053448823,105.65363440207737,52.69938466806736,11.563559523518242,0.018841927470494017,185.0505639972737,-323.3864224140003,3.8345843852390438,193.73350410702963,218.8756409805809,-1.6271329389638935,-70.34988236806522,33.07907068830271,-1.9956253793185197,-136.94360236963306,103.54786033717198,115.01938425021359,554.7515322266927,-2.210233776185602,137.26210667621723,20.792640894565807,331.9976753454696,313.9584962590574,-11.593597416184224,-5.053670788965891,0.042458661952309976,-22.39756548546288,-47.23016344921981,187.73810142571827,-2.0953017996889423,88.92767622785945,-16.64579647859485,-0.5837845738574873,241.25784924150415,-7.579122514774402e-14,-1.769839328676029,-0.9649451644112271,21.5344552133989,-235.01510564941148,324.9614454909823,-0.8469995561168744,-0.7795223800171645,-3.152267679504417,-496.4802574874531,-1.856912462717888e-12,-589.4941399005352
68.89444577750353,14.324363182390057,68.23057245050795,-2.8269281239423107,-34.650364476541846,200.89859924531476,212.85215961292658,87.13303505840815,-72.5211144852852,24.835688749728746,-4.002657265997152,14.457518242352096,-24.759965099068307,-36.5212991642617,-0.20830620573328004,145.4460294773796,209.77683454687585,19.44461105223294,58.2182877720062,140.93232742517915,154.22300660448914,282.04337185075394,-65.84020373266692,84.84108856809631,-9.975257614083466,80.85660254160176,-0.03738778265759637,-95.29832171903203,10.67555628591064,51.13091162292349,-41.58365158324962,160.78509832024392,103.6432096745703,-49.87909521870004,-75.76914550836507,-45.36384549478802,5.901523842765439,111.65109831734075,-371.00225447478414,361.73125026945485,628.056890400598,-71.22074654214998,21.584385710516397,-38.32874620194256,-6.480149750132114e-12,0.40759451842883315,78.10241066615157,-1.4400079660230778,-21.711205537981296,19.363638662354717,63.183260946920065,211.0691456908888,9.231543279293218,-111.85683387922947,17.385269027861344,-50.23394934581366,-0.047174646796132695,-123.56898653663929,-322.3212897304212,3.178854283705607,181.5827654119753,72.45675105778122,-1.8579519625671594,213.35233024715984,71.62314513974928,-2.939842625326076,-137.4496533310138,123.79708773574679,115.51846089860646,477.79931355212346,-2.5968982710646187,-223.15528587729148,33.01059314169618,339.44441317712915,564.7935201512432,-11.8922413835511,-6.8098601212260546,-0.05627069148305049,-23.022652666036347,0.004511581877962121,126.56620274279891,-2.9924533438231795,17.29293233958193,-17.15977413985763,-0.8829646099355437,212.9631693317224,-1.8947806286936004e-14,-2.1794109823997947,-1.8250032630190969,8.774611476581176,-234.33419366939674,117.68679056674465,-1.7027186223454782,-0.9144405863635034,-3.7005033057701304,-737.7078406704226,-1.856912462717888e-12,-588.9324327439463
59.934755150432856,-18.52597839876061,209.3841514438659,266.39515933723754,334.30791711593423,288.5994523111948,206.36434005812725,11.538470319702622,38.53812918133568,404.6661057289861,-4.628979569605522,-22.884733035904492,-14.947211375689951,69.00925204577443,-0.02156274509149776,11.102900073904882,103.49044624605814,14.35442482802657,73.38126278740698,106.30816753373615,-56.70384744177479,419.7879532568143,-65.85890728886278,91.56414133006008,-72.06588517418035,-54.788715513230024,0.004104350753870709,396.05623543659556,-13.796183509224846,-18.568112924777214,-10.720926181056413,207.71213845879578,167.48457572275518,21.22746969792759,90.24432306249987,93.36407880857058,6.137587839083918,69.18903173110955,28.330924820286207,-136.09333998719774,451.2182643827019,-65.3750727574724,1.5106029842490236,-67.95560765308528,1.2505552149377763e-12,-0.5129406221548751,228.40007199728643,-0.8210520372596343,-13.478819624992196,44.71235247752184,-42.61737701647434,139.7193885900668,-42.90031145045188,179.71301383297103,7.276901740803415,-12.118575688206462,-0.01243528412215919,-1.51307739663838,74.71325857997044,-0.14519426438166008,171.084769347847,-149.90846936417483,-1.5238248644829127,215.47392578063003,63.616478575425056,-2.9963170884412325,-137.55306268133478,-88.44996376339003,113.04773281988172,200.96076825798508,-3.2478109276675533,-226.0869326977366,6.448406636326409,31.39661563398232,234.51807957188603,43.588699084172276,-7.445767428096205,-0.008799878620811621,-22.872115506370978,9.584885388599657,-42.72996158892366,-3.384939849275355,-45.447284188635464,-16.968077042664838,-0.9754826654450596,165.02864560609106,-1.8947806286936004e-14,-2.174834775440858,-1.4007925597421338,26.825707861482577,-234.09491027549066,-242.11822254273991,-1.2931124049976266,-0.5668411993776393,-5.99558482134156,1190.4785114332135,1.967239767853832e-11,-589.2574896901403
48.083645768567564,58.04847635558345,-87.46963753232633,248.2955615491935,230.72400514502877,-13.329331317376145,3.589192672769571,-50.35657413867947,-76.73075859139273,397.98849031954876,-4.269799884541671,8.37556675162523,-61.59865467597101,70.14343720605976,-0.2310266296327391,33.66208284282895,-19.324261232626306,-7.370559506757437,106.46594107390129,-4.4334818867743735,110.25990462629507,29.19790998544901,156.1137109241928,63.364150698676426,288.9613817069979,73.56523477035893,-0.02428266966868595,388.9194074805337,116.10149141643967,50.32136633971025,31.76298316706973,182.7456766329963,169.63755637593584,185.81120746939155,90.71223263402369,48.00006792237665,6.2560748145197,38.484473499752134,-569.7697251870948,213.0404863569901,-319.5137468393071,-46.295438964103205,-10.831388695396743,-48.20249461452995,-4.888534022029489e-12,-0.5140104509377923,161.40794398393078,-1.407979243126078,-12.04886515277198,72.0185527738571,9.2575907455685,139.05146706550659,-6.441198470201658,274.5949069289425,52.17952060777972,-43.57146466321256,-0.021466461134451467,-21.170297617698893,-324.52540752289053,1.0776082271061054,170.78375439178015,72.11621857007886,-2.0216536954709854,493.73891244329053,31.012129639537456,-1.84172502349463,-137.12978752015897,54.15057887511225,-67.59786858987317,261.1940518575213,-2.89235693128122,137.4062070598633,-51.21084495167512,131.44555167709922,293.9228117345145,-11.75929937592111,-7.195127457427934,-0.025704973506595355,-22.347759890918166,-9.27569174920527,-71.13097160365476,-3.303741715924923,124.93969613871,-16.28770697869497,-0.9717909190328593,199.11076173992765,-3.789561257387201e-14,-2.0483536756402514,-0.5522314397258515,27.223619746013874,401.23226904626694,-127.21346614552138,-0.6387252177861706,-0.8203729222491408,14.453644454104436,1203.7940402604963,-1.856912462717888e-12,-583.6831695234765
138.34695820913942,58.62497692861173,-86.07531639245414,87.0024173082444,-35.60720035815269,100.50834969504346,67.90825345342905,85.51001308728691,-23.22004758332379,21.91025523077397,-3.1408279413424998,-7.182441283525672,85.19193246640495,-38.43577198749475,-0.04362683817988656,152.9547567357859,202.82452120941937,29.913969445211723,-64.21596108305995,104.67257723515473,146.68993340256563,309.51915076616467,-65.84526863860975,113.27121920222714,-153.42780565495758,70.61643802603956,-0.017454629728525895,126.7299782843738,31.179321067217483,23.261620652907535,-0.5926323013105197,143.78016750250754,180.50321620604723,14.127760155673792,-75.9440554853504,271.54846136208056,5.147215175602803,91.50871980664155,33.579089261281695,-122.71947289929174,675.1944139287173,123.19007041046694,5.158571641075627,161.76641641070384,2.0691004465334117e-11,1.7346360078269678,-103.81262916074407,-0.6622149248984059,-21.289473976932197,20.45442973064541,-15.378052408667237,211.1176358136515,-41.80937248074948,157.9451833207915,74.96237817177534,-10.461627809819454,-0.03702905298382667,185.32986589528082,74.6210821872356,0.8123104752413076,104.94593939504936,182.97778284265095,-1.8843533179214602,101.08599873668244,56.97053742346369,-3.175023041865649,-137.5607987392671,103.40231133024746,119.04141928848249,354.5621945718703,-1.7393557852123533,134.92903590512933,96.73195181687971,109.08907557074535,430.0453824005967,-11.214033076532967,-7.68922384344564,-0.040425419924230335,-22.92814736152817,-11.468265140897207,35.64122448763162,-3.201467117594527,137.4025521877649,-13.938406900100853,-1.0317764512216527,211.63701436597233,6.631732200427602e-12,-1.906375706385997,-1.3062776294992116,8.005184380434947,685.9828692300531,492.7148096104719,-1.2455122566823054,-0.5950225009183707,-2.164596815214382,-781.0951636524602,-1.856912462717888e-12,409.6949566754087
92.51834960163232,59.31816722940682,-84.87273086186295,-75.6083249474222,44.995574910178924,293.0098308966992,285.5564706150678,39.84749728063412,-75.45200780634524,22.226069061129152,-1.5942860106061927,9.970688826269917,74.37522630354754,-37.577523451612855,-0.17662715971126344,286.3703917190561,540.560454769798,38.675148445088716,-61.96115239553841,-198.98987839602867,66.91116457105956,183.91189990413343,-63.86987383582235,44.100396206170934,88.11908642567751,-97.20941710637943,-0.022412996363683393,-30.839132440293746,155.76998898549934,78.0697372136894,170.96526885715556,130.02686380790666,191.22783209178493,65.78337461619832,-70.00595252165674,122.58267944376978,12.091859667841405,49.25965945368686,323.30856505589793,365.60538452608984,415.3439260681726,146.33037941971267,-190.52513669904403,2.6123505423456193,-2.0691004465334117e-11,1.8500430628786533,24.99548152730995,0.32071917044277154,-8.74297674356207,154.88762392289826,63.132170975518186,143.27770819212407,288.6709317209529,35.447674380450295,-23.420101557297812,34.766072328704894,0.014689479503817738,0.16198822289931059,-320.71336211163333,1.483996039626361,-31.384451442129123,78.16024438913139,3.6376299081907404,-70.71858876181064,-17.423073455487113,4.433791782930074,-134.10894075997624,125.20789728406075,185.34606264090598,477.6001911818882,-0.508711982425543,-28.000899257451866,71.65936577786566,-64.45551813767842,562.304175692566,-8.9269811218821,9.108735710510352,-0.0008547747786937787,-82.9014443521313,-45.615609769944804,96.12190805181456,4.9023907280981875,5.491398477896279,-15.08861429924562,1.793111870562567,223.98004455285977,-4.452734477429961e-13,-0.0666455778115406,2.3633560517479038,9.970118543681876,189.02982671612654,107.58762896144546,2.2431720646349733,-0.027963775886771198,-1.514078245642826,-763.9444936343479,-1.856912462717888e-12,-589.1376760899012
84.06014377422099,58.009921788479964,-87.15616787487662,96.66045039497705,217.12117223437252,267.3738438553998,193.00144873650254,26.77597490501765,32.324202210636784,20.678544872116817,-4.3526655329813515,-24.93789860467725,-30.86723008033367,69.31955705602533,-0.14786534389433534,156.86719267153626,24.09896870045378,13.747172076538288,16.218314110008247,281.4771188627757,-141.61367072812112,341.31509893841496,-65.84619364855546,96.28236406898797,66.29732401189933,68.9771608546119,-0.011634788851609635,387.15310489369307,-54.88766537857655,65.23858548940699,-48.34467829385767,163.3377107439565,162.97171511331,14.11586592256693,90.15450627536245,25.427163005884502,6.153243307389583,65.35082588978209,29.381010881737904,361.6842019094997,350.19095319387344,105.6088636447575,-200.43574676137908,-81.33015281212634,-4.547473508864641e-12,-0.5882594575538374,101.34911573511923,-1.2656227608991026,-25.390812770208264,-53.486184724078825,0.6792773610631235,211.6685897670373,9.216122909475166,147.1949337075947,20.758654822883088,-51.56114644326078,-0.014449883088948724,184.96368485501154,-325.3980007415347,-0.4875796784093771,104.01933105378411,72.41848282644658,-2.0645925394565636,-214.41797658720847,61.598891795544446,-2.834272734915147,-137.4710229169397,61.479941363210855,111.84523454902036,178.25527252931008,-2.9694660654403093,-226.29182060353085,2.451567831236199,299.95004279591046,547.5857104579198,-11.910411131473513,-6.980589383150871,-0.008518366423625759,-22.8641914209491,28.712928628446303,56.152784762910905,-3.141155420845157,27.701537552023314,-16.96490190223278,-0.9085786843672283,199.43733519030724,-5.684341886080802e-14,-2.1324211738944814,-1.4455423932454547,25.747926990665814,-232.21991953962637,42.600518911054365,-1.3412513799983765,-0.861732480414373,-7.738412054663057,1185.5602562598428,2.6252649653664543e-10,-589.4844199836193
72.29190116403895,32.30117761328256,208.827886234175,71.26513353936363,8.608217028411842,124.03022363144888,165.30626065757698,85.2054246466339,33.480023115562986,397.04061769840257,-3.3610564579522926,3.198620265385445,-1.9526343511161834,-35.18374415067447,0.0909815155340989,209.80503240696987,208.25305686268533,17.410563780054336,75.13161846523528,146.7122837370904,23.891485447891448,402.4928843923691,-64.83811702773012,138.19230358499465,-85.28944427498934,71.67004473453662,0.03339533785838608,268.8259485588033,6.936180409954528,77.87805262765364,23.435522973235365,102.51851160037343,156.26669332560965,15.620628861674753,90.77026597225124,318.87715525497345,6.256430464995187,68.97564346542693,297.1423316329029,362.5594429474036,675.3356276136889,-46.617577536519526,-152.68568627020676,-39.885508910484624,-1.432454155292362e-11,2.6351728977481783,241.84357329153062,-0.7264170194086553,-20.750974170641605,97.2644999150398,29.364062686232586,215.85773530340035,9.509879836359207,110.43198858771848,5.069414842105323,-46.365232996972416,0.043924603472569074,-126.13126715975608,-323.6518836514409,2.6715890270778866,106.9621549103807,202.27267310252148,-0.9060184749485529,-212.9141877971299,65.26813308696539,-0.8438775649571478,-136.78079916970754,90.64882518324676,113.58096661232867,544.6612353841596,-2.015697053937586,-223.6170363666709,16.153580718274455,36.91786541891923,238.6334552476114,-11.390330844165184,-2.413176727331623,0.08105396815515366,-22.1482615187838,4.852147644455727,115.89829902104643,-0.8874658075557412,16.328086217737976,-14.51126169589844,-0.16156048493973624,205.86345586883832,-9.473903143468002e-15,-1.6016672794815772,-0.6192317932571441,9.754075913160891,-234.83083882580328,110.66304288646938,-0.5635446208524555,-0.7228550099519699,-3.3128709727675423,-740.97616885468,8.899527547718477e-12,-587.9813085584456
103.54746347654861,58.30556741833185,511.71189386298227,-54.28533094370842,7.981148221954727,92.63394010722521,222.2916263165276,105.05449412818737,32.724714365651764,22.06017362165491,-3.7816549966543795,8.45740428740196,-32.81292948231058,-37.48030643679847,-0.061459115361195436,235.29457767233754,386.3054991194131,67.66579510291656,74.44030181977696,141.81429863957078,172.11903315424314,328.79092449018134,-65.6036071793778,48.44761845664141,-88.18950402259301,69.47846876481366,-0.023212697057345844,99.38422157559407,-53.46610393762399,22.163160512013672,-44.869295831664196,151.83109155079495,149.26770321193044,-49.065429364362636,-75.78657057151818,80.768749086475,6.2668389061826835,73.17691969154137,-363.2049302089034,-135.60228967943402,674.5018334225712,105.67780895946208,0.18389033711788322,12.505942884460696,-6.480149750132114e-12,1.4528273385831598,21.84957473834047,-0.9876793204677143,-21.253240356194137,124.6548190277528,-28.297187527280315,213.51432313018717,-42.3246523559503,145.9810193541718,42.363704870855244,-50.91224636889766,-0.04080253457676462,32.60753876019962,260.78229693990454,0.023029467679583124,-107.60390578093552,73.92422153979997,-1.7528261183524763,213.73843606482205,64.09154615587389,-2.3849820569177496,-136.71717979411522,102.7059405149223,1.7035375607835106,286.6787483662022,-2.378174805771587,-226.0009798390896,2.359708572562296,332.20833213223403,310.99556539704946,-11.778052619659638,-6.200084894715007,-0.0457677902471835,-22.46123301763829,28.561470979444458,129.70302842009644,-2.6261934129633526,49.34229496263302,-15.694894595205813,-0.7695146667025186,208.32887611169028,4.073778351691241e-13,-1.867509353357055,-0.9251498131422593,19.34267533376397,-231.41131539662885,192.1481949403218,-0.8422438279213678,-0.7811999568922344,27.732017489284182,-768.5765258988183,-1.856912462717888e-12,-589.1300735267354
106.84923695908743,58.77431268502093,-86.72933892207395,-54.03369383112159,1.5489464111292701,132.2896671609979,219.77903621924204,64.37979805085222,-73.8100616622866,30.20725244761283,-2.8207802571738996,-19.712593996593196,45.07190573230588,57.05461134266803,0.026658463336364492,84.60636967297283,299.6050596076309,36.3941332895382,70.20934370887012,244.9755427627226,-71.45238831423954,266.9219191864625,-65.53727467553671,17.867059737228967,-76.54986854459932,21.116734953730152,0.01586969217599846,367.6839572944504,132.6110488419763,62.72007642915975,79.98061694894751,152.72386654008127,139.74879200002127,126.54887062784287,-76.13978313677026,20.458481937956876,6.159520960786999,83.14921614110193,632.9131998017681,362.5430124525151,462.0448223236942,115.88028942624153,120.78364493566856,122.09897213951074,-2.3874235921539366e-11,0.9385979625728588,-4.282362359922077,-0.8533912172467376,-21.304362007855634,-14.969155031997579,65.02185527051718,70.37420693165743,183.86263512077042,-13.364636619312757,-10.940022421443015,-50.97163378727559,0.006999298597541608,-125.259478067397,-323.25774635576147,0.9412706569555803,177.2830367113084,72.09729058351714,-1.6925189435328434,-211.2243744460208,92.9024426745471,-2.2862279082817705,-136.72637460826328,124.10106416085338,1.324957101826082,414.7196831429929,-1.4461674799169757,139.6721641866904,45.16251733759722,342.4136026245087,344.2386003812912,-11.753929840554402,-6.006150911758707,0.025684968948988154,-22.596080394636747,-47.010590414207016,194.50157912868627,-2.4918347569127612,59.646275289967065,-16.115407706833377,-0.7910249163109532,230.7546857139992,3.221127068779121e-13,-1.7466333599398058,-1.3183743731309296,22.895173297167908,-226.4480566372131,80.01089592513854,-1.2253950656236385,-0.7035514426098556,-1.4722480870729988,1164.4811824933352,-1.1588955898797073e-12,-589.2245192847125
110.21451201283065,58.935982678252564,115.3632779403064,170.84398892695557,9.463641745424962,253.74627550389178,77.33516295027174,151.37797310012888,34.07633222738165,22.270363504049726,-2.4589693576954224,-23.61320365358786,103.69875590575778,-32.68270789148682,0.10339315328832141,153.0760137677327,21.955151656722773,9.009486379336812,-77.17478755190616,169.24135821521165,73.51333120253967,370.9090363797678,-270.3583865323905,103.43099417942061,52.29805780203969,63.420543962764256,0.05062128691959671,567.1995147702522,112.79510382145712,78.15362720807052,-11.943536847012567,120.59099935108095,148.17446044495688,14.369044854144553,-73.35684354193985,242.75263014635573,6.369350835548153,32.682424652719114,29.961946247462276,362.33118586739164,674.3626779024295,121.20418601895392,8.48690115415641,80.40823475497206,7.617018127348274e-11,177.60796747367488,119.27389813286403,-0.3134207815372301,-20.415850637189862,117.25441484582595,38.84944862406465,215.69814748882456,9.568001434457972,147.010443267066,19.873708167115904,3.749030690042026,0.05160550251582571,311.281285046232,-145.39672617246939,79.2195414455047,111.76737989190092,209.81954448910315,-1.1874751695077463,-71.56072936271647,63.27082941714203,-2.152261986941731,-136.87044697995572,109.25107654435224,114.1891959500721,267.88437845176344,-1.1173442859974259,-223.63548718058448,3.3568193526266916,281.5579016715058,332.47291936461767,-11.402728188305474,-4.452661212338484,0.09145477988912114,-22.041666896989906,-9.867082017534441,189.7783402222847,-1.6029319022548374,52.888912086473695,-12.694763792732719,-0.49395751473051364,218.75108506645572,-9.473903143468002e-15,-1.4032560909868517,-0.297435251761779,18.410018256044797,-225.31534717165152,79.3135110604814,-0.16275577187734824,-0.6201816939898542,-9.458848634819992,-776.6266747787064,-1.856912462717888e-12,409.694956675417
66.38184170179176,-92.34667912718277,184.18246537505374,5.921201569840522,-42.16225858856237,321.80674763172584,172.7104673008162,66.8210728714478,-62.06215180156706,19.859876714286315,-4.533039879186309,8.382281132197832,-27.05396158392624,-26.66659327090741,0.10582470186570933,55.90808670685686,374.309229856154,67.62661334488897,48.258194445172,138.43267649441012,217.94177948978577,228.8675755278732,-284.69950213457207,100.6057469618688,-129.4654797347996,212.19044355677502,0.03544825166440608,196.20895876141088,-52.64428893439264,83.51229009316039,-17.461344353597454,94.77729482728721,154.59048348720023,14.253082431154114,-71.82633774985352,-44.20403152035345,6.656876679280721,69.12469784162113,-567.7940093000441,362.03145957696023,673.7307301655052,-63.39099757083619,-155.29635824892412,-42.48259190933405,-5.67297320230864e-11,2.2569400686129835,111.2853494197601,-0.59883662245393,-21.491312879979056,124.71620109648752,28.84173546511184,213.27845567983692,9.158493163875232,147.19518449615717,38.16570391284181,-50.57285581975702,0.017172107771105522,153.98740170401902,269.28669833542506,0.30513679091598245,-101.98623385680416,72.32226078841272,-1.5142578053058315,355.31767245594835,92.74695944324182,-2.841258250311798,-137.09054575383777,123.84306185312289,121.75158443219446,425.9964472648946,-3.16271326290661,-225.72467794889153,32.2890371247075,131.8000261028842,-68.44465605523806,-11.71222959247016,-5.639611286286688,0.04143995887872724,-22.41597204469765,28.16658046081006,128.05588085010996,-2.581638719785054,52.00518476726379,-17.11804423693248,-0.6861743605583568,214.05865050250938,-2.842170943040401e-14,-1.9747775062956947,-0.8056710474763463,8.39053358437796,-230.3954902771504,178.15954608024782,-0.6857792171319883,-0.5726585449479504,-5.341933351765483,-578.4875177548086,-1.856912462717888e-12,-589.4694187109355
105.03036765315207,58.16626622849549,308.55341522804144,6.642512487582331,93.25591914989955,-24.061070512117606,205.21073864797185,50.241620655121835,40.72707084718073,30.391626766904068,-4.001648361234996,-24.556666377126355,-33.49308546818161,-37.692039195894026,-0.23138680261363614,261.00507823824273,-18.956327376051544,18.137155906808722,64.93622605393385,288.5446362261327,75.32645916197262,334.2674516748317,-65.32312263346354,-18.246963595798476,179.32172434110976,68.63410235183724,-0.023576223098238928,583.533375419093,133.08884493043996,77.64950140346193,-12.798122554336427,151.84545980727134,172.80612801588865,-62.72869365390467,90.98257444034515,288.76115480163537,6.5553165253533985,47.26337256353327,228.99836684031334,362.25426973776615,616.9059975578857,115.60455864441381,-49.679714792908776,110.0072635263859,-6.480149750132114e-12,-0.32977044878579326,-129.08178704902983,-1.0140509277752747,-20.883102914930692,-54.15311559481535,40.95602339714917,354.5362627288372,9.645960891270233,-113.18123243626597,21.00549963923566,-49.00706090632018,-0.008170061886140544,185.4067978205754,-323.508604622485,-0.21464731792721178,-105.41602376682113,72.61913944425868,-1.3577513012965254,-34.10423109621323,32.71780990689141,-2.1219842917620713,-136.20129210319521,123.97961620515028,7.145241059958123,215.37684649916733,-2.6567771853520257,-223.61886393994249,38.443526354311736,-42.04421702769906,564.1133340890091,-11.725120496061626,-5.278265016885819,-0.014625417766564688,-22.011871469893574,-47.414331279373336,69.84002567094063,-2.059481036550677,88.74935677013856,-15.802235020771132,-0.5361145466153769,187.888123053271,-9.000207986294603e-13,-1.7006422164644015,-0.4045529608072431,13.942927991308352,-234.72255604656016,446.61531143300346,-0.27780542101482997,-0.6057353354637933,1.2633851449060896,-671.9484339186577,2.069797884382123e-12,409.6949566754159
86.74899457565778,37.01587307968492,-87.16061496761593,21.992724148593908,47.69927820636693,273.57515387810486,202.16211073319528,106.2714763032989,32.51242979241947,22.97910696049223,-4.097810359141559,14.617207933547068,-18.25924509456985,69.17621649371418,-0.025142776274875673,203.57205863754328,130.36527013489268,27.456688167487002,46.52398282972549,163.6305658030655,152.3032530457685,309.59330664398044,-66.03372389775657,83.46493578048411,-50.01138909514914,66.41139870424112,-0.009895064594624262,355.3924757117609,-16.523704563603907,69.95031003277734,-47.080529845909936,229.2517908653738,181.30207775765479,-28.309381962520817,89.83307939435024,34.82381483761887,6.099827845195325,67.31336473876578,-561.5687555768487,361.5175540273504,547.5719208380674,104.62392146260622,-3.6163848128007072,-29.21266294009333,-7.844391802791506e-12,1.4854142544304414,125.20681362902818,-1.278034851704219,-21.90319958961281,250.7674856491004,48.798261823080814,210.06838035989318,9.167962547984605,-25.133394029721902,43.61591295052159,-51.189641594910235,-0.019777950267183417,-99.22744165869437,-74.19412761952147,1.3186679531973897,174.19721444525769,71.78838051921376,-2.2090978644534713,208.7063547103037,71.4334043424609,-3.2099216243076727,-137.5224480269132,61.58700951507896,1.5643643969891712,240.62968167122426,-2.7105047044024264,135.41083733709073,-2.3727633781476434,249.99319699081994,398.9920342433841,-11.895715175589082,-8.02139546864113,-0.016986266284730392,-22.99839337487372,19.34613364320447,186.73688321497275,-3.556837476098279,13.193836007297492,-17.067090590691663,-1.0816540550863933,180.7299121618829,0.0,-2.131180566288337,-1.445184834979643,15.087454954706283,-234.7613474607622,138.84550991603106,-1.3454141029374678,-0.819163034113525,-4.08423704544568,1184.3462129557388,-1.4555527608359341e-12,-587.8385288075572
63.946615567945486,-94.78537326398371,-86.00776229483391,55.51821216567081,49.26264087840368,131.04617105226498,213.02898962045793,57.40218608111107,-72.69917770879752,770.2485759622533,-2.2619690755896147,22.574284661284754,-50.89672477788073,69.13196029775284,-0.21961358875402487,97.1396067937683,254.4357334995609,56.32186943275927,66.41805986384074,222.8975410844408,174.32983320509476,311.9033185431115,-65.46241446913326,42.741647648048996,-38.6302943887258,-62.00982507252351,-0.028146831641643444,567.6797713373891,-54.8883930596155,63.015929759241686,14.783090840049777,31.69756860484344,201.99250134999974,99.08215129308549,90.41399830662995,-29.286844062031168,5.817425293404958,70.85537267764647,-169.36549998174354,362.22221985525005,610.3221431870456,-67.66941277850262,-210.8720167017979,-61.39363910703729,-4.661160346586257e-12,-0.2508978246556977,-100.40919295494584,-1.3229191621604954,-24.55591005334731,83.81984614545698,42.020482435443185,140.21694473476558,10.51179223405127,-24.95345537779521,34.775447977676606,-51.54139567804342,-0.03244778701287081,-115.49368822712869,273.1074009568241,-0.38898682410482627,-107.88435335850325,-149.70329391495022,-1.8388358870262322,216.535988769403,62.267209605162606,-2.425636934326017,-137.11121957040942,-66.69582701595846,-144.5563369791521,322.04572226988756,-0.8677484779090342,-223.2854345153551,44.95508343829527,-43.748727689346,565.4180387028398,-11.65327682461402,-6.432675458483884,-0.03772518306593073,-22.52145895314021,29.233264580423203,55.60905838072407,-2.361744018060178,4.815626148293953,-12.201464301634658,-0.7955069498062488,224.74625401243836,-6.944371004162046e-12,-1.5481797273852365,-1.026265794433995,26.496251655469663,759.6269325090202,-110.75923226082483,-0.9556215863657973,-0.7485206171481186,-4.700527465776741,1193.8704696474438,6.309884949488825e-12,-589.7946888541328
96.24210716264263,58.77799326603615,-87.68777820256396,114.61081091767674,-45.081846926126474,129.82518595089027,110.55917982723358,89.76067831702312,32.48662165084728,21.714934049820698,-2.8437760724036436,9.285529600805628,95.13267700959408,-39.054532536408395,-0.04889033995395773,109.04111908777712,255.33946120426143,45.9113171072589,70.79933846835782,244.61436540306494,235.69219619124505,188.39580222808192,-147.85118568393364,62.94691237680856,-29.76486443217835,68.44624518473776,-0.04071188543985092,13.549253974847854,197.93474693610528,68.47910375309011,102.39845910711611,127.81029865822259,184.95547523642014,37.615442233183686,-76.00773136798507,238.45605177976495,6.170992095346068,93.2436174229474,-365.66222271211507,362.0226158346122,348.4274883539626,-20.5516693709021,221.71985289462148,-11.446455600803263,-6.821210263296962e-12,1.4510329685872485,-16.967547074080382,2.3535552048863013,-13.126997753636415,131.22938789668598,36.127127980792906,211.3597544562008,9.571846199874775,-115.49078439563387,60.876695233929716,43.19439449108107,-0.0560357303528305,-60.13187100999711,-324.1857251471048,1.1527423765343794,103.95032698097766,72.19237347585249,-1.8814321194172094,641.1261069603097,0.6877101172222306,-2.83571897169847,-137.41249826364344,124.10436758676556,0.879585786210597,392.9841037345917,-1.433323110085201,-41.328625786935916,15.411275167904405,262.3452647816933,258.5862155669167,-11.747839982979237,-7.155323390542418,-0.07013497892243983,-22.83911018508068,-41.97338557950281,210.69315977453542,-2.9535581435992224,65.35070178244631,-16.582528554067288,-0.9646873775038174,228.62930475388956,-2.842170943040401e-14,-1.7983933736254856,-1.2189678655662508,23.14179794252981,1080.5578087011356,113.74600842105394,-1.135184203197897,-0.5119770906951356,-12.349950834927169,-776.9462137903622,-1.856912462717888e-12,-585.2643523614458
53.459648984177115,-94.1207730083636,-152.1340112677014,-35.19657136946375,-46.38708853604496,142.40354363712038,211.42473269357308,118.37545009740252,-11.419283270508158,144.85053295001308,-3.4632822098123066,8.560091438357103,19.38336883950031,-27.65781332009123,0.1410381230379558,132.42507221607414,66.59803744861985,-23.623020168919055,-20.12086572830343,72.15218651901807,97.8922389904424,147.28017451824803,156.478842978535,10.309981322667293,-64.85954590572416,-60.87142998763115,0.015636077980545872,151.9782909162948,193.68387110122003,-9.954876181138927,63.524950300926974,206.7155592778898,148.18519088089016,29.229530336222957,-75.77195851644588,150.0377376787203,5.501468377134562,58.03978336522041,128.72213189684163,-130.24496035499192,565.2947507507291,-81.23496687279918,-136.45270654649497,-65.02854492849639,1.9326762412674725e-11,-0.8087086970808788,-113.5184081234578,-0.25282734996409634,-20.264566467628914,57.9201714664109,-32.95487440397877,425.59896117397096,-42.061279332835646,324.5019987100515,0.45861557151360444,-51.77579253319173,0.0013337314112474416,-127.0637019746547,-319.9407966274187,-0.7608407561728465,39.034966981854055,-143.97821093953735,-4.1789341327803005,-199.90010322114148,43.04644080849384,-2.740212717082399,-137.28149205747337,-83.24742916509042,-33.647234516893896,374.8328412925206,-2.090489176035329,-225.89251062778067,54.02478907488642,-53.86554651075913,322.8841117732648,-11.13509161679184,-6.8525806743173705,0.011118375601649813,-22.519606309372858,29.00467142780043,106.15092530704429,-2.898938676986783,-44.75974275946273,-14.328155821481483,-0.8949928502447801,150.1090982154158,-5.684341886080802e-14,-1.8574173585602192,-0.6153649186728833,19.437817655773877,-231.36095298873673,118.2372565086428,-0.6131813983494583,-0.6200255932677542,26.212103466565594,-774.3643246989778,-1.6707746299610398e-12,-263.20275668856016
55.28083883579875,58.05184127471001,113.20309046658738,79.90437106172982,2.321343481122942,349.16687105034003,205.1475738973685,56.984286012711216,-62.20698700645053,20.16979498828792,-4.309910425249414,8.351366166667932,15.676592338522942,54.52951068288549,-0.07687068422686083,-99.90366376237502,259.1562322206105,15.437031757651225,0.39212098454533856,14.428151582954094,185.6679639599721,152.9299550810503,-65.62055203629244,100.99573846956766,-113.27558194135258,-189.51040635451469,-0.006926349590462528,120.81952002415164,28.09937112732403,70.63691203074498,5.055109347427063,46.40586618824073,110.17645852959981,27.38467362514809,89.95638659474469,267.72467811062546,6.253664565593965,86.56426341307511,-169.07479087461803,361.7870512472352,353.0797380674085,-76.72668715616568,11.006434259382928,-45.65609329627373,2.0691004465334117e-11,1.425365139165491,-42.573229080303385,-1.1459200333292903,-21.74520291811638,24.07272714152345,5.622898481896505,330.63733753873083,-39.31963554451952,-20.363974569849358,29.580567221494963,-51.34408635641181,-0.019363199229027916,245.6555698428344,-324.5788740075451,0.17210757165383064,163.1290774247118,-149.21960439770257,-2.020459466859427,346.58264815655184,35.94192696486743,-3.0685558114576446,-137.2947745576397,-66.48696774796329,112.06147575999239,459.1864776845083,-2.919539027065502,-224.28178023666214,45.24924474968167,135.55715653522878,556.0690583762506,-11.825508786224994,-6.726123963455849,-0.013914481814135987,-22.809384612442987,-9.653113746183543,190.75503600995853,-2.8936407076212043,15.986706114457885,-17.27038453552664,-0.8200721391790988,215.21425129117088,-3.789561257387201e-14,-2.1015379783258146,-1.4068563652656887,15.475094333497582,-231.6756203804681,-9.404595908162047,-1.3553533011230172,-0.8240865845382284,-5.801682974879963,1179.0713995900621,-1.541714218576897e-12,-589.0047054168115
59.42645968780394,-86.76633797744972,-31.69715431302192,-79.45466569436135,-16.742013404932173,525.2907570698585,47.16744866512283,107.545659033087,26.136469682069517,769.415770444868,-3.7128873305754473,-24.329096955957276,-0.6294552599145807,9.55655688744244,-0.1688786342269652,228.5348999122797,77.79265605195744,37.72670791022644,48.696809113774115,278.9194976040231,73.72371953085857,225.65000008565485,-65.58767087991839,124.970349385257,-63.81606295476124,-143.3506939958492,-0.014299369642859378,273.1548489950875,-52.97108233092061,82.19522388052293,-48.15039022301842,185.10816902484075,142.27251410689644,21.646532674624492,89.8386148013177,-67.41846004542181,6.2889505787371585,76.56263589325432,-569.4138536932708,361.89200549375045,673.769336797099,-98.33431788598746,50.69422721320122,-55.97056321683828,-6.480149750132114e-12,0.3240612563136569,191.1247114986089,-1.2080852232174797,-21.52415320112505,37.878566959727586,17.37082473174724,282.5239206049342,9.270961774672104,188.18551625623425,10.438031972624147,-51.17561908296774,-0.005950424221379737,-122.40637784011477,-178.62294880517302,0.17911814525203718,169.63348311875689,183.33845390398358,-1.820611918842107,212.8932594395988,92.99724050082757,-3.008171096143939,-136.85089692350314,92.42437585560515,112.18544526940278,359.7058742396846,-2.3417264351737157,-225.67028648617236,7.0653409423588265,273.1348836811922,235.82996030819086,-11.745658311485613,-6.0969559269782705,0.003422055933612056,-22.198746823364996,28.486837591562544,81.4367618950901,-2.5614428196987915,16.971590300982072,-16.86655554915643,-0.747438649581831,216.18419856189942,-4.7369515717340014e-14,-1.9516757321332523,-1.1913412278076416,15.995809358641829,-234.9066890894899,108.07975946145226,-1.1228667505707959,-0.8730329277838905,-5.193003305722204,-682.2059310938894,-1.856912462717888e-12,-585.2736392410416
54.09093395996785,15.612259807194656,-84.91487404692411,164.69690639711845,24.417599434515168,136.55581106086163,134.41736420828482,75.49695293873519,33.491938511298684,21.915150372923932,-2.51846948568834,5.869297353666543,90.38801536676746,54.727770885450525,-0.22521291408428656,308.6925079017212,147.97256647220158,13.99818378325424,133.56898536570532,141.10567717394002,47.78614888445571,213.7877933416577,-65.57195777452785,75.37837655110869,-64.33214429213604,85.08947078616988,-0.02616148553318579,138.24206477898872,30.507220420083442,72.70568320501702,-15.22406870604502,184.98599018825828,152.05411067204324,-40.46297678232328,90.04595637584049,258.9617336196455,5.629875143678494,56.368618991307194,229.16012485855862,362.4638788907622,361.0619491590044,-29.727126532272692,-0.8954926556784285,-5.613869147963846,-4.433786671143025e-12,1.853517645074651,-181.90755072635835,-1.3387942997260847,-13.06976965441716,27.7601911802627,20.76774118655358,289.6745886093559,9.331561945499054,172.5627159042184,34.22562753002014,-48.97523752538797,-0.01663636968669323,7.03147306886931,-325.2605926011637,0.768826568019511,238.0779606002018,-111.95191849275027,-2.031393474523566,-214.60853532295076,70.0523531504485,-2.682498821921246,-137.3091978184095,-27.355830648507983,-68.45037876238972,500.31651681767437,-1.1406315646767535,500.21924430743036,17.27351125490431,332.64097847698696,559.2815589410491,-11.70366686415754,-6.589792127759803,-0.011750735683067434,-22.772012948323923,-46.81154056020429,204.24997873026254,-2.52825816103155,101.69067822287583,-12.740719300548909,-0.8320772128956221,159.36524822861358,6.536993168992922e-13,-1.7279557880037242,-1.284462756228862,7.903861914445822,-217.84558393585664,182.47379935403387,-1.1745327779949308,-0.875841998936353,-1.6007090707506402,-766.7211309903121,-1.856912462717888e-12,-586.3285640482378
113.26124970921263,60.29965178443648,-84.42452567586886,24.535859866808913,103.57487873907102,100.773393640022,224.576257925223,119.63830610594637,32.320679169864874,146.80683774134053,0.22794871530895083,46.06520607236666,9.19846085230313,-39.61640583576618,-0.18699146457347257,265.2496679799524,345.8976110869462,32.95262955088575,-7.735886292108954,200.35338217304025,110.23609105894995,192.0531715092289,-64.51408422774954,76.05926938556237,-86.65306224027469,70.72592091434589,-0.02181689100632177,345.05569308362254,27.941709299716255,20.067913277373144,43.35185353511146,125.44983660937855,170.2047561191468,-188.50083527759298,-74.93479080156828,327.16520141147305,6.662854308003488,74.00568307999495,29.29856571595794,-131.363328766093,662.5653925318321,135.6807763534729,14.763352383073295,181.7402464987785,-9.094947017729282e-12,-0.789196238170182,142.1018008494448,-0.8687486766732688,-10.756800574740064,148.19860874894306,-9.645877552284638,212.91589975277822,-41.78958759225953,-111.66343364860823,47.74683004149609,27.075805643774324,-0.023998787046784046,-125.6851494129492,74.07572999949045,-0.6894799717311189,-105.43248943781738,183.96259145195432,88.14547574805258,-62.884892851565404,61.9957986503028,-0.4514268698400393,-135.58653420810896,103.86111479316766,3.1881037099831415,276.22581980479714,1.6099939263773428,156.29389982258192,16.9839897939532,207.12069824014543,565.2290772984426,-11.283274985720606,-2.8685558522709367,-0.03223623376631843,-21.4220273113601,-8.736953617427162,-42.63273450056661,-0.44317190790227595,67.54780587260525,-12.667843645017376,-0.2907541866397512,215.02336784162043,9.473903143468002e-15,-0.6470537081532649,0.3392213065667853,22.76782617255705,-219.3997757178594,114.67545261392664,0.46596884665943916,-0.2706936499489321,-1.8192956510582248,-773.3661742696002,-1.856912462717888e-12,-584.2481551073507
70.37714068576422,-85.848504187193,-84.47397326076361,36.14337749330992,-9.046176427562594,100.30826729194045,64.1280906938417,122.64747850069189,33.72931605142455,518.0367652458538,-1.2158161170195518,14.750212372862457,18.746943605683047,-33.86372111221491,1.5551484859838594,54.53171717925148,176.65084114332734,55.987244480839145,82.40805239080991,100.68919638383551,145.69657233171387,430.5051696231473,-61.20151897976919,27.631420146877335,-45.22738902712347,72.81564305172209,-0.005463501369636672,421.99837027547477,68.73275340814345,26.430047307076823,37.76787778027354,84.9554457374384,256.1615144779891,95.35487842391619,91.3171342129984,126.27537732212583,6.4536704574867345,79.89823759451248,29.610845483069237,-7.892228524835391,466.61176854949736,-67.0880452117744,-43.241689070902574,-81.6884718820428,2.1600499167107046e-12,-0.8537204450333838,-12.405042812829528,0.046244737167023264,-11.095285139008551,50.945189523383064,-3.5141916924691747,139.91257808705987,-28.798597277677608,85.37268202490237,71.78242095865903,27.065288931797156,-0.027205381895002958,-125.97338980940695,73.58951187153134,-0.7749778870079884,-101.03642048397653,-135.83544386173736,-0.433730982054206,284.28930237292707,-0.3685995572454025,-1.2195260474733542,-136.5214918079734,-81.10823338982365,-27.77623503469911,298.46535868292966,0.1780052589878983,-224.01062388539629,20.755191945513836,-74.51827882170969,563.5588259632744,-11.055615162113865,-1.5916665913653827,-0.03061466530282804,-21.337234092669757,29.688051995820054,-35.41396086945571,-0.04169178831558703,127.22736750857344,-10.07320931302391,-0.036348312395504484,188.88956563456549,3.4769224536527568e-12,-0.8963814817189364,-0.20935459956145575,21.888560276496392,184.0899598031,333.81859190710594,-0.08812282150061512,0.115478083995117,-0.4731601196403329,-765.3288764434249,-1.856912462717888e-12,-589.2909938025847
126.72827530176168,62.41920705313984,-85.6958228331834,84.2773967288601,73.41098475733496,-86.98477662796233,47.2525446301451,157.42184618688447,33.50820894188005,275.4563246286705,4.528460837211509,-6.4262209559674455,20.600736942586945,-38.56437396712668,-0.09320807292276752,95.85489231274596,-97.24381320779155,28.17745191791942,109.71632428887152,310.70892408843724,34.79633579043699,386.6925726540794,-63.94871866873224,-17.972190690455243,-120.27224337917046,188.94115864880968,0.013799058202150721,428.225692380003,115.28027395183682,72.83017070184329,28.66405603841654,92.08678058910009,142.84402790602277,-1.6143639157796283,-74.81379349180277,381.2871053832425,4.841408659708968,53.16371340980796,30.79719284419094,364.8335051575043,365.65445418840153,140.51255940174926,153.08704428452668,216.42631137730936,1.0800249583553523e-11,-0.16645946875374837,-186.96489774578743,-0.6868969135072256,-14.39648122702321,104.1769594161963,55.35388325291651,354.8576025202218,11.691407590537631,130.24290579561506,17.818308028219136,-46.80988366289478,0.0435892896452227,-0.3381689145055127,-324.9281025703277,1.3088033440812699,-100.73293387838672,184.20399002784058,28.4700374121722,-207.29316271570573,26.788857677128753,-0.7500899102644477,-136.74088024947355,125.9913854473751,2.41243327331039,318.1555762904809,5.849104464212104,137.48115991266855,17.891248155259134,108.43729685522933,250.64699083722704,-11.05984208838356,-2.976483271192985,0.0719136002590738,-21.82299044534307,31.693292939696367,70.09295029583693,0.6880835208314525,21.68090928918828,1.1750214801044787,-0.23418136806035955,219.16877322987887,-1.8947806286936004e-14,0.13743979566351983,0.7931903820611415,23.05119945157368,-234.57724215521588,129.28060221696444,0.6368636559381815,-0.657502977405707,-5.398579287709118,-786.5746180626099,-1.856912462717888e-12,409.69495667540804
59.560502384325495,-95.08115577553511,513.8739685687415,-67.89431807168823,-50.19591379932393,133.5345937461601,204.58541846825307,69.41809230401626,-74.2378514780613,33.603375445910615,-2.858256221726046,24.43899430934662,-26.058008011807246,-35.683533676946894,-0.16550919852853882,10.906523946553378,346.6121129263949,41.07861148310522,35.65810630905938,144.10768645134434,246.1125332335886,289.4406775327847,-65.84935891355165,56.659181974493116,-156.18583431843297,134.6153620188128,-0.023971885004390927,-28.419540207680388,-53.805074636089785,51.81631415666436,-46.732066592288135,134.6890615232544,141.34311533076584,14.67537601970939,-76.23249477802905,-19.532474391030984,6.01919506978118,74.4942034098624,-368.42441454354343,-119.05167427506412,674.2698686548787,-69.65417055989082,126.81022519328307,-62.30127128616844,-1.2278178473934531e-11,0.03464678742871916,-69.06081997161733,-1.215755695182348,-21.53750076115126,307.22427283323134,-30.173433713933115,216.50175871868072,-41.21125991013887,-114.03251732480409,68.91711374908265,-51.566559402352745,-0.034916420379259676,30.940214756217504,-28.165109438553465,-0.27227199787267525,-92.56259121818536,-120.34971981390511,-2.2360141248290235,357.9283414316768,41.0637385769707,-3.151266195656191,-137.46892132514176,-61.935836156414226,79.79745769236868,434.3191982850152,-1.4593135011417655,136.26696100656278,25.573286597556855,314.1932995898734,245.1312544114974,-11.760739829228156,-7.857450269765842,-0.03772465008146205,-22.917793938358756,28.7780807251547,119.87271129200381,-3.2016869004733675,53.07401264326282,-16.279454602730908,-1.0534169655866665,187.9184167796381,-5.210646728907401e-13,-1.8555698224137909,-1.4464174585009946,7.855094468663361,-203.70746477735847,184.60178472117244,-1.3389807342141569,-0.8157054439750064,-1.752832618011698,-739.6575135955165,-1.856912462717888e-12,-589.5798870426935
57.76516245786046,-95.37176418093833,-86.5118656732097,-57.386593363053855,9.441247334155339,198.81914635657435,45.40814343313997,82.91221178242024,23.757340677348477,269.76466805036875,-3.391032899815263,16.346831664647805,23.377282461394465,-37.571900516369084,0.5957526138314414,41.30065403172833,172.79881375778098,4.057015813439826,71.22539795997199,144.4072925300914,120.7410718366129,492.1828423080554,-65.13020124142949,110.70465746320272,-59.74132785047685,69.1267917395746,0.06906843520777378,423.21168550563016,69.40366366298518,77.08686489276258,-45.36203165612816,221.20137013231093,202.2739824359013,30.505417551967543,-75.18451145301661,47.93787705502728,5.862259103572344,55.3941077107156,29.27963390709524,362.317028331452,674.4828634683844,-82.86140227914363,-153.78131483422612,-62.727188681433894,-6.480149750132114e-12,-0.44975523071165796,148.7407661404417,-0.7361984782964383,-20.15566251908086,53.50576538079717,35.58046311780481,355.9175340529797,9.49868645980825,254.94536719238283,34.427500143749505,-51.656774322692876,0.051013540659324265,58.04500386629028,-322.57528512640965,-0.5272424536744083,104.56958152762734,-149.2623457802509,-0.5587097557473527,212.74046562515738,86.49894967724092,-1.7126222879678237,-136.96868451677085,-66.93350368404852,112.58830072638469,224.08451020685612,-2.0405303119410356,-224.8854807413234,17.204024578481192,33.08480183313232,237.5226542619713,-11.561248390305543,-3.683557285837033,0.09170035806469602,-21.969081851727292,29.19335413054151,177.5734008085513,-1.5445137563898754,27.44165572834874,-14.566934470735749,-0.4018765884571275,190.3044453880824,-1.8947806286936004e-14,-1.6708468610511686,-0.6697330202146905,22.139430272063557,-234.81764182758363,242.33078279532842,-0.578373123308255,-0.47656567775128034,-4.99210885716068,-780.0129967330815,-1.856912462717888e-12,-584.7129808614787
50.33511669047862,-95.18594757137876,-86.91215353811529,166.66050860241324,206.59260645951485,55.77901727826494,110.11877008010677,12.70542899360565,31.34782979205948,11.343615426491056,-3.063593934485776,70.49732959366814,6.303322829794842,69.87046607025847,-0.2198388444734675,127.582541283183,-56.42088669055801,1.3701098580444109,132.66510847187362,201.79544854841967,0.6881776438385373,54.52416242159882,-65.69454369684337,49.711148184980956,241.368182381463,182.22417978479444,-0.027852575317905123,418.3859723498147,-55.55076582185723,48.9109934996109,-13.244951651859996,197.25370551998986,159.64810906697033,35.34883006455097,90.15308048325217,77.98088078984036,5.859704781053284,66.45775729218953,-568.8838583976462,361.8845736930284,-318.1796321844798,-52.45703835957487,5.043770385808721,-63.44392412421126,-2.6830093702301383e-11,-0.6860320979100891,218.6135937271952,-1.4316861054235017,-13.024403911735732,152.16263895044142,30.9875454961838,139.25842463505356,9.457525887535851,73.36555376738409,53.64911313980103,-51.69633425539037,-0.0324023944431455,-1.2727314171070532,-324.742949026152,-0.6263029372609693,246.81945328166017,71.80257811291739,-2.1637900361153584,223.6114784806459,-30.169810686205768,-3.025683710509985,-137.4674429463338,61.00530896921847,-107.16637337273114,228.80422363218045,-1.6688970929713296,-225.43918222305092,-54.268752809973925,333.3780429699855,-82.93297507431895,-11.87014195696074,-7.810581471998211,-0.036697940688571934,-22.824826239773618,29.038711424907994,55.44034387578642,-3.209747269811244,-44.27462921219964,-15.76394031421602,-1.0386324122055872,167.29013212664984,3.789561257387201e-14,-1.8900361774076138,-1.3291047878954565,27.16490973905366,-232.06796267972757,-125.7741841794433,-1.2405564486830918,-0.8138069887858302,-5.329989133643916,1201.3568170941103,1.7404431714925164e-11,-589.4359128151827
77.27289161982803,58.10347755805112,216.0555155205343,-15.622075485106908,232.06607168503737,336.82829471794037,154.7142563126008,65.73839252314761,31.970177357428188,20.23797544492865,-4.141650469582468,8.427588039979081,4.011390338491144,15.492013029036261,0.16761543160099,140.31326946153374,440.8158474459575,42.573480078465536,64.39645009290967,56.78596488277037,31.635384579660315,166.0545782383847,-84.29349087294545,112.95613324455435,-64.50637937703017,-167.29489897966067,0.03476062812432533,82.25405981638056,37.74916960324245,71.29012710286092,11.309454992201793,192.44245296008572,112.79383808514393,13.44772958307517,90.02532496392551,251.82308774981774,6.296618140175898,60.91812646652335,-36.119033250869016,361.9486580330439,673.7711023898161,-60.877483786858875,-118.70011050981284,-18.983199266231775,1.4483703125733882e-10,6.930633125135262,-13.5173097899735,-0.498764485370041,-15.741698782152332,34.60602189269968,2.3841838875047947,212.2166884885587,9.164045287840592,174.50674889815716,16.789224212345463,-46.65344115059933,0.014198529134054495,280.61118949666064,-128.5970985460385,19.628933012326087,-2.3342874029102143,-148.3893263472936,-1.4852705122428176,212.47193434633007,62.71021089643302,-2.897536618105049,-137.161022693066,-66.18460411563163,111.28347435382929,340.52124147819836,-2.7837602465676903,-225.26229918512408,-26.215041148713674,95.55318223389978,563.0336103124197,-11.762279676821676,-5.570058555364008,0.0347635593696068,-22.695560589864407,-30.710376083193353,72.00208742366114,-2.443969453374402,69.75866668682298,-16.913668280350144,-0.6687945328307878,235.40566819602088,-5.210646728907401e-13,-1.998945489092288,-1.2363915581603169,21.78133905237515,-235.09472516601588,105.12120386149726,-1.1454563643141489,-0.5737876825142197,-5.559090929170658,-318.1197382811006,-1.856912462717888e-12,-589.5420602020001
90.85011659026834,57.9236389351303,218.22923538864433,-86.91054915117687,114.50443587798014,241.77559720326633,86.598455049371,36.22397176824738,41.04545549216161,29.990853704281108,-4.499019182681463,-24.862105175387732,-64.74494994587313,-34.40179244130022,-0.03272720573903168,156.45446126940675,-132.47275541219653,1.918536600960641,105.50946466908839,189.51386180218648,61.913841102507604,340.13881634007225,-65.51367171834517,4.770761627953537,214.23939012891805,13.66040293428917,0.02275964570755562,424.600993765269,115.17960541644948,72.27608656459938,27.40548139980396,220.8940766698462,137.36491208075532,-32.2170771230108,-74.37298928619349,46.674841981933184,6.599718897974199,66.50567409082753,29.125772767258194,362.06578531908133,397.60154470630215,136.90755352718477,-133.45585384208195,25.922136440251172,-6.821210263296962e-13,-0.09188132058965928,-42.44855120486074,-0.7047589926212651,-15.38838886692242,1.1353266610903512,19.285304009650282,-72.96425662649476,8.336344502406348,-24.199179918304598,-11.105981611208648,-51.35306238087583,0.025444468124332632,311.37113335843446,-323.60370767726516,0.5155319411905006,-72.27114760139713,72.3806566710146,-1.549199032645643,-212.61856603000166,62.9059299337967,-2.3192703743767678,-136.55242353307074,123.81548637169603,84.00085364057651,66.10114979901402,-3.142031772065708,-225.29042676352674,39.498840666543,305.9808845144447,556.4184982869845,-11.82962613941185,-5.569931936700769,0.0493396738249388,-22.16461085243123,-47.65047654781437,126.11902961252294,-2.433155696729384,27.599372040222793,-16.99628727279415,-0.6325683650741034,218.38125025761505,-2.7474319116057206e-13,-1.913713426082578,-0.829574981641211,17.482078737312,101.44410825760043,113.8430178941349,-0.6832127199182807,-0.6189502969996958,-3.6368237268252837,-737.6426723347759,-1.856912462717888e-12,409.69495667540974
